antiguedad_meses,cargo_mensual,cargos_totales,soporte_tecnico,tipo_contrato,factura_electronica,churn
35,113.2,4200.88,Si,Un_Ano,No,0
40,117.14,4500.35,Sin_Internet,Un_Ano,Si,0
59,108.06,6183.8,Sin_Internet,Un_Ano,No,0
1,62.01,63.93,No,Mes_a_Mes,Si,0
44,111.06,4773.09,Si,Dos_Anos,Si,0
58,86.15,4513.49,Si,Mes_a_Mes,Si,0
54,31.02,1838.96,No,Dos_Anos,Si,0
9,41.23,351.67,No,Un_Ano,No,0
25,61.58,1460.79,No,Mes_a_Mes,No,1
38,54.09,1904.94,Si,Dos_Anos,Si,0
25,56.92,1325.66,No,Dos_Anos,Si,0
7,94.82,664.0,No,Dos_Anos,Si,1
46,30.59,1530.9,Si,Dos_Anos,No,0
35,82.55,3003.2,No,Mes_a_Mes,Si,0
61,56.98,3585.32,Si,Dos_Anos,No,0
1,108.83,105.82,No,Un_Ano,Si,0
20,30.43,646.71,Si,Mes_a_Mes,No,1
58,117.31,6767.72,No,Mes_a_Mes,Si,0
65,32.69,2106.8,Si,Un_Ano,Si,0
37,66.27,2694.5,Si,Dos_Anos,Si,0
24,106.42,2609.73,Sin_Internet,Un_Ano,No,1
5,55.58,298.36,No,Mes_a_Mes,No,0
11,105.76,1169.08,Sin_Internet,Mes_a_Mes,Si,1
35,116.5,3801.64,Si,Un_Ano,Si,0
29,36.66,1166.75,No,Mes_a_Mes,No,0
23,70.34,1668.19,Si,Mes_a_Mes,No,0
24,46.93,1047.18,No,Un_Ano,Si,0
65,97.87,6666.97,Sin_Internet,Un_Ano,No,0
44,35.26,1532.56,Si,Mes_a_Mes,No,0
26,98.6,2728.9,No,Mes_a_Mes,No,0
56,89.16,4770.35,Si,Mes_a_Mes,Si,0
20,84.98,1849.95,No,Mes_a_Mes,Si,1
66,66.26,4195.82,Si,Un_Ano,No,0
33,72.65,2635.89,No,Mes_a_Mes,No,0
47,34.54,1688.37,Sin_Internet,Un_Ano,No,1
45,50.64,2493.59,No,Mes_a_Mes,Si,0
45,111.77,5255.14,Si,Mes_a_Mes,Si,1
70,66.99,4927.67,Si,Un_Ano,No,0
12,63.27,701.75,Si,Mes_a_Mes,Si,0
56,29.5,1491.76,No,Un_Ano,No,0
67,109.01,6699.51,Si,Mes_a_Mes,Si,0
22,96.57,2097.89,Si,Un_Ano,Si,0
38,33.71,1255.89,Si,Un_Ano,No,0
43,39.27,1581.84,Si,Un_Ano,Si,0
6,36.75,200.37,No,Un_Ano,Si,0
11,87.05,994.34,No,Mes_a_Mes,No,1
17,40.1,640.51,Si,Dos_Anos,Si,0
13,119.53,1702.62,No,Mes_a_Mes,Si,0
48,79.5,3513.35,Si,Mes_a_Mes,Si,0
38,107.66,3979.44,No,Dos_Anos,Si,1
38,94.36,3570.57,Si,Un_Ano,Si,0
49,27.33,1263.77,Sin_Internet,Un_Ano,Si,0
65,65.01,4228.47,Si,Un_Ano,Si,0
50,59.35,2744.63,Si,Mes_a_Mes,Si,0
13,115.46,1351.37,No,Dos_Anos,Si,0
3,57.14,178.22,Sin_Internet,Mes_a_Mes,Si,1
28,90.31,2697.87,No,Mes_a_Mes,Si,0
70,81.0,5754.7,Si,Mes_a_Mes,No,1
46,94.98,4131.84,No,Mes_a_Mes,Si,0
46,30.82,1387.82,No,Un_Ano,Si,0
9,113.42,1046.56,Si,Mes_a_Mes,No,0
62,119.34,6707.34,No,Dos_Anos,No,0
45,77.66,3211.09,No,Mes_a_Mes,Si,0
33,40.61,1462.94,No,Mes_a_Mes,Si,0
4,107.6,445.77,Si,Mes_a_Mes,Si,1
13,86.5,1168.8,Sin_Internet,Mes_a_Mes,Si,0
52,84.27,4033.67,Sin_Internet,Dos_Anos,Si,0
38,109.07,3923.29,Si,Mes_a_Mes,Si,1
65,94.49,6008.14,No,Mes_a_Mes,No,0
46,112.38,4864.72,No,Mes_a_Mes,Si,1
1,115.97,123.15,Si,Mes_a_Mes,Si,0
32,57.76,1887.67,No,Dos_Anos,No,0
49,43.8,2016.07,No,Un_Ano,No,0
19,61.62,1234.21,No,Mes_a_Mes,Si,1
52,116.91,6128.83,No,Mes_a_Mes,Si,0
39,43.18,1585.62,No,Mes_a_Mes,Si,1
62,81.16,5376.96,No,Un_Ano,Si,1
41,33.0,1274.52,No,Mes_a_Mes,Si,0
20,104.09,2161.17,Sin_Internet,Dos_Anos,Si,1
22,88.48,1907.59,No,Un_Ano,No,0
31,74.6,2427.98,Sin_Internet,Dos_Anos,No,0
56,84.85,4678.86,Sin_Internet,Dos_Anos,Si,1
19,36.12,656.99,No,Mes_a_Mes,Si,0
66,106.84,7701.59,No,Un_Ano,Si,0
66,57.31,3978.18,No,Mes_a_Mes,Si,1
38,41.07,1662.93,No,Mes_a_Mes,No,0
39,26.41,991.45,Si,Mes_a_Mes,No,0
28,30.77,835.36,Sin_Internet,Mes_a_Mes,No,0
11,88.81,912.98,Si,Un_Ano,No,0
21,93.25,1937.39,No,Mes_a_Mes,Si,1
29,39.14,1247.88,Si,Un_Ano,Si,0
42,82.54,3528.72,Si,Mes_a_Mes,No,0
12,70.89,888.83,Si,Un_Ano,Si,0
2,114.03,238.89,No,Mes_a_Mes,Si,1
40,88.19,3317.92,Si,Un_Ano,Si,0
63,74.43,4272.72,Si,Dos_Anos,No,0
33,51.96,1584.91,Sin_Internet,Mes_a_Mes,Si,0
46,68.87,3307.22,No,Mes_a_Mes,No,0
10,48.47,480.41,No,Dos_Anos,Si,1
11,89.45,1063.59,Sin_Internet,Mes_a_Mes,Si,1
16,81.44,1268.25,No,Mes_a_Mes,Si,1
8,53.15,391.41,No,Un_Ano,Si,0
47,26.15,1344.2,Sin_Internet,Mes_a_Mes,Si,0
46,118.36,5336.44,No,Un_Ano,No,0
4,30.03,128.49,No,Mes_a_Mes,Si,1
44,76.97,3079.2,Si,Un_Ano,Si,0
17,105.94,1750.32,Si,Un_Ano,Si,0
5,84.0,427.93,Si,Un_Ano,Si,0
53,80.76,4300.91,No,Mes_a_Mes,No,1
5,92.93,485.81,Si,Mes_a_Mes,Si,1
35,54.27,2044.96,Si,Dos_Anos,Si,0
23,62.02,1500.24,No,Mes_a_Mes,No,0
22,33.03,699.06,Si,Un_Ano,Si,1
59,25.45,1642.5,Si,Un_Ano,Si,0
66,50.13,3585.88,No,Un_Ano,No,0
36,102.35,3780.43,Si,Mes_a_Mes,Si,0
67,83.1,5578.81,Si,Mes_a_Mes,Si,0
28,38.24,1074.24,No,Mes_a_Mes,No,1
23,65.51,1577.61,No,Mes_a_Mes,No,1
13,26.86,348.02,Si,Mes_a_Mes,Si,0
69,101.21,7662.93,Sin_Internet,Mes_a_Mes,Si,0
30,68.8,2150.89,No,Dos_Anos,Si,0
56,51.3,2722.36,No,Dos_Anos,Si,0
60,97.97,6064.51,No,Mes_a_Mes,Si,0
21,117.18,2453.12,Si,Dos_Anos,Si,0
42,63.31,2478.13,No,Un_Ano,No,0
48,97.72,4708.23,Si,Mes_a_Mes,Si,1
22,55.52,1309.14,Sin_Internet,Mes_a_Mes,Si,1
68,97.01,5969.51,Si,Un_Ano,Si,0
50,116.69,6244.37,No,Mes_a_Mes,Si,0
63,86.78,5669.6,Si,Mes_a_Mes,Si,1
48,47.7,2392.94,Si,Mes_a_Mes,No,0
66,90.56,6446.31,No,Dos_Anos,Si,0
55,105.24,6301.87,No,Mes_a_Mes,Si,0
36,63.35,2187.16,No,Un_Ano,Si,0
29,84.09,2643.03,Sin_Internet,Mes_a_Mes,Si,0
47,48.99,2172.0,No,Dos_Anos,Si,0
50,68.18,3166.53,Si,Mes_a_Mes,Si,0
9,40.75,370.77,Si,Dos_Anos,Si,0
62,104.38,7025.08,No,Un_Ano,Si,0
5,34.19,155.71,No,Un_Ano,No,0
7,30.3,213.29,Si,Dos_Anos,Si,0
44,75.77,3452.9,No,Un_Ano,Si,0
37,80.34,3118.49,Si,Mes_a_Mes,No,0
3,112.24,336.98,Si,Un_Ano,No,1
15,44.31,674.61,Si,Mes_a_Mes,No,0
3,98.91,293.98,Si,Un_Ano,Si,0
14,86.19,1260.54,Si,Mes_a_Mes,Si,1
4,95.46,372.62,No,Mes_a_Mes,No,0
35,39.96,1337.17,No,Mes_a_Mes,No,0
8,67.41,513.69,Sin_Internet,Mes_a_Mes,Si,1
35,58.83,2122.22,Si,Mes_a_Mes,Si,0
68,91.46,6747.41,No,Mes_a_Mes,Si,0
36,81.39,2797.39,Sin_Internet,Mes_a_Mes,Si,0
44,116.92,4887.08,Sin_Internet,Un_Ano,Si,0
64,38.18,2548.91,Si,Mes_a_Mes,Si,0
67,69.99,4228.97,No,Dos_Anos,Si,0
20,90.92,1939.95,No,Mes_a_Mes,Si,1
57,60.03,3339.1,Si,Mes_a_Mes,No,1
55,112.7,6696.46,No,Mes_a_Mes,No,1
14,105.99,1545.75,Sin_Internet,Un_Ano,Si,0
1,107.93,114.25,Si,Mes_a_Mes,Si,1
57,82.86,4412.43,No,Un_Ano,Si,1
14,69.81,950.79,Si,Un_Ano,No,0
51,59.95,2923.27,Si,Mes_a_Mes,Si,1
58,36.37,2200.21,No,Mes_a_Mes,Si,0
9,115.08,936.86,No,Un_Ano,Si,0
48,50.04,2459.2,Sin_Internet,Dos_Anos,Si,0
27,101.2,2933.56,Si,Mes_a_Mes,Si,0
28,26.13,664.87,No,Un_Ano,No,0
56,61.24,3285.88,No,Mes_a_Mes,Si,1
34,79.26,2537.43,No,Dos_Anos,No,0
2,54.87,120.67,Si,Un_Ano,Si,1
24,43.42,1143.29,Sin_Internet,Un_Ano,Si,0
49,31.79,1440.67,No,Mes_a_Mes,No,0
40,118.97,4468.29,No,Mes_a_Mes,No,1
8,109.21,790.32,No,Mes_a_Mes,Si,1
69,54.67,3822.2,No,Mes_a_Mes,Si,0
67,26.5,1841.49,Si,Mes_a_Mes,No,0
30,76.35,2361.28,No,Mes_a_Mes,Si,1
52,55.54,2749.45,Si,Mes_a_Mes,Si,0
39,36.0,1320.69,Si,Dos_Anos,Si,0
71,100.08,6474.33,No,Mes_a_Mes,Si,1
13,57.13,762.4,Si,Mes_a_Mes,No,1
2,117.42,222.89,Si,Mes_a_Mes,Si,1
66,92.09,5577.99,Si,Mes_a_Mes,Si,0
66,104.77,6713.62,No,Mes_a_Mes,Si,0
15,84.07,1172.39,Si,Mes_a_Mes,Si,1
59,78.36,4629.01,Si,Mes_a_Mes,No,1
18,65.66,1098.94,Si,Mes_a_Mes,No,1
69,32.9,2491.93,No,Mes_a_Mes,Si,0
30,95.05,2757.72,No,Dos_Anos,Si,0
5,57.28,284.96,No,Mes_a_Mes,Si,1
40,43.68,1780.97,No,Mes_a_Mes,No,0
21,35.87,806.09,Si,Mes_a_Mes,Si,1
64,32.44,2262.17,No,Un_Ano,Si,0
8,70.16,546.35,Si,Un_Ano,No,1
6,104.51,617.47,No,Mes_a_Mes,No,0
68,37.23,2354.91,No,Mes_a_Mes,Si,1
58,73.9,4020.15,Si,Mes_a_Mes,Si,0
52,61.02,3314.06,No,Mes_a_Mes,Si,0
30,76.29,2259.07,No,Un_Ano,Si,0
57,30.51,1858.12,Si,Dos_Anos,Si,0
27,75.84,2059.62,Si,Un_Ano,Si,0
44,77.25,3251.28,No,Mes_a_Mes,No,0
69,107.66,7694.94,Si,Mes_a_Mes,Si,0
11,43.95,480.82,No,Dos_Anos,Si,0
43,102.4,4746.85,No,Mes_a_Mes,No,0
35,96.38,3286.84,Si,Mes_a_Mes,Si,0
11,111.87,1170.19,No,Un_Ano,Si,1
54,111.73,5960.34,No,Mes_a_Mes,No,0
50,97.78,5230.3,Si,Mes_a_Mes,Si,1
61,112.9,7333.73,No,Un_Ano,No,0
5,49.6,267.52,Sin_Internet,Un_Ano,No,0
26,39.78,1106.61,No,Un_Ano,No,0
33,51.64,1646.23,Si,Dos_Anos,No,0
23,104.79,2454.63,Sin_Internet,Mes_a_Mes,Si,1
58,54.78,3364.51,No,Dos_Anos,Si,0
71,102.77,7791.55,Si,Mes_a_Mes,Si,1
9,60.34,532.39,Sin_Internet,Mes_a_Mes,No,1
16,100.95,1619.59,No,Dos_Anos,Si,1
44,105.48,4446.81,Sin_Internet,Mes_a_Mes,Si,0
28,89.4,2602.24,Sin_Internet,Mes_a_Mes,No,0
23,118.06,2808.71,No,Mes_a_Mes,Si,0
12,94.38,1153.03,Si,Mes_a_Mes,Si,1
42,48.29,2079.82,No,Un_Ano,No,0
9,118.52,1151.73,Sin_Internet,Mes_a_Mes,No,1
58,89.96,5551.67,No,Un_Ano,Si,0
19,66.4,1166.93,No,Mes_a_Mes,Si,1
36,71.73,2656.0,Sin_Internet,Dos_Anos,No,0
66,97.78,6016.7,Si,Mes_a_Mes,Si,0
57,96.56,5116.88,Sin_Internet,Mes_a_Mes,No,1
57,104.91,5919.15,Si,Mes_a_Mes,Si,0
25,47.87,1193.29,Sin_Internet,Dos_Anos,Si,0
13,115.07,1377.47,Sin_Internet,Dos_Anos,No,1
59,49.84,2947.51,No,Mes_a_Mes,Si,1
13,70.65,859.03,No,Mes_a_Mes,Si,1
27,45.08,1229.49,Sin_Internet,Un_Ano,No,0
40,66.26,2826.44,Sin_Internet,Mes_a_Mes,No,0
52,86.74,4136.97,No,Dos_Anos,No,0
17,71.73,1194.84,Sin_Internet,Mes_a_Mes,No,0
51,48.61,2347.08,No,Mes_a_Mes,No,0
2,61.77,125.38,Sin_Internet,Dos_Anos,No,0
12,81.48,1054.71,No,Un_Ano,Si,1
28,110.29,2901.15,Sin_Internet,Un_Ano,Si,1
25,65.25,1688.77,No,Mes_a_Mes,Si,0
31,79.61,2267.07,No,Mes_a_Mes,Si,1
27,111.53,3038.89,Si,Un_Ano,No,0
59,104.9,6407.05,No,Dos_Anos,Si,0
1,42.61,44.07,No,Mes_a_Mes,Si,1
35,59.37,2176.96,No,Dos_Anos,No,0
1,99.93,98.28,Si,Un_Ano,Si,1
9,94.45,894.26,Si,Dos_Anos,Si,0
33,97.89,3212.86,No,Un_Ano,No,1
44,40.15,1704.03,No,Mes_a_Mes,Si,0
53,68.71,3511.96,Si,Mes_a_Mes,Si,1
47,91.04,4001.33,No,Mes_a_Mes,No,0
46,63.56,3052.74,Si,Mes_a_Mes,Si,1
18,78.63,1318.43,No,Un_Ano,Si,0
16,97.17,1597.07,No,Un_Ano,Si,1
59,72.85,4440.3,Sin_Internet,Dos_Anos,No,0
52,82.97,4130.33,Sin_Internet,Mes_a_Mes,No,0
53,57.6,3045.86,No,Un_Ano,No,0
60,59.68,3703.21,No,Dos_Anos,No,0
9,42.83,346.94,No,Mes_a_Mes,Si,1
28,119.22,3187.77,Sin_Internet,Mes_a_Mes,Si,1
66,82.67,5324.88,Sin_Internet,Mes_a_Mes,No,1
22,43.47,1038.75,No,Dos_Anos,Si,0
35,40.62,1411.53,No,Un_Ano,Si,0
41,46.71,1917.78,Si,Mes_a_Mes,No,0
31,93.19,2983.72,No,Dos_Anos,Si,0
63,72.39,4516.32,Sin_Internet,Mes_a_Mes,Si,0
59,75.88,4416.38,Sin_Internet,Mes_a_Mes,No,0
10,91.13,997.76,No,Un_Ano,Si,1
36,94.25,3604.94,Sin_Internet,Un_Ano,No,0
47,95.93,4690.65,Si,Dos_Anos,No,0
58,32.58,1882.28,Si,Un_Ano,No,0
47,104.08,4741.4,Sin_Internet,Un_Ano,Si,0
22,41.57,931.35,No,Mes_a_Mes,Si,1
30,85.31,2531.77,No,Mes_a_Mes,No,0
23,46.42,1060.53,Sin_Internet,Mes_a_Mes,No,0
47,103.49,4593.2,Sin_Internet,Mes_a_Mes,No,1
54,97.69,5582.57,Sin_Internet,Un_Ano,No,0
16,41.65,705.19,Si,Mes_a_Mes,Si,1
10,77.28,742.03,No,Dos_Anos,No,0
36,93.56,3226.11,No,Dos_Anos,No,0
28,41.08,1099.18,Si,Dos_Anos,No,0
42,38.91,1523.96,Si,Un_Ano,Si,0
17,60.7,1105.83,Si,Mes_a_Mes,Si,1
48,112.27,5136.31,No,Un_Ano,No,0
52,31.44,1699.84,Sin_Internet,Mes_a_Mes,Si,0
60,59.09,3261.53,Si,Dos_Anos,Si,0
39,101.6,4148.94,No,Un_Ano,No,0
51,57.7,2735.13,Si,Un_Ano,Si,0
51,30.23,1436.52,Si,Un_Ano,No,0
5,85.1,453.71,No,Dos_Anos,No,0
64,116.0,7113.56,Si,Mes_a_Mes,Si,0
36,80.07,2693.65,Si,Mes_a_Mes,No,1
39,102.37,4021.89,Si,Mes_a_Mes,Si,0
11,26.35,265.2,No,Un_Ano,Si,0
54,87.75,4937.92,Si,Un_Ano,Si,0
4,39.34,168.1,No,Un_Ano,Si,0
48,91.36,4164.61,Sin_Internet,Mes_a_Mes,Si,1
55,79.16,4526.21,Si,Un_Ano,No,0
33,46.06,1384.33,Si,Mes_a_Mes,Si,0
1,80.58,80.23,No,Mes_a_Mes,Si,0
34,89.24,3308.42,No,Mes_a_Mes,Si,1
29,110.7,3234.74,No,Un_Ano,No,0
67,109.44,7201.64,No,Un_Ano,No,0
24,113.96,2464.74,Si,Mes_a_Mes,Si,0
66,104.91,6586.06,Sin_Internet,Dos_Anos,No,1
71,76.38,5345.41,Sin_Internet,Mes_a_Mes,No,0
61,105.67,6287.85,No,Mes_a_Mes,Si,0
43,93.61,3976.09,No,Mes_a_Mes,Si,0
45,95.1,3871.79,Si,Mes_a_Mes,Si,0
35,39.68,1397.48,No,Dos_Anos,Si,0
33,42.07,1319.27,No,Dos_Anos,No,0
69,42.13,2849.18,Sin_Internet,Mes_a_Mes,Si,1
67,44.87,3238.63,No,Mes_a_Mes,Si,0
12,64.71,827.48,No,Dos_Anos,No,0
68,54.96,3661.02,No,Mes_a_Mes,No,0
32,29.66,864.47,No,Mes_a_Mes,No,0
24,93.79,2426.04,Sin_Internet,Dos_Anos,Si,1
51,63.31,3163.58,No,Mes_a_Mes,Si,0
66,32.41,2130.31,Si,Un_Ano,Si,0
69,99.96,6325.73,Si,Un_Ano,Si,0
12,26.86,334.73,No,Un_Ano,No,0
25,78.19,2037.68,Si,Mes_a_Mes,No,1
24,96.93,2283.83,Si,Mes_a_Mes,Si,1
44,60.4,2864.3,Sin_Internet,Un_Ano,Si,0
45,79.54,3256.19,Si,Un_Ano,Si,0
57,29.82,1634.31,No,Dos_Anos,No,0
45,47.52,2013.03,No,Mes_a_Mes,No,0
18,88.04,1647.45,No,Mes_a_Mes,No,1
51,100.08,4802.6,No,Mes_a_Mes,Si,1
20,35.86,746.28,No,Dos_Anos,No,0
29,116.79,3587.79,No,Mes_a_Mes,No,0
63,62.48,4159.22,Sin_Internet,Un_Ano,No,0
34,112.84,3474.43,No,Mes_a_Mes,Si,1
68,76.27,5632.92,No,Mes_a_Mes,No,1
5,86.18,449.4,No,Mes_a_Mes,Si,1
22,41.71,975.02,Si,Mes_a_Mes,Si,1
25,109.05,2805.72,No,Mes_a_Mes,Si,0
62,33.31,2077.25,No,Mes_a_Mes,No,0
1,118.81,122.25,Sin_Internet,Un_Ano,Si,0
40,62.24,2419.96,Si,Un_Ano,Si,0
31,40.62,1248.6,No,Mes_a_Mes,Si,0
5,82.55,430.29,Si,Mes_a_Mes,No,1
48,107.24,5320.11,No,Mes_a_Mes,Si,1
51,62.72,3258.56,Sin_Internet,Mes_a_Mes,Si,0
29,25.82,681.27,No,Un_Ano,No,0
51,107.87,5267.89,No,Un_Ano,Si,1
55,80.23,4503.96,No,Dos_Anos,No,1
42,33.82,1410.11,No,Dos_Anos,No,0
20,111.07,2149.46,No,Un_Ano,Si,0
60,98.46,6164.02,No,Mes_a_Mes,Si,0
39,75.6,2881.78,Si,Mes_a_Mes,Si,1
61,67.44,4449.87,Sin_Internet,Mes_a_Mes,Si,0
64,92.06,5929.19,No,Mes_a_Mes,No,0
23,59.4,1361.69,No,Mes_a_Mes,No,1
9,87.21,759.33,No,Mes_a_Mes,No,1
53,39.34,1932.49,No,Mes_a_Mes,Si,1
51,38.53,1772.3,Sin_Internet,Un_Ano,Si,0
32,54.55,1807.36,Si,Dos_Anos,Si,0
52,109.15,5182.43,Si,Mes_a_Mes,Si,0
12,105.78,1224.94,Sin_Internet,Dos_Anos,Si,0
66,71.75,5091.26,No,Mes_a_Mes,Si,0
21,80.62,1685.6,No,Un_Ano,No,1
40,84.62,3644.32,Si,Un_Ano,Si,0
11,60.45,606.64,No,Mes_a_Mes,Si,1
61,91.63,5973.3,No,Mes_a_Mes,Si,1
28,82.77,2517.56,Sin_Internet,Mes_a_Mes,Si,1
5,58.66,317.56,No,Dos_Anos,Si,0
63,51.97,3167.06,No,Mes_a_Mes,Si,0
15,118.17,1629.01,No,Mes_a_Mes,No,1
32,52.01,1802.48,Sin_Internet,Dos_Anos,Si,0
41,41.54,1586.43,No,Un_Ano,No,0
36,104.29,3788.98,No,Mes_a_Mes,No,1
9,102.03,901.27,No,Mes_a_Mes,Si,0
44,47.68,2290.03,Sin_Internet,Mes_a_Mes,Si,0
7,105.63,726.98,Si,Un_Ano,Si,1
44,111.61,4783.46,Si,Mes_a_Mes,No,1
44,56.52,2530.05,Si,Un_Ano,Si,0
6,56.21,339.13,Sin_Internet,Mes_a_Mes,Si,0
16,37.44,593.3,No,Mes_a_Mes,No,0
66,83.03,5482.82,Sin_Internet,Mes_a_Mes,Si,0
4,90.93,334.51,Si,Mes_a_Mes,No,1
64,31.97,2224.05,Si,Un_Ano,Si,0
5,44.85,213.05,Sin_Internet,Mes_a_Mes,Si,1
37,50.69,1901.84,No,Mes_a_Mes,Si,1
26,67.38,1589.12,Sin_Internet,Un_Ano,Si,0
30,103.25,2970.92,Si,Mes_a_Mes,Si,0
2,46.3,96.09,No,Dos_Anos,No,0
18,101.72,1815.35,Sin_Internet,Dos_Anos,Si,0
7,109.53,802.0,No,Un_Ano,No,0
20,44.05,820.28,Si,Mes_a_Mes,Si,1
15,119.32,1964.51,No,Dos_Anos,Si,1
52,74.09,3810.86,No,Dos_Anos,Si,0
28,77.42,2184.58,No,Dos_Anos,Si,0
64,83.53,5086.73,Sin_Internet,Mes_a_Mes,Si,1
67,101.27,6566.81,Si,Un_Ano,No,0
3,87.06,269.26,No,Dos_Anos,No,1
57,94.81,5233.1,No,Mes_a_Mes,Si,1
55,66.77,3832.87,Sin_Internet,Un_Ano,Si,0
12,81.05,930.95,Si,Mes_a_Mes,No,1
64,48.47,3266.77,No,Un_Ano,No,0
57,59.51,3510.77,Sin_Internet,Dos_Anos,No,0
36,85.0,2883.81,Si,Mes_a_Mes,Si,0
8,28.9,210.39,No,Dos_Anos,No,1
9,79.97,781.66,Si,Mes_a_Mes,Si,1
35,77.32,2562.87,Si,Mes_a_Mes,Si,0
35,42.74,1518.99,No,Mes_a_Mes,No,1
11,113.68,1199.92,Si,Un_Ano,Si,0
6,32.95,203.96,Si,Dos_Anos,No,0
25,29.89,777.33,Sin_Internet,Dos_Anos,Si,0
1,106.82,97.73,No,Dos_Anos,Si,0
9,104.83,858.56,Si,Mes_a_Mes,Si,1
29,62.64,1994.85,No,Mes_a_Mes,Si,0
46,117.66,5702.51,No,Un_Ano,Si,0
32,117.67,3585.89,Si,Dos_Anos,Si,0
31,36.87,1141.0,Si,Mes_a_Mes,Si,0
6,70.55,462.07,Si,Mes_a_Mes,Si,0
29,30.07,879.68,No,Un_Ano,Si,0
31,58.99,1799.17,Sin_Internet,Mes_a_Mes,No,0
16,31.81,461.89,Si,Dos_Anos,Si,0
4,40.27,163.81,Si,Dos_Anos,No,0
8,109.8,945.45,No,Mes_a_Mes,No,1
65,105.21,6897.21,No,Dos_Anos,No,0
37,106.5,4162.57,No,Mes_a_Mes,Si,1
30,28.1,908.08,Sin_Internet,Dos_Anos,Si,0
24,79.07,1862.5,No,Mes_a_Mes,No,1
43,98.54,4162.29,Si,Un_Ano,No,0
11,90.71,1081.9,Si,Un_Ano,Si,0
61,72.56,4285.07,No,Un_Ano,Si,0
38,36.57,1434.55,Si,Mes_a_Mes,Si,0
48,98.53,4842.85,Si,Un_Ano,Si,0
26,109.54,2839.59,Si,Mes_a_Mes,No,0
24,50.5,1246.42,No,Dos_Anos,Si,0
12,76.26,952.3,Sin_Internet,Mes_a_Mes,Si,1
17,71.59,1320.43,Si,Mes_a_Mes,No,0
53,94.65,5318.2,Si,Un_Ano,No,0
14,112.97,1536.67,No,Un_Ano,No,1
25,68.05,1678.16,Si,Un_Ano,Si,0
13,68.94,968.57,Sin_Internet,Mes_a_Mes,Si,1
37,46.48,1640.97,Si,Dos_Anos,No,0
10,42.03,405.58,Si,Dos_Anos,No,0
7,28.67,208.28,No,Mes_a_Mes,No,1
14,102.67,1325.49,No,Mes_a_Mes,Si,0
5,63.23,334.31,Si,Un_Ano,No,0
13,31.96,452.74,Si,Mes_a_Mes,Si,0
20,77.36,1591.5,Sin_Internet,Un_Ano,Si,1
28,56.86,1455.87,No,Un_Ano,Si,0
52,117.29,5780.13,Si,Mes_a_Mes,Si,0
39,67.54,2422.02,Si,Mes_a_Mes,No,0
21,34.76,702.09,Sin_Internet,Un_Ano,Si,0
64,85.63,5962.1,Sin_Internet,Un_Ano,Si,0
17,100.38,1658.41,Si,Dos_Anos,Si,1
70,80.22,5260.92,No,Dos_Anos,Si,0
25,98.61,2544.91,Si,Mes_a_Mes,Si,0
19,53.47,1097.13,Si,Dos_Anos,Si,0
11,75.47,752.88,Sin_Internet,Un_Ano,Si,0
32,103.57,3425.88,Sin_Internet,Un_Ano,No,0
10,32.14,307.84,Si,Mes_a_Mes,No,1
44,49.65,2129.58,Sin_Internet,Dos_Anos,No,0
59,84.55,4726.3,No,Dos_Anos,No,0
2,73.07,158.01,Sin_Internet,Mes_a_Mes,No,0
12,98.11,1268.21,Sin_Internet,Un_Ano,No,0
65,41.92,2781.91,Sin_Internet,Mes_a_Mes,Si,0
68,105.5,6479.67,Si,Mes_a_Mes,Si,0
17,83.76,1551.1,No,Mes_a_Mes,Si,0
53,44.31,2333.12,Sin_Internet,Mes_a_Mes,No,0
19,30.37,575.75,No,Dos_Anos,No,0
1,118.29,124.75,Si,Mes_a_Mes,Si,1
52,67.18,3572.8,No,Dos_Anos,Si,0
17,50.42,792.24,No,Dos_Anos,No,1
58,42.13,2250.68,No,Mes_a_Mes,Si,0
71,48.2,3252.55,No,Un_Ano,No,0
62,71.53,4053.98,No,Mes_a_Mes,No,0
33,106.03,3732.01,No,Mes_a_Mes,Si,0
70,44.81,2847.78,No,Mes_a_Mes,Si,1
52,59.98,3397.16,Sin_Internet,Dos_Anos,No,0
6,100.74,557.43,Si,Mes_a_Mes,No,0
64,88.12,6043.07,Sin_Internet,Dos_Anos,No,0
59,27.73,1550.09,No,Mes_a_Mes,Si,0
22,48.78,1107.66,Sin_Internet,Mes_a_Mes,No,1
69,37.1,2479.07,No,Un_Ano,Si,0
2,28.92,52.83,Si,Dos_Anos,Si,0
46,114.98,5532.83,Sin_Internet,Un_Ano,Si,0
62,83.99,5528.02,No,Mes_a_Mes,No,0
52,76.47,3816.38,Sin_Internet,Mes_a_Mes,Si,0
45,106.71,5075.26,No,Dos_Anos,Si,0
53,81.19,4266.49,No,Mes_a_Mes,Si,1
36,79.88,3007.68,Si,Mes_a_Mes,Si,0
51,44.18,2318.65,Sin_Internet,Mes_a_Mes,No,0
18,83.94,1640.82,Sin_Internet,Dos_Anos,No,1
12,88.46,1025.0,Si,Dos_Anos,Si,0
57,108.73,5714.25,No,Mes_a_Mes,Si,0
46,65.41,3182.34,No,Mes_a_Mes,No,1
41,44.37,1932.98,No,Dos_Anos,Si,0
20,79.08,1431.7,No,Mes_a_Mes,No,1
20,117.39,2172.25,No,Dos_Anos,Si,1
10,32.15,342.86,Sin_Internet,Mes_a_Mes,Si,1
62,25.33,1602.06,Sin_Internet,Mes_a_Mes,No,1
64,28.41,1801.09,Si,Mes_a_Mes,No,0
24,103.98,2658.58,No,Mes_a_Mes,Si,1
41,25.11,977.21,Si,Mes_a_Mes,No,0
33,46.05,1466.43,No,Mes_a_Mes,Si,0
34,118.25,4240.44,Si,Un_Ano,Si,0
59,95.85,5758.11,No,Dos_Anos,Si,0
10,45.79,431.2,No,Un_Ano,No,1
5,46.08,248.55,Si,Mes_a_Mes,Si,0
37,68.54,2786.71,Si,Un_Ano,Si,0
31,32.22,927.81,No,Mes_a_Mes,No,0
23,87.04,1920.45,Si,Mes_a_Mes,No,1
11,72.18,833.59,Sin_Internet,Mes_a_Mes,Si,0
22,64.83,1318.85,Si,Mes_a_Mes,Si,1
37,71.58,2629.69,Si,Un_Ano,Si,0
27,50.83,1295.12,Si,Un_Ano,Si,0
1,45.29,46.78,No,Mes_a_Mes,No,0
63,31.51,1929.46,No,Un_Ano,No,0
5,84.42,451.49,Si,Mes_a_Mes,Si,1
11,71.94,784.74,Sin_Internet,Mes_a_Mes,Si,0
40,92.55,3729.04,Sin_Internet,Mes_a_Mes,No,0
28,109.97,3318.72,Si,Un_Ano,Si,0
29,119.34,3646.76,No,Mes_a_Mes,Si,0
16,46.61,791.82,Si,Mes_a_Mes,Si,1
1,40.96,36.97,Si,Mes_a_Mes,Si,0
63,111.65,7255.33,Si,Un_Ano,Si,0
4,63.15,250.88,Si,Mes_a_Mes,Si,0
51,101.33,5564.4,Sin_Internet,Mes_a_Mes,Si,0
61,37.86,2096.19,Sin_Internet,Mes_a_Mes,Si,0
26,53.01,1473.29,Si,Dos_Anos,Si,0
2,26.05,48.3,Sin_Internet,Un_Ano,Si,0
67,119.04,8122.19,No,Un_Ano,Si,0
45,25.54,1201.37,Si,Mes_a_Mes,No,0
60,41.31,2328.67,Si,Mes_a_Mes,No,0
20,77.96,1455.26,No,Mes_a_Mes,No,1
19,105.79,2083.29,Sin_Internet,Dos_Anos,Si,0
37,100.44,3468.94,No,Mes_a_Mes,No,0
15,49.05,737.67,Sin_Internet,Un_Ano,No,0
70,108.62,7242.27,Si,Mes_a_Mes,No,0
65,31.61,1862.2,Sin_Internet,Un_Ano,Si,0
13,56.52,671.15,Si,Mes_a_Mes,Si,0
56,49.99,2593.07,No,Dos_Anos,Si,0
57,87.31,5021.72,Sin_Internet,Dos_Anos,Si,0
3,28.63,80.93,Si,Dos_Anos,Si,0
45,106.16,5111.12,Si,Mes_a_Mes,No,1
28,116.33,2949.24,No,Mes_a_Mes,No,1
33,47.44,1615.46,Si,Dos_Anos,No,0
25,110.69,2540.06,No,Mes_a_Mes,Si,0
62,111.09,7425.32,Si,Dos_Anos,Si,0
65,84.51,4989.06,Si,Mes_a_Mes,No,1
71,73.16,4823.51,No,Un_Ano,Si,0
38,98.6,3580.2,Si,Un_Ano,Si,0
28,74.21,1911.9,No,Mes_a_Mes,Si,0
30,95.71,3107.62,No,Dos_Anos,Si,0
1,33.82,31.33,No,Mes_a_Mes,Si,0
18,52.09,859.42,Si,Dos_Anos,Si,0
2,62.46,113.92,Si,Un_Ano,No,0
71,44.48,3351.36,Si,Mes_a_Mes,No,0
59,46.89,2849.44,No,Mes_a_Mes,No,0
50,97.36,5118.12,No,Mes_a_Mes,Si,0
18,41.49,777.43,No,Mes_a_Mes,No,0
7,35.65,272.9,No,Mes_a_Mes,Si,1
61,51.64,3319.18,Si,Mes_a_Mes,No,0
68,40.2,2669.39,Si,Mes_a_Mes,Si,1
17,44.29,721.27,Sin_Internet,Mes_a_Mes,No,0
69,99.38,6571.95,Si,Dos_Anos,Si,0
55,66.9,3541.67,Sin_Internet,Mes_a_Mes,Si,1
13,66.24,807.11,No,Mes_a_Mes,Si,1
68,74.86,4981.69,Si,Mes_a_Mes,Si,0
40,33.47,1234.39,Si,Un_Ano,Si,0
15,118.78,1709.41,No,Dos_Anos,Si,0
28,105.48,2761.56,No,Mes_a_Mes,Si,0
57,52.81,3262.8,No,Mes_a_Mes,Si,0
64,30.39,1929.89,Sin_Internet,Un_Ano,Si,0
5,83.65,445.24,No,Mes_a_Mes,Si,1
62,81.25,5126.62,Sin_Internet,Mes_a_Mes,No,0
42,54.44,2331.54,Si,Dos_Anos,Si,0
66,57.36,3409.61,Si,Mes_a_Mes,Si,0
20,74.95,1352.92,Sin_Internet,Mes_a_Mes,No,1
40,108.52,4148.73,No,Mes_a_Mes,No,1
27,35.38,871.02,Si,Dos_Anos,Si,0
21,73.43,1473.32,No,Dos_Anos,Si,0
20,66.52,1361.8,No,Mes_a_Mes,Si,1
32,69.31,2310.7,Si,Dos_Anos,No,0
54,111.43,6152.35,Si,Un_Ano,No,0
36,76.71,2791.61,Si,Mes_a_Mes,Si,1
58,91.02,4837.06,No,Mes_a_Mes,No,0
67,111.7,6927.54,Sin_Internet,Mes_a_Mes,Si,0
30,53.73,1463.94,No,Mes_a_Mes,No,0
68,59.08,4268.47,Si,Mes_a_Mes,No,0
7,46.52,314.15,Sin_Internet,Mes_a_Mes,Si,0
24,86.93,2045.57,Sin_Internet,Un_Ano,Si,0
9,49.11,452.97,Si,Un_Ano,No,0
34,47.29,1758.65,Si,Mes_a_Mes,No,0
55,118.74,6681.03,Sin_Internet,Dos_Anos,Si,0
12,91.25,1011.19,No,Mes_a_Mes,No,0
58,102.37,6415.52,No,Dos_Anos,No,0
59,117.04,6531.97,No,Mes_a_Mes,Si,0
68,117.25,8436.45,Si,Un_Ano,No,0
17,56.64,1010.57,Si,Dos_Anos,Si,0
30,74.28,2190.55,No,Dos_Anos,No,0
63,112.72,7132.88,No,Mes_a_Mes,No,0
62,27.44,1608.94,Sin_Internet,Mes_a_Mes,No,1
62,112.04,7227.94,Si,Dos_Anos,No,0
18,106.51,2100.95,Si,Un_Ano,No,0
21,69.46,1437.41,Si,Dos_Anos,Si,0
35,74.11,2852.15,Sin_Internet,Un_Ano,No,0
17,29.53,477.15,No,Mes_a_Mes,Si,0
54,77.8,3882.42,Si,Mes_a_Mes,Si,0
24,36.7,968.61,No,Mes_a_Mes,Si,0
15,50.07,732.44,Si,Un_Ano,No,0
14,101.38,1521.33,No,Mes_a_Mes,No,0
47,72.94,3105.59,No,Un_Ano,Si,0
31,96.43,3065.91,No,Dos_Anos,Si,0
58,113.52,5930.11,Si,Mes_a_Mes,Si,1
40,41.26,1651.89,Sin_Internet,Un_Ano,Si,0
62,49.65,3223.94,Si,Dos_Anos,Si,0
54,80.76,4466.88,Si,Dos_Anos,Si,0
60,115.21,7089.06,Sin_Internet,Mes_a_Mes,Si,0
11,99.03,1051.55,Si,Un_Ano,No,1
26,85.74,2288.87,Sin_Internet,Mes_a_Mes,Si,0
27,89.52,2588.54,No,Dos_Anos,No,0
30,66.1,1981.67,Si,Mes_a_Mes,Si,0
53,63.35,3385.55,No,Mes_a_Mes,Si,1
37,118.75,4691.11,Sin_Internet,Mes_a_Mes,Si,1
3,106.36,294.95,Si,Mes_a_Mes,No,1
69,97.29,6848.73,Sin_Internet,Mes_a_Mes,Si,1
9,93.37,836.03,Si,Mes_a_Mes,Si,1
26,78.88,2016.95,No,Mes_a_Mes,Si,0
35,56.26,1932.73,Si,Mes_a_Mes,Si,0
69,66.12,4683.51,Si,Mes_a_Mes,Si,1
11,30.59,363.25,No,Mes_a_Mes,Si,0
30,33.48,1034.54,No,Mes_a_Mes,No,0
21,61.52,1231.04,No,Un_Ano,Si,0
4,35.99,133.53,No,Un_Ano,No,0
17,62.82,1170.09,Si,Un_Ano,No,1
60,45.27,2609.81,Sin_Internet,Mes_a_Mes,No,0
31,58.25,1793.54,Si,Un_Ano,No,0
6,61.03,330.83,Sin_Internet,Un_Ano,No,0
39,100.46,4161.77,No,Un_Ano,Si,0
42,90.13,4007.37,Sin_Internet,Mes_a_Mes,No,1
50,102.42,5320.4,No,Dos_Anos,Si,0
27,59.66,1564.45,Si,Dos_Anos,No,0
2,103.45,201.67,Si,Dos_Anos,Si,1
65,115.22,7483.32,No,Mes_a_Mes,No,0
14,51.36,704.95,No,Un_Ano,Si,0
15,93.28,1306.42,Si,Mes_a_Mes,Si,1
51,30.47,1470.37,Si,Dos_Anos,Si,0
22,74.5,1583.54,Sin_Internet,Mes_a_Mes,Si,1
58,39.85,2089.36,Si,Mes_a_Mes,Si,0
62,104.13,6251.08,No,Un_Ano,No,0
50,64.36,3424.65,No,Mes_a_Mes,Si,0
41,82.41,3358.03,Si,Mes_a_Mes,Si,1
32,80.31,2408.34,No,Un_Ano,No,0
33,34.91,1196.91,Si,Dos_Anos,Si,0
65,34.51,2028.54,No,Mes_a_Mes,Si,0
41,79.3,3026.68,No,Mes_a_Mes,No,1
59,54.92,3293.51,Sin_Internet,Un_Ano,No,0
58,35.58,2134.79,Si,Dos_Anos,Si,0
4,54.45,208.86,Si,Dos_Anos,Si,1
3,43.11,123.59,No,Un_Ano,Si,0
66,28.77,1716.78,No,Mes_a_Mes,Si,0
36,61.08,2104.3,Si,Dos_Anos,Si,0
23,89.67,2251.87,Si,Dos_Anos,No,0
11,35.76,385.26,Si,Mes_a_Mes,Si,1
35,80.59,2723.52,Sin_Internet,Un_Ano,No,0
29,39.41,1171.82,No,Mes_a_Mes,Si,1
61,31.5,2109.46,No,Mes_a_Mes,Si,0
62,33.76,2067.05,Si,Mes_a_Mes,Si,1
7,44.93,289.03,No,Mes_a_Mes,Si,0
19,69.23,1372.57,Si,Mes_a_Mes,Si,0
70,67.23,5080.17,Si,Mes_a_Mes,Si,0
62,70.26,4513.27,No,Mes_a_Mes,No,0
23,60.71,1395.57,No,Mes_a_Mes,Si,0
53,108.62,5464.92,Si,Un_Ano,No,0
11,109.04,1186.48,No,Mes_a_Mes,No,1
35,87.5,3014.87,Sin_Internet,Mes_a_Mes,Si,0
13,55.78,792.24,Si,Mes_a_Mes,Si,1
70,42.58,2704.56,Si,Un_Ano,Si,0
61,91.28,5417.36,Si,Dos_Anos,No,0
39,119.67,4490.76,Sin_Internet,Un_Ano,Si,0
68,102.84,7667.45,Si,Mes_a_Mes,No,0
43,56.14,2175.74,No,Un_Ano,Si,0
42,43.22,1739.9,No,Un_Ano,No,0
16,102.68,1798.57,No,Mes_a_Mes,Si,0
11,63.21,647.92,Sin_Internet,Un_Ano,Si,0
63,80.57,5369.61,No,Mes_a_Mes,Si,0
31,29.04,911.71,No,Dos_Anos,No,0
70,101.61,7690.18,No,Mes_a_Mes,Si,0
24,44.21,1140.22,Sin_Internet,Dos_Anos,Si,0
55,97.53,5445.94,No,Mes_a_Mes,Si,0
1,87.73,88.68,No,Dos_Anos,Si,1
38,64.19,2269.01,No,Un_Ano,Si,0
56,75.68,3865.48,Si,Mes_a_Mes,No,0
46,76.07,3661.65,No,Mes_a_Mes,Si,0
6,46.4,284.67,Sin_Internet,Dos_Anos,No,0
32,37.28,1263.43,Sin_Internet,Dos_Anos,No,0
12,101.96,1105.62,No,Dos_Anos,No,1
34,90.56,3346.11,Sin_Internet,Dos_Anos,Si,0
66,84.03,5072.39,No,Mes_a_Mes,Si,1
44,51.44,2446.53,No,Mes_a_Mes,Si,0
21,63.2,1245.24,No,Dos_Anos,Si,0
70,38.99,2598.29,Sin_Internet,Mes_a_Mes,No,0
6,96.67,623.15,Si,Un_Ano,No,1
12,26.43,314.08,No,Mes_a_Mes,No,0
4,25.27,105.01,No,Un_Ano,Si,0
7,74.49,563.14,Si,Mes_a_Mes,No,0
7,57.7,387.07,Sin_Internet,Dos_Anos,No,0
47,38.67,1685.09,Sin_Internet,Mes_a_Mes,Si,0
22,93.69,2077.86,Sin_Internet,Dos_Anos,No,0
27,113.55,2997.33,Si,Un_Ano,Si,0
38,51.66,2080.38,No,Mes_a_Mes,No,1
14,82.25,1037.51,Sin_Internet,Un_Ano,Si,0
40,95.76,3891.98,Sin_Internet,Mes_a_Mes,No,1
50,83.5,4188.3,Si,Mes_a_Mes,No,1
32,61.38,2101.54,No,Mes_a_Mes,Si,0
69,77.78,5449.0,Sin_Internet,Mes_a_Mes,Si,0
66,93.84,6807.43,No,Un_Ano,No,0
5,114.6,518.74,Si,Mes_a_Mes,Si,1
40,98.37,3937.61,No,Mes_a_Mes,Si,0
38,54.93,2286.06,Sin_Internet,Un_Ano,Si,0
62,88.82,5997.61,Sin_Internet,Mes_a_Mes,No,0
2,112.04,211.47,Si,Mes_a_Mes,Si,1
40,74.3,3166.5,Si,Mes_a_Mes,Si,1
71,34.08,2567.46,Sin_Internet,Un_Ano,Si,0
50,85.91,4692.82,No,Mes_a_Mes,No,1
22,82.47,1817.74,Si,Mes_a_Mes,Si,1
7,37.77,265.94,Si,Mes_a_Mes,No,1
35,47.76,1767.37,Sin_Internet,Mes_a_Mes,Si,0
24,88.83,2344.68,Si,Mes_a_Mes,Si,0
36,117.5,4068.53,Si,Un_Ano,No,0
53,41.51,2280.68,No,Un_Ano,Si,0
26,83.34,2241.01,No,Mes_a_Mes,Si,0
56,70.02,4201.34,No,Un_Ano,Si,0
43,57.27,2536.24,No,Mes_a_Mes,Si,1
41,111.85,4547.51,No,Mes_a_Mes,Si,1
38,114.04,4169.56,No,Mes_a_Mes,No,0
7,40.52,310.26,No,Mes_a_Mes,Si,0
40,92.1,3562.97,Si,Un_Ano,Si,0
24,98.53,2248.92,No,Dos_Anos,Si,1
22,112.71,2624.76,Sin_Internet,Mes_a_Mes,Si,0
46,31.95,1469.01,Sin_Internet,Un_Ano,Si,0
23,113.53,2445.77,Sin_Internet,Mes_a_Mes,Si,1
7,48.4,329.25,No,Mes_a_Mes,Si,1
34,106.53,3407.21,No,Dos_Anos,Si,0
11,103.68,1074.11,Si,Mes_a_Mes,Si,0
43,100.39,3950.53,Si,Mes_a_Mes,No,1
11,52.91,598.91,No,Mes_a_Mes,No,1
43,97.17,4070.73,Si,Mes_a_Mes,No,0
25,49.87,1136.91,No,Un_Ano,No,0
31,54.43,1738.28,Si,Mes_a_Mes,Si,0
26,102.63,2559.96,Si,Un_Ano,No,0
71,80.51,5329.86,No,Un_Ano,No,0
45,53.63,2635.53,Sin_Internet,Mes_a_Mes,No,0
58,91.46,4853.55,No,Mes_a_Mes,Si,0
64,106.47,6659.63,Sin_Internet,Un_Ano,Si,0
20,77.97,1595.43,Si,Mes_a_Mes,Si,1
62,45.78,3118.46,No,Mes_a_Mes,Si,0
61,80.08,4476.95,No,Mes_a_Mes,No,0
54,80.63,4729.79,Si,Mes_a_Mes,Si,1
35,84.94,3199.36,No,Un_Ano,Si,0
34,99.17,3560.04,Sin_Internet,Mes_a_Mes,Si,1
1,118.18,108.79,Sin_Internet,Mes_a_Mes,No,1
9,35.44,305.62,No,Mes_a_Mes,Si,0
21,43.2,865.67,Si,Mes_a_Mes,Si,1
22,102.42,2268.68,No,Mes_a_Mes,Si,1
31,75.25,2155.44,Si,Mes_a_Mes,Si,1
37,95.83,3769.99,No,Mes_a_Mes,Si,0
48,64.52,3209.8,Sin_Internet,Un_Ano,Si,0
2,104.69,224.5,Sin_Internet,Mes_a_Mes,No,1
16,65.01,982.46,Si,Mes_a_Mes,Si,1
50,114.94,5885.47,Sin_Internet,Mes_a_Mes,No,1
23,62.15,1529.78,No,Mes_a_Mes,No,0
6,51.73,282.47,No,Un_Ano,Si,0
61,34.69,2137.5,Si,Mes_a_Mes,Si,1
36,105.61,3974.74,No,Mes_a_Mes,Si,0
22,115.19,2469.09,No,Mes_a_Mes,Si,1
62,109.96,6617.82,No,Mes_a_Mes,Si,1
11,97.2,969.19,Sin_Internet,Dos_Anos,No,0
45,66.07,2967.03,Si,Mes_a_Mes,Si,0
56,54.26,3097.09,Si,Mes_a_Mes,Si,0
45,52.03,2453.92,No,Dos_Anos,Si,0
44,97.16,3921.35,Sin_Internet,Mes_a_Mes,Si,1
1,57.76,56.8,Sin_Internet,Mes_a_Mes,Si,1
28,99.59,2653.3,No,Mes_a_Mes,No,0
4,118.32,445.53,No,Mes_a_Mes,No,1
4,42.94,163.02,No,Mes_a_Mes,No,1
58,35.84,2020.75,No,Mes_a_Mes,No,0
42,36.35,1597.78,Sin_Internet,Un_Ano,Si,0
68,30.6,2054.04,Sin_Internet,Un_Ano,Si,0
65,90.64,5376.88,No,Dos_Anos,Si,1
40,81.33,3153.91,No,Mes_a_Mes,No,1
7,78.63,507.44,Si,Mes_a_Mes,No,1
2,80.25,151.25,No,Mes_a_Mes,Si,1
34,31.61,995.06,No,Mes_a_Mes,No,0
51,52.67,2939.74,Sin_Internet,Dos_Anos,No,0
12,50.26,648.97,No,Dos_Anos,Si,1
56,70.51,4047.23,No,Mes_a_Mes,Si,0
16,108.5,1649.39,No,Un_Ano,No,0
8,117.36,877.72,Si,Mes_a_Mes,No,0
42,83.14,3730.69,Si,Mes_a_Mes,Si,1
6,48.45,265.86,No,Mes_a_Mes,Si,1
49,61.16,3112.65,Sin_Internet,Dos_Anos,No,0
11,55.91,589.78,Si,Mes_a_Mes,Si,1
62,44.39,2746.46,No,Mes_a_Mes,No,0
30,117.96,3700.67,Si,Mes_a_Mes,No,1
10,37.5,340.23,No,Un_Ano,No,0
18,78.81,1326.53,Sin_Internet,Mes_a_Mes,Si,0
62,100.87,6437.99,Sin_Internet,Mes_a_Mes,Si,0
9,114.26,1114.67,No,Mes_a_Mes,Si,1
6,44.09,251.74,Si,Mes_a_Mes,Si,0
2,43.27,80.48,Si,Mes_a_Mes,Si,0
26,72.23,2037.54,Sin_Internet,Mes_a_Mes,No,0
9,61.51,594.04,Si,Un_Ano,Si,0
5,48.69,263.4,Si,Mes_a_Mes,Si,0
17,33.97,534.15,Si,Un_Ano,No,0
62,59.64,4010.91,Sin_Internet,Dos_Anos,Si,0
47,51.75,2471.8,Si,Un_Ano,No,0
39,41.34,1666.09,No,Un_Ano,No,0
59,59.98,3506.35,Sin_Internet,Un_Ano,No,0
6,32.76,190.88,Si,Mes_a_Mes,No,1
68,112.13,7034.45,No,Dos_Anos,Si,0
38,81.91,2940.53,Si,Dos_Anos,No,0
56,70.53,4018.9,No,Mes_a_Mes,Si,0
14,37.32,503.34,Si,Mes_a_Mes,Si,1
54,98.86,4932.4,No,Mes_a_Mes,Si,1
32,32.16,1072.27,No,Mes_a_Mes,No,0
31,118.58,3696.96,No,Dos_Anos,Si,0
69,105.06,6583.79,No,Mes_a_Mes,Si,1
17,69.74,1226.49,Sin_Internet,Un_Ano,Si,0
4,88.82,380.97,Si,Mes_a_Mes,Si,1
6,33.45,211.77,No,Dos_Anos,No,0
64,71.41,4958.42,Sin_Internet,Mes_a_Mes,Si,0
30,102.86,2985.76,No,Dos_Anos,No,0
9,32.43,267.82,Sin_Internet,Dos_Anos,Si,0
24,45.62,1141.77,No,Un_Ano,Si,0
20,98.84,2135.72,Sin_Internet,Mes_a_Mes,Si,1
13,68.55,858.89,Si,Mes_a_Mes,Si,1
55,88.17,4621.78,Si,Un_Ano,Si,0
19,102.72,2035.55,No,Un_Ano,No,0
47,38.82,1907.81,Sin_Internet,Mes_a_Mes,Si,0
71,69.51,5260.49,Si,Mes_a_Mes,Si,0
67,78.45,5514.62,No,Mes_a_Mes,Si,1
40,83.42,3270.35,No,Mes_a_Mes,No,1
58,105.54,6027.06,No,Un_Ano,Si,0
31,70.25,2310.43,No,Mes_a_Mes,Si,0
45,55.14,2365.75,No,Mes_a_Mes,Si,1
54,101.23,5038.69,No,Mes_a_Mes,No,0
27,110.2,2807.56,No,Un_Ano,No,0
52,59.07,3074.92,No,Mes_a_Mes,No,0
55,94.0,5242.88,No,Un_Ano,No,0
27,45.13,1113.87,No,Mes_a_Mes,No,0
45,33.56,1450.81,Si,Dos_Anos,No,0
43,60.77,2743.4,No,Un_Ano,No,0
42,63.66,2867.55,Si,Mes_a_Mes,Si,1
6,35.83,199.07,Sin_Internet,Dos_Anos,No,0
48,34.72,1672.8,No,Mes_a_Mes,No,0
58,92.09,4967.06,Si,Mes_a_Mes,Si,1
27,93.29,2630.69,No,Mes_a_Mes,Si,0
32,31.89,950.47,Sin_Internet,Un_Ano,Si,0
38,73.14,2555.12,Si,Mes_a_Mes,Si,0
53,78.17,4093.89,No,Dos_Anos,No,0
27,72.37,1795.61,Si,Un_Ano,Si,0
40,118.02,5019.23,Sin_Internet,Mes_a_Mes,Si,1
35,68.48,2553.48,Si,Mes_a_Mes,No,1
62,76.8,4772.77,No,Mes_a_Mes,Si,0
1,54.47,55.26,No,Un_Ano,No,0
27,48.97,1225.03,Si,Un_Ano,No,0
22,102.8,2160.57,Si,Mes_a_Mes,No,0
48,113.15,5019.52,Si,Mes_a_Mes,Si,0
24,55.57,1257.49,Sin_Internet,Mes_a_Mes,Si,1
23,105.53,2375.99,No,Mes_a_Mes,No,1
53,65.06,3573.59,No,Mes_a_Mes,No,0
35,74.83,2738.46,No,Dos_Anos,Si,0
27,41.92,1119.27,Si,Un_Ano,Si,0
7,80.52,540.31,No,Mes_a_Mes,Si,0
24,115.5,2943.67,Si,Mes_a_Mes,Si,1
23,29.8,676.84,Sin_Internet,Un_Ano,No,0
7,49.82,352.96,Sin_Internet,Mes_a_Mes,Si,1
56,90.97,4856.66,No,Mes_a_Mes,No,1
22,50.53,1015.28,Sin_Internet,Un_Ano,Si,0
20,59.96,1118.74,Sin_Internet,Mes_a_Mes,Si,0
6,52.56,328.8,Sin_Internet,Mes_a_Mes,No,0
31,116.91,3462.25,Sin_Internet,Un_Ano,No,0
62,71.28,4089.13,No,Dos_Anos,Si,0
42,37.72,1629.24,Si,Mes_a_Mes,No,0
13,36.62,473.97,No,Un_Ano,Si,1
27,54.48,1330.7,No,Dos_Anos,Si,0
47,63.09,3256.31,No,Mes_a_Mes,Si,1
57,52.44,2918.67,Sin_Internet,Dos_Anos,Si,0
4,77.3,318.8,Sin_Internet,Mes_a_Mes,Si,0
22,107.82,2601.45,No,Mes_a_Mes,No,0
54,99.88,5538.7,No,Mes_a_Mes,No,0
1,80.0,76.99,Sin_Internet,Mes_a_Mes,No,1
51,93.8,4772.63,Si,Un_Ano,Si,0
63,87.93,5099.52,Si,Mes_a_Mes,No,0
30,31.27,876.04,No,Un_Ano,No,0
34,85.3,2790.95,No,Un_Ano,Si,0
29,107.85,2867.9,No,Mes_a_Mes,Si,1
68,103.85,6515.93,No,Mes_a_Mes,Si,0
71,69.65,5280.96,Sin_Internet,Un_Ano,Si,0
57,55.96,3029.98,No,Mes_a_Mes,Si,0
33,60.89,1938.06,Sin_Internet,Un_Ano,Si,0
65,78.75,4784.58,Sin_Internet,Un_Ano,Si,0
34,63.91,2131.31,Si,Un_Ano,No,0
50,58.11,3020.44,No,Mes_a_Mes,No,0
57,36.27,2251.52,Si,Mes_a_Mes,Si,0
49,35.09,1732.75,Si,Mes_a_Mes,Si,0
48,27.79,1280.62,No,Mes_a_Mes,Si,0
56,119.42,6700.71,No,Dos_Anos,Si,0
12,59.45,660.27,No,Un_Ano,Si,1
56,31.9,1849.69,No,Dos_Anos,Si,1
9,78.93,686.0,No,Mes_a_Mes,No,0
29,89.13,2814.74,No,Dos_Anos,No,0
37,89.67,3422.99,No,Un_Ano,Si,0
21,117.09,2447.15,No,Mes_a_Mes,Si,1
1,45.26,42.82,No,Mes_a_Mes,Si,1
65,110.0,6566.47,Sin_Internet,Dos_Anos,Si,0
27,111.09,2812.37,Sin_Internet,Mes_a_Mes,Si,0
24,68.49,1666.78,No,Dos_Anos,No,1
49,115.52,5682.66,No,Un_Ano,Si,0
34,44.17,1354.44,No,Un_Ano,Si,0
57,57.25,3422.54,No,Mes_a_Mes,Si,0
50,97.14,4410.3,No,Mes_a_Mes,No,0
46,114.79,4834.7,Sin_Internet,Dos_Anos,No,1
10,32.4,337.73,Si,Mes_a_Mes,Si,1
7,88.91,640.56,No,Mes_a_Mes,Si,1
14,114.6,1513.09,Si,Mes_a_Mes,Si,0
15,34.78,538.69,No,Mes_a_Mes,Si,0
51,42.39,1953.9,No,Dos_Anos,No,0
55,89.34,4695.62,No,Mes_a_Mes,Si,0
32,85.05,2862.88,Si,Mes_a_Mes,No,1
59,53.35,3131.73,No,Un_Ano,Si,0
39,113.97,4760.93,Sin_Internet,Mes_a_Mes,No,1
47,61.73,2694.53,No,Mes_a_Mes,Si,1
33,57.43,2032.64,Si,Mes_a_Mes,No,0
33,104.92,3452.78,Si,Dos_Anos,No,0
38,78.36,2740.35,No,Mes_a_Mes,Si,1
21,66.99,1279.23,Sin_Internet,Mes_a_Mes,No,0
69,76.75,4767.55,Si,Un_Ano,Si,0
43,93.11,4113.47,Sin_Internet,Un_Ano,Si,0
11,32.92,341.99,Si,Mes_a_Mes,Si,1
60,56.7,3161.11,No,Un_Ano,No,0
46,106.75,5010.1,No,Un_Ano,No,0
56,94.59,5200.79,No,Mes_a_Mes,Si,1
41,32.0,1298.75,Sin_Internet,Mes_a_Mes,Si,1
43,68.73,2739.06,No,Mes_a_Mes,Si,0
52,54.26,2682.26,Si,Un_Ano,No,0
48,100.33,4429.62,No,Mes_a_Mes,Si,0
12,38.66,448.61,Si,Mes_a_Mes,No,0
7,38.77,261.0,Si,Mes_a_Mes,Si,1
44,95.45,4433.0,Sin_Internet,Dos_Anos,Si,0
6,118.78,782.06,No,Mes_a_Mes,Si,0
19,62.05,1296.65,Sin_Internet,Mes_a_Mes,No,1
16,107.03,1673.42,Sin_Internet,Dos_Anos,No,0
11,62.82,731.53,No,Dos_Anos,Si,0
59,87.39,4928.24,Sin_Internet,Un_Ano,No,0
35,71.24,2315.38,No,Mes_a_Mes,Si,0
60,95.61,5897.17,Si,Mes_a_Mes,Si,0
35,30.43,1060.13,No,Dos_Anos,Si,0
17,77.2,1336.99,No,Mes_a_Mes,Si,1
39,119.84,4548.78,Si,Un_Ano,No,0
4,96.4,370.33,Sin_Internet,Mes_a_Mes,No,1
48,46.87,2442.25,Si,Mes_a_Mes,Si,1
71,54.04,4131.13,Sin_Internet,Un_Ano,No,0
48,90.47,4015.81,Sin_Internet,Mes_a_Mes,Si,1
62,39.15,2501.24,No,Un_Ano,Si,0
23,25.67,573.63,Si,Mes_a_Mes,Si,1
60,98.42,5984.96,No,Mes_a_Mes,Si,0
28,81.95,2160.23,No,Dos_Anos,Si,0
42,88.93,3902.13,Si,Mes_a_Mes,Si,1
38,27.1,990.63,Si,Dos_Anos,No,0
58,60.97,3669.61,Sin_Internet,Dos_Anos,No,0
63,75.52,4418.25,No,Mes_a_Mes,No,1
59,91.29,4991.52,Si,Un_Ano,No,0
21,105.23,2142.51,Si,Mes_a_Mes,Si,0
50,52.22,2870.63,No,Un_Ano,Si,0
2,111.16,238.37,Si,Un_Ano,No,0
13,88.85,1182.95,Sin_Internet,Un_Ano,Si,1
56,62.86,3385.58,Sin_Internet,Mes_a_Mes,Si,0
17,87.88,1393.58,Sin_Internet,Mes_a_Mes,No,1
45,87.8,4143.74,Si,Dos_Anos,Si,0
53,45.29,2258.33,Sin_Internet,Un_Ano,No,0
37,25.59,930.06,No,Dos_Anos,Si,0
14,36.65,516.1,No,Mes_a_Mes,No,1
70,115.72,7440.29,No,Mes_a_Mes,No,1
41,106.54,4612.21,Si,Un_Ano,Si,0
56,41.38,2521.79,No,Dos_Anos,Si,0
44,87.65,3584.07,Si,Mes_a_Mes,Si,0
22,112.04,2646.08,No,Mes_a_Mes,Si,0
23,112.03,2568.81,Si,Mes_a_Mes,No,1
44,78.62,3207.29,Si,Mes_a_Mes,Si,0
32,93.73,3064.03,No,Dos_Anos,No,0
37,62.44,2509.08,No,Mes_a_Mes,No,1
46,31.85,1599.12,No,Un_Ano,Si,0
39,75.23,3062.93,Si,Mes_a_Mes,Si,0
34,55.23,1875.41,No,Un_Ano,Si,0
1,63.66,59.67,No,Mes_a_Mes,No,1
38,41.52,1609.3,Si,Mes_a_Mes,Si,1
29,94.83,2812.44,No,Un_Ano,Si,0
66,115.08,7004.5,Si,Un_Ano,Si,0
20,91.57,1741.21,Si,Mes_a_Mes,No,1
42,71.77,2898.19,Sin_Internet,Mes_a_Mes,Si,0
57,64.84,3961.71,No,Un_Ano,Si,0
8,77.34,629.05,Si,Mes_a_Mes,No,1
59,86.87,4862.83,Si,Mes_a_Mes,No,0
11,37.04,391.96,Si,Mes_a_Mes,Si,0
36,100.11,3348.73,No,Dos_Anos,No,0
28,25.51,649.18,Sin_Internet,Mes_a_Mes,No,0
1,105.28,105.49,No,Un_Ano,No,1
52,72.72,3427.38,Si,Un_Ano,No,0
3,66.29,218.44,No,Dos_Anos,Si,0
13,36.49,500.21,Si,Dos_Anos,Si,0
23,80.5,1954.4,No,Dos_Anos,Si,1
34,33.46,1195.55,Si,Mes_a_Mes,Si,0
26,107.27,2867.73,Si,Mes_a_Mes,No,1
5,53.72,245.5,Si,Dos_Anos,Si,0
8,41.39,328.21,No,Mes_a_Mes,Si,0
25,48.86,1167.5,No,Mes_a_Mes,No,1
55,75.65,3992.84,Si,Dos_Anos,Si,0
28,78.2,2132.98,Si,Mes_a_Mes,No,0
8,57.15,440.8,Si,Mes_a_Mes,Si,0
19,99.89,1959.48,Si,Mes_a_Mes,No,1
13,60.9,713.71,Si,Dos_Anos,No,0
26,66.57,1684.53,Sin_Internet,Un_Ano,Si,0
39,37.36,1586.56,Si,Dos_Anos,No,0
51,37.88,1838.33,No,Mes_a_Mes,Si,0
6,34.62,212.76,No,Mes_a_Mes,Si,0
13,38.92,512.07,Si,Mes_a_Mes,No,1
52,110.52,5734.71,Sin_Internet,Mes_a_Mes,No,0
36,90.07,2997.51,Si,Mes_a_Mes,No,1
17,88.84,1611.72,No,Un_Ano,Si,1
65,38.86,2559.89,No,Un_Ano,Si,0
43,74.35,3221.75,No,Dos_Anos,No,0
13,71.42,1011.88,No,Un_Ano,Si,0
63,52.32,3021.13,No,Mes_a_Mes,Si,0
55,50.66,2781.59,Si,Mes_a_Mes,Si,0
14,97.43,1420.22,No,Mes_a_Mes,Si,0
71,53.33,4011.46,Sin_Internet,Un_Ano,Si,0
41,81.29,3000.18,No,Mes_a_Mes,Si,1
43,112.35,5007.09,No,Mes_a_Mes,No,0
63,73.82,5074.53,Si,Dos_Anos,Si,0
41,82.38,3533.11,No,Un_Ano,Si,0
9,108.15,957.59,No,Un_Ano,No,0
20,93.5,2010.63,No,Mes_a_Mes,No,1
21,26.28,593.67,Sin_Internet,Un_Ano,Si,0
25,38.76,1005.48,Si,Mes_a_Mes,Si,1
66,50.56,3447.81,Sin_Internet,Un_Ano,Si,0
30,65.89,1915.18,Sin_Internet,Mes_a_Mes,Si,0
25,51.23,1214.79,No,Un_Ano,Si,0
30,68.83,2118.51,No,Mes_a_Mes,Si,0
31,99.46,2779.79,No,Dos_Anos,Si,1
36,117.43,4517.48,Sin_Internet,Mes_a_Mes,Si,1
41,84.79,3756.38,Si,Mes_a_Mes,Si,0
61,107.66,6125.97,Sin_Internet,Dos_Anos,Si,0
29,57.65,1696.09,No,Un_Ano,Si,0
34,38.0,1208.86,No,Mes_a_Mes,Si,0
19,104.13,1976.3,No,Mes_a_Mes,No,1
5,98.31,505.16,Sin_Internet,Mes_a_Mes,Si,0
20,47.44,928.03,No,Mes_a_Mes,Si,1
29,76.17,2383.36,Sin_Internet,Mes_a_Mes,No,0
3,119.41,386.26,No,Mes_a_Mes,Si,0
25,117.33,2951.28,Sin_Internet,Mes_a_Mes,Si,0
69,67.96,4764.71,Si,Un_Ano,Si,0
55,51.94,2572.58,Si,Dos_Anos,Si,1
56,52.89,2865.84,No,Mes_a_Mes,No,0
29,108.42,3308.16,No,Un_Ano,Si,0
41,88.55,3989.29,No,Un_Ano,No,0
2,81.94,178.47,No,Dos_Anos,Si,0
6,50.45,278.16,Si,Mes_a_Mes,No,1
59,63.61,3690.84,No,Dos_Anos,Si,0
65,77.98,4617.23,Si,Un_Ano,No,0
31,74.51,2465.69,No,Mes_a_Mes,No,0
46,30.0,1443.5,Sin_Internet,Mes_a_Mes,No,0
60,71.24,4634.94,Sin_Internet,Dos_Anos,Si,0
46,83.0,3819.3,Sin_Internet,Mes_a_Mes,Si,0
19,99.82,1746.09,No,Mes_a_Mes,Si,0
1,37.22,37.85,No,Mes_a_Mes,No,0
18,103.34,1996.71,Si,Mes_a_Mes,No,1
7,33.83,215.5,Si,Mes_a_Mes,Si,0
32,72.44,2464.04,No,Mes_a_Mes,No,0
59,33.06,1998.76,Si,Dos_Anos,Si,0
65,102.65,6181.47,No,Mes_a_Mes,Si,0
12,69.06,855.1,Sin_Internet,Mes_a_Mes,No,0
45,83.96,3447.3,No,Un_Ano,Si,0
24,72.39,1624.24,Sin_Internet,Un_Ano,No,0
54,68.81,3387.52,Si,Mes_a_Mes,No,1
4,42.35,172.26,No,Mes_a_Mes,Si,0
24,114.63,2634.32,Si,Dos_Anos,Si,0
23,94.22,2075.37,No,Mes_a_Mes,Si,1
49,78.85,3976.83,Si,Un_Ano,Si,0
21,44.56,862.77,No,Mes_a_Mes,Si,0
70,63.04,4530.36,Sin_Internet,Mes_a_Mes,No,0
22,57.52,1315.52,Sin_Internet,Dos_Anos,No,1
37,96.77,3836.46,Si,Mes_a_Mes,Si,1
30,43.33,1344.47,Si,Dos_Anos,No,0
31,88.39,2824.17,Si,Un_Ano,Si,0
33,110.74,3768.86,Sin_Internet,Mes_a_Mes,Si,1
27,104.65,2566.25,No,Mes_a_Mes,Si,0
58,57.25,3281.81,Sin_Internet,Un_Ano,Si,0
1,39.41,39.81,No,Un_Ano,Si,1
64,59.45,3930.43,Sin_Internet,Dos_Anos,Si,0
26,62.47,1556.4,No,Un_Ano,No,0
49,76.05,3859.05,No,Dos_Anos,Si,0
44,29.3,1262.35,No,Mes_a_Mes,Si,0
43,73.52,3297.5,No,Un_Ano,No,0
49,82.48,3786.94,Sin_Internet,Mes_a_Mes,Si,1
52,114.48,5720.42,No,Dos_Anos,No,0
71,93.85,7262.52,Sin_Internet,Mes_a_Mes,Si,1
32,27.68,931.45,No,Mes_a_Mes,Si,0
55,41.64,2472.79,Sin_Internet,Mes_a_Mes,Si,1
18,70.17,1187.32,Si,Mes_a_Mes,Si,0
59,117.71,7560.04,No,Mes_a_Mes,Si,0
29,82.11,2497.48,No,Mes_a_Mes,Si,1
32,105.2,3427.38,Sin_Internet,Mes_a_Mes,Si,0
54,34.88,1699.97,No,Mes_a_Mes,Si,1
31,66.53,1877.6,No,Un_Ano,Si,0
43,27.12,1229.7,No,Mes_a_Mes,No,0
41,48.59,2059.52,Sin_Internet,Dos_Anos,Si,0
8,102.08,769.87,Sin_Internet,Dos_Anos,No,0
43,84.11,3574.27,No,Mes_a_Mes,Si,1
51,51.8,2724.21,Si,Un_Ano,Si,0
8,104.99,758.49,No,Un_Ano,No,1
9,94.84,883.8,Sin_Internet,Mes_a_Mes,No,1
46,72.66,3276.55,No,Mes_a_Mes,No,0
33,29.2,885.52,Sin_Internet,Mes_a_Mes,Si,0
58,111.1,6010.19,Si,Mes_a_Mes,No,1
31,88.56,2705.08,Sin_Internet,Mes_a_Mes,Si,1
69,102.28,7235.67,Sin_Internet,Un_Ano,Si,1
48,113.91,5297.46,No,Un_Ano,No,0
11,38.14,386.82,No,Dos_Anos,Si,0
33,96.52,3393.04,No,Mes_a_Mes,No,0
61,39.68,2420.61,Si,Mes_a_Mes,Si,0
15,73.99,1061.66,No,Mes_a_Mes,Si,0
29,94.07,2828.05,Sin_Internet,Un_Ano,No,0
27,74.44,1944.07,No,Mes_a_Mes,Si,1
20,69.89,1359.14,No,Dos_Anos,Si,0
36,51.92,1785.99,No,Mes_a_Mes,Si,0
14,97.96,1333.3,No,Un_Ano,No,0
37,33.49,1180.24,No,Mes_a_Mes,Si,0
49,47.01,2525.73,Si,Mes_a_Mes,No,0
36,29.29,1003.31,No,Mes_a_Mes,No,0
58,41.82,2496.9,Sin_Internet,Mes_a_Mes,No,1
15,63.73,897.09,No,Un_Ano,No,0
39,27.83,1097.7,No,Un_Ano,No,0
5,46.55,233.17,No,Mes_a_Mes,Si,0
45,28.86,1312.65,No,Mes_a_Mes,No,0
1,108.2,105.09,Sin_Internet,Dos_Anos,No,0
47,109.55,5530.68,Si,Mes_a_Mes,No,1
34,91.36,2980.67,Si,Mes_a_Mes,No,0
8,81.48,700.26,Si,Mes_a_Mes,Si,1
54,100.61,5331.17,Si,Mes_a_Mes,Si,0
60,51.74,3198.95,No,Mes_a_Mes,Si,1
37,95.49,3186.93,Si,Mes_a_Mes,Si,0
46,56.37,2562.41,Si,Mes_a_Mes,Si,0
18,67.08,1243.58,No,Dos_Anos,No,0
10,118.11,1133.29,Si,Un_Ano,No,0
68,105.35,6907.97,Sin_Internet,Mes_a_Mes,Si,1
71,64.77,4503.93,No,Un_Ano,No,0
24,110.98,2540.52,No,Dos_Anos,Si,0
47,34.24,1642.45,Sin_Internet,Mes_a_Mes,Si,0
37,110.77,3728.94,No,Mes_a_Mes,Si,0
43,109.48,5019.42,Si,Dos_Anos,No,0
25,86.45,2360.08,No,Un_Ano,Si,0
18,55.85,938.08,Sin_Internet,Un_Ano,Si,0
51,103.11,4969.51,Sin_Internet,Un_Ano,No,0
46,50.86,2549.59,No,Mes_a_Mes,Si,1
59,38.51,2119.47,Sin_Internet,Dos_Anos,Si,0
39,77.36,2779.5,No,Mes_a_Mes,Si,0
38,37.24,1498.12,Si,Mes_a_Mes,Si,0
55,58.95,3357.45,Si,Mes_a_Mes,No,0
5,80.08,414.8,No,Un_Ano,Si,1
5,44.72,211.38,Si,Dos_Anos,Si,0
50,64.31,3135.7,No,Un_Ano,Si,0
42,54.27,2124.04,No,Mes_a_Mes,Si,0
19,39.66,702.54,Sin_Internet,Un_Ano,No,0
34,85.22,2894.98,No,Un_Ano,Si,0
53,82.02,4497.22,No,Dos_Anos,Si,0
21,78.11,1581.5,No,Mes_a_Mes,Si,1
45,113.46,5080.54,Sin_Internet,Mes_a_Mes,Si,1
60,113.02,6575.54,No,Mes_a_Mes,No,1
53,79.38,4556.15,Si,Mes_a_Mes,Si,0
19,95.18,1881.99,No,Un_Ano,Si,0
35,101.47,3640.34,Si,Un_Ano,Si,0
14,35.44,519.02,Si,Mes_a_Mes,Si,0
12,105.27,1204.61,Si,Mes_a_Mes,Si,1
49,25.49,1356.37,Si,Mes_a_Mes,Si,0
3,25.19,71.03,Si,Mes_a_Mes,Si,1
27,54.48,1364.49,Si,Mes_a_Mes,No,1
25,100.33,2711.92,No,Mes_a_Mes,No,0
15,112.53,1606.9,Si,Dos_Anos,Si,0
27,62.93,1817.49,Si,Un_Ano,No,0
15,84.95,1222.68,Sin_Internet,Un_Ano,No,0
30,69.89,2010.51,No,Un_Ano,No,0
59,51.57,3321.2,No,Un_Ano,Si,0
45,107.44,5284.73,No,Mes_a_Mes,Si,0
53,80.76,4675.6,Sin_Internet,Mes_a_Mes,No,1
45,90.49,3776.58,Si,Dos_Anos,No,0
61,83.63,5174.58,Si,Mes_a_Mes,No,1
11,32.98,329.15,Sin_Internet,Mes_a_Mes,Si,0
51,103.81,5491.75,No,Mes_a_Mes,Si,0
39,28.66,1155.99,No,Mes_a_Mes,Si,0
24,90.62,2389.03,Si,Mes_a_Mes,Si,1
6,38.42,247.94,Si,Un_Ano,Si,0
33,77.0,2397.78,Si,Mes_a_Mes,Si,1
22,37.1,807.03,Si,Mes_a_Mes,Si,1
60,117.1,6684.95,Si,Mes_a_Mes,Si,0
20,66.09,1202.24,Si,Mes_a_Mes,Si,0
11,100.36,1078.01,Si,Dos_Anos,Si,1
35,100.68,3247.32,Si,Mes_a_Mes,Si,0
35,36.53,1346.29,No,Un_Ano,Si,0
65,78.79,5008.09,Si,Un_Ano,Si,0
49,119.92,5325.19,Si,Mes_a_Mes,No,0
66,61.3,3860.26,Si,Dos_Anos,Si,0
46,34.08,1515.24,No,Mes_a_Mes,No,0
5,97.62,483.53,No,Un_Ano,No,0
39,81.45,3291.67,Si,Mes_a_Mes,No,0
51,92.87,5009.08,No,Mes_a_Mes,No,1
21,75.54,1740.47,Sin_Internet,Mes_a_Mes,No,1
38,50.56,2057.39,No,Un_Ano,Si,0
36,69.47,2479.72,No,Dos_Anos,Si,0
14,80.64,1039.88,No,Dos_Anos,No,1
33,47.57,1621.3,No,Dos_Anos,No,0
23,106.14,2403.32,Sin_Internet,Mes_a_Mes,No,1
38,64.09,2389.44,No,Mes_a_Mes,Si,0
47,92.95,4226.89,Si,Mes_a_Mes,Si,1
64,114.69,6854.02,No,Mes_a_Mes,Si,0
47,64.47,2780.89,Sin_Internet,Mes_a_Mes,Si,0
1,68.83,73.22,No,Mes_a_Mes,Si,0
42,42.44,1670.17,Sin_Internet,Un_Ano,No,0
68,60.73,4294.69,Si,Dos_Anos,Si,0
25,75.27,1967.09,No,Dos_Anos,No,0
57,46.81,2565.36,No,Un_Ano,Si,0
52,27.48,1445.03,No,Un_Ano,No,0
7,49.49,361.07,No,Mes_a_Mes,Si,0
7,89.84,582.9,No,Un_Ano,Si,1
56,106.53,5571.17,Sin_Internet,Un_Ano,Si,1
39,37.45,1524.1,Si,Mes_a_Mes,Si,1
70,88.82,5943.67,No,Mes_a_Mes,No,0
58,57.3,3062.31,No,Mes_a_Mes,Si,0
23,53.6,1237.79,Si,Un_Ano,Si,0
10,66.11,701.61,Si,Un_Ano,Si,0
36,107.72,3727.58,Si,Un_Ano,Si,0
71,80.16,5418.78,No,Mes_a_Mes,No,0
3,85.86,242.53,No,Dos_Anos,No,1
13,35.88,464.27,No,Dos_Anos,Si,1
48,36.46,1775.55,No,Mes_a_Mes,No,0
66,72.72,4448.74,No,Mes_a_Mes,No,0
3,93.24,296.58,No,Mes_a_Mes,Si,1
63,43.58,2762.05,Sin_Internet,Dos_Anos,No,0
15,77.04,1170.11,No,Mes_a_Mes,Si,1
2,112.06,206.98,Si,Un_Ano,No,1
61,73.71,4607.14,Si,Mes_a_Mes,Si,0
59,70.67,4318.23,No,Dos_Anos,Si,0
17,80.6,1343.84,Sin_Internet,Mes_a_Mes,Si,1
11,90.78,1018.39,Sin_Internet,Mes_a_Mes,Si,0
5,53.7,254.18,No,Mes_a_Mes,Si,0
70,56.79,4086.04,No,Un_Ano,Si,0
67,39.87,2688.93,No,Mes_a_Mes,No,0
23,115.14,2692.07,No,Mes_a_Mes,Si,1
63,29.51,1766.81,No,Dos_Anos,Si,1
4,68.77,290.99,No,Mes_a_Mes,Si,0
29,89.94,2778.3,Si,Mes_a_Mes,No,1
17,92.52,1448.51,No,Mes_a_Mes,Si,0
35,84.5,3174.95,Si,Dos_Anos,No,0
48,57.35,2904.7,No,Mes_a_Mes,Si,0
48,32.34,1568.85,Si,Mes_a_Mes,Si,0
53,113.55,5482.65,Sin_Internet,Un_Ano,Si,0
65,43.09,2813.88,Sin_Internet,Dos_Anos,Si,0
1,111.33,110.63,No,Un_Ano,Si,0
7,46.42,306.97,No,Mes_a_Mes,No,0
70,31.7,2367.02,Sin_Internet,Un_Ano,Si,0
30,32.94,952.73,No,Mes_a_Mes,Si,0
70,59.05,4199.85,Si,Mes_a_Mes,Si,0
38,39.44,1483.9,Si,Un_Ano,Si,0
30,70.83,2285.74,No,Un_Ano,Si,0
54,68.11,3678.65,No,Un_Ano,Si,0
16,104.44,1596.85,No,Un_Ano,No,0
16,91.1,1522.36,Si,Mes_a_Mes,Si,1
27,91.35,2598.35,No,Dos_Anos,Si,0
22,81.12,1939.78,No,Dos_Anos,No,0
15,29.5,464.29,No,Un_Ano,No,0
46,95.99,4017.78,Sin_Internet,Mes_a_Mes,Si,0
1,59.06,62.95,Si,Mes_a_Mes,No,0
28,104.44,2913.98,No,Un_Ano,Si,0
33,48.43,1485.11,Si,Mes_a_Mes,No,0
15,88.66,1457.16,Si,Un_Ano,Si,0
57,82.36,4835.39,No,Mes_a_Mes,No,1
70,35.64,2690.54,No,Dos_Anos,No,0
68,37.95,2414.24,Sin_Internet,Dos_Anos,Si,0
58,119.99,7344.19,No,Dos_Anos,Si,0
20,56.87,1159.35,Si,Un_Ano,Si,0
4,63.71,249.05,Si,Mes_a_Mes,Si,1
10,106.27,1001.84,No,Mes_a_Mes,No,1
7,84.95,575.71,Sin_Internet,Un_Ano,No,0
57,89.52,5137.43,Si,Un_Ano,No,0
6,85.46,536.66,No,Un_Ano,Si,1
55,55.72,3025.34,Si,Mes_a_Mes,Si,0
31,103.77,3147.73,No,Mes_a_Mes,No,0
64,28.21,1627.99,No,Mes_a_Mes,No,0
36,59.91,2350.57,No,Dos_Anos,Si,0
13,115.68,1585.26,Si,Mes_a_Mes,Si,1
61,60.96,4087.36,No,Mes_a_Mes,Si,0
10,26.59,288.25,Sin_Internet,Un_Ano,No,0
66,43.24,3061.02,No,Mes_a_Mes,Si,1
24,114.69,2509.28,No,Dos_Anos,Si,0
34,105.68,3676.2,Si,Mes_a_Mes,No,0
50,43.56,2058.36,No,Mes_a_Mes,Si,1
1,117.86,126.85,No,Mes_a_Mes,Si,1
5,40.09,213.27,No,Mes_a_Mes,Si,0
27,119.27,3008.0,Si,Mes_a_Mes,Si,1
7,105.23,778.81,Si,Mes_a_Mes,Si,1
1,111.7,122.58,Si,Mes_a_Mes,Si,1
32,38.27,1189.74,Si,Mes_a_Mes,Si,0
17,53.67,887.8,Sin_Internet,Dos_Anos,No,0
18,91.69,1493.67,Si,Un_Ano,Si,0
68,73.0,5189.39,Sin_Internet,Un_Ano,Si,0
49,52.7,2751.13,No,Un_Ano,Si,0
13,91.06,1076.44,No,Un_Ano,No,1
69,99.07,7444.61,Si,Mes_a_Mes,No,0
22,52.11,1048.62,No,Dos_Anos,Si,0
26,33.15,873.77,No,Mes_a_Mes,Si,0
68,79.56,5872.47,Si,Un_Ano,No,0
5,62.67,340.2,Si,Dos_Anos,No,0
9,108.39,903.96,No,Dos_Anos,No,0
62,29.28,1986.48,Sin_Internet,Dos_Anos,Si,0
68,85.6,5553.54,Si,Un_Ano,Si,0
2,29.51,57.15,Si,Un_Ano,No,0
50,35.76,1850.62,Sin_Internet,Mes_a_Mes,Si,0
51,60.03,2824.01,No,Mes_a_Mes,Si,0
2,46.72,94.08,Si,Un_Ano,Si,0
41,40.37,1759.77,No,Mes_a_Mes,No,1
64,100.35,6417.51,No,Mes_a_Mes,Si,0
44,47.06,1888.86,Si,Mes_a_Mes,Si,1
52,59.64,3290.49,Si,Un_Ano,No,0
37,111.25,3902.45,No,Un_Ano,Si,0
66,99.62,6976.82,Sin_Internet,Un_Ano,Si,0
56,74.78,4554.66,No,Mes_a_Mes,Si,0
23,33.92,819.92,Si,Un_Ano,No,0
71,114.82,7391.05,Si,Mes_a_Mes,No,1
39,92.37,3717.38,Si,Mes_a_Mes,No,1
60,28.34,1622.91,Si,Mes_a_Mes,Si,1
56,115.14,6059.64,No,Mes_a_Mes,Si,1
36,31.81,1204.9,No,Un_Ano,Si,0
1,82.28,78.82,No,Dos_Anos,No,0
4,62.42,231.88,Sin_Internet,Mes_a_Mes,No,0
41,118.18,4526.46,No,Dos_Anos,Si,0
53,112.69,6184.31,No,Mes_a_Mes,Si,1
31,81.89,2516.99,Sin_Internet,Un_Ano,No,0
33,91.62,2847.27,No,Un_Ano,Si,0
5,103.06,471.98,Si,Mes_a_Mes,No,1
43,102.93,4813.05,Sin_Internet,Mes_a_Mes,Si,0
11,81.92,990.79,Si,Un_Ano,No,1
32,48.91,1531.99,Sin_Internet,Mes_a_Mes,No,1
1,54.71,51.96,No,Un_Ano,No,0
43,88.24,3446.59,No,Un_Ano,No,1
6,90.35,521.2,No,Mes_a_Mes,No,1
11,60.29,674.16,No,Un_Ano,Si,0
41,109.34,4504.82,Si,Un_Ano,Si,0
27,63.01,1671.09,Sin_Internet,Dos_Anos,No,0
61,91.36,5419.24,Si,Un_Ano,No,0
13,44.89,639.39,No,Mes_a_Mes,Si,0
35,58.54,2049.01,Sin_Internet,Mes_a_Mes,Si,1
25,76.88,1733.21,Si,Un_Ano,No,0
36,28.58,1069.88,Sin_Internet,Mes_a_Mes,Si,0
21,28.98,618.71,Sin_Internet,Mes_a_Mes,No,0
55,50.63,2594.29,Sin_Internet,Mes_a_Mes,No,0
36,103.64,3886.51,Si,Mes_a_Mes,No,1
28,45.57,1153.44,Si,Un_Ano,Si,0
27,109.16,3080.2,No,Mes_a_Mes,No,1
12,93.03,1038.09,Sin_Internet,Mes_a_Mes,Si,0
26,90.45,2579.61,Si,Dos_Anos,No,0
45,89.04,4015.94,Sin_Internet,Mes_a_Mes,No,0
6,117.75,637.36,Sin_Internet,Un_Ano,No,0
8,85.2,727.68,No,Dos_Anos,Si,0
17,86.68,1569.29,Sin_Internet,Dos_Anos,Si,0
38,68.07,2722.9,Si,Dos_Anos,Si,0
41,107.87,4456.23,Si,Mes_a_Mes,Si,0
15,30.45,431.03,Si,Mes_a_Mes,Si,0
28,57.71,1661.12,Sin_Internet,Dos_Anos,Si,0
25,52.23,1396.63,No,Mes_a_Mes,No,1
35,62.81,2195.28,No,Mes_a_Mes,Si,0
37,70.59,2385.72,Sin_Internet,Mes_a_Mes,Si,0
27,115.83,3424.68,Si,Dos_Anos,Si,0
5,112.83,584.09,No,Mes_a_Mes,No,1
59,83.07,5373.49,Si,Mes_a_Mes,Si,0
66,26.89,1663.64,Si,Mes_a_Mes,No,1
57,77.79,4171.0,No,Un_Ano,No,1
61,31.51,1768.52,Sin_Internet,Dos_Anos,No,0
60,59.17,3344.62,Sin_Internet,Mes_a_Mes,No,0
64,53.93,3181.16,Sin_Internet,Dos_Anos,Si,0
32,86.57,2644.49,Si,Mes_a_Mes,Si,0
16,26.7,434.07,Si,Mes_a_Mes,Si,0
44,99.93,4678.1,Si,Un_Ano,Si,0
69,103.51,6565.59,Si,Mes_a_Mes,No,1
61,28.07,1594.99,No,Mes_a_Mes,No,0
71,32.77,2228.87,Si,Dos_Anos,Si,0
34,112.46,3703.83,Sin_Internet,Dos_Anos,No,0
21,83.52,1890.44,Si,Mes_a_Mes,No,0
19,116.23,2087.69,No,Un_Ano,Si,0
52,68.47,3295.49,No,Mes_a_Mes,No,0
42,43.11,1945.96,No,Dos_Anos,Si,0
39,60.17,2526.24,Sin_Internet,Mes_a_Mes,Si,0
45,113.25,5386.97,No,Mes_a_Mes,No,0
13,35.95,456.26,No,Un_Ano,Si,0
43,109.76,5109.36,Si,Dos_Anos,Si,0
71,75.33,5283.54,No,Un_Ano,No,0
66,31.66,2211.4,Si,Un_Ano,Si,0
45,62.98,2797.2,Sin_Internet,Dos_Anos,Si,0
4,48.11,191.74,No,Mes_a_Mes,Si,1
1,79.65,85.39,Sin_Internet,Dos_Anos,No,1
60,39.48,2132.37,Si,Mes_a_Mes,Si,0
50,114.42,5462.4,No,Un_Ano,Si,0
47,45.07,2179.24,Si,Mes_a_Mes,Si,1
17,85.13,1569.33,No,Mes_a_Mes,No,0
35,103.97,3284.19,No,Dos_Anos,Si,0
8,81.61,648.22,No,Mes_a_Mes,No,1
56,87.28,4903.81,No,Dos_Anos,No,0
60,63.89,4216.28,Sin_Internet,Mes_a_Mes,Si,0
55,34.67,1982.02,Si,Mes_a_Mes,No,0
7,37.48,242.75,No,Mes_a_Mes,No,1
65,91.71,6027.14,No,Mes_a_Mes,No,1
25,100.74,2344.22,Si,Mes_a_Mes,Si,0
24,105.02,2634.47,Si,Un_Ano,Si,0
65,59.46,3759.3,No,Mes_a_Mes,Si,0
47,117.04,5677.94,Si,Mes_a_Mes,No,1
8,85.95,741.86,Si,Mes_a_Mes,No,1
45,39.59,1885.47,Si,Un_Ano,No,0
29,31.4,964.64,No,Un_Ano,No,0
31,76.77,2275.42,Sin_Internet,Dos_Anos,Si,0
57,95.4,5536.82,No,Mes_a_Mes,Si,0
7,26.72,175.36,Si,Mes_a_Mes,No,0
31,27.14,794.39,Si,Un_Ano,Si,0
60,79.94,4995.77,Si,Mes_a_Mes,Si,0
56,119.04,6542.07,No,Mes_a_Mes,Si,1
32,95.07,3278.65,Si,Mes_a_Mes,Si,0
61,39.4,2397.24,Si,Mes_a_Mes,Si,0
61,33.28,1855.08,No,Un_Ano,Si,1
64,102.36,6439.31,No,Dos_Anos,No,0
10,101.93,944.68,No,Mes_a_Mes,Si,1
26,68.4,1954.28,No,Mes_a_Mes,Si,0
69,28.4,1772.96,No,Un_Ano,Si,0
37,97.79,3662.89,No,Mes_a_Mes,Si,0
30,64.14,1872.02,Sin_Internet,Mes_a_Mes,Si,1
2,102.56,209.5,No,Un_Ano,No,0
42,38.69,1637.68,No,Mes_a_Mes,No,1
68,69.01,5085.07,Si,Un_Ano,Si,0
35,75.01,2458.62,Si,Dos_Anos,Si,0
10,60.11,555.38,Sin_Internet,Dos_Anos,Si,0
31,119.04,3963.58,Si,Mes_a_Mes,Si,0
6,97.47,635.32,No,Mes_a_Mes,No,0
65,103.86,6555.28,Si,Un_Ano,Si,0
2,47.9,104.54,No,Dos_Anos,Si,1
9,61.54,536.45,Si,Mes_a_Mes,No,0
66,35.52,2383.89,No,Mes_a_Mes,Si,0
59,119.84,7306.32,No,Mes_a_Mes,No,0
13,49.47,706.64,No,Mes_a_Mes,No,1
6,34.56,193.69,No,Mes_a_Mes,Si,1
25,44.5,1066.82,Si,Mes_a_Mes,Si,0
63,79.3,5042.06,No,Mes_a_Mes,No,1
59,56.89,3164.97,Sin_Internet,Dos_Anos,Si,0
46,40.58,1896.56,No,Mes_a_Mes,No,0
15,69.49,1100.34,Si,Dos_Anos,No,1
66,88.69,6297.52,Si,Un_Ano,Si,0
42,88.15,3581.03,Sin_Internet,Mes_a_Mes,Si,1
17,26.4,419.41,No,Un_Ano,Si,0
23,96.76,2308.14,Sin_Internet,Mes_a_Mes,No,0
15,47.91,745.46,Sin_Internet,Un_Ano,Si,0
38,112.61,4226.03,No,Mes_a_Mes,Si,0
56,38.16,2176.97,Sin_Internet,Dos_Anos,Si,0
34,62.95,2268.09,No,Mes_a_Mes,No,0
65,54.66,3718.63,No,Mes_a_Mes,No,0
34,71.68,2521.4,No,Mes_a_Mes,Si,0
16,54.79,905.02,No,Mes_a_Mes,No,1
50,98.27,5133.83,Si,Mes_a_Mes,No,0
69,61.29,4319.92,No,Dos_Anos,No,0
42,58.26,2243.57,Si,Mes_a_Mes,No,0
62,117.27,7391.28,Si,Un_Ano,No,0
12,63.33,819.18,Si,Un_Ano,Si,0
69,37.35,2338.82,Sin_Internet,Mes_a_Mes,No,0
28,50.46,1384.35,Si,Mes_a_Mes,Si,0
30,93.72,2751.39,Si,Mes_a_Mes,No,0
50,49.88,2371.32,No,Un_Ano,No,1
17,89.65,1546.76,No,Mes_a_Mes,No,1
10,111.91,1045.38,Sin_Internet,Un_Ano,Si,0
11,60.54,721.39,No,Mes_a_Mes,No,0
47,43.3,1894.94,No,Dos_Anos,Si,0
8,93.1,814.07,No,Un_Ano,Si,0
31,66.59,1862.66,Sin_Internet,Un_Ano,Si,0
37,29.38,1084.44,Sin_Internet,Un_Ano,Si,0
33,79.95,2393.63,No,Un_Ano,Si,1
9,80.14,775.67,No,Un_Ano,Si,0
46,89.76,4375.66,Sin_Internet,Mes_a_Mes,Si,1
3,94.85,268.9,No,Mes_a_Mes,No,1
13,86.33,1041.04,No,Mes_a_Mes,No,1
28,57.14,1507.77,No,Un_Ano,Si,0
52,104.36,4969.06,Si,Mes_a_Mes,No,1
61,113.85,6579.47,Sin_Internet,Un_Ano,Si,0
24,53.7,1177.48,No,Dos_Anos,No,1
10,51.77,554.2,Sin_Internet,Mes_a_Mes,No,1
42,73.74,3315.77,No,Mes_a_Mes,No,0
37,118.65,4433.06,Si,Mes_a_Mes,No,0
15,40.52,658.84,No,Dos_Anos,No,0
28,72.02,1956.18,Si,Mes_a_Mes,No,0
37,43.45,1504.38,Sin_Internet,Mes_a_Mes,No,0
65,63.94,3993.44,Sin_Internet,Mes_a_Mes,Si,0
13,60.99,733.19,No,Mes_a_Mes,No,0
59,79.23,4975.95,Sin_Internet,Dos_Anos,Si,0
68,28.29,2023.91,Si,Mes_a_Mes,Si,0
56,101.69,5341.33,No,Dos_Anos,Si,1
30,92.39,2796.93,Sin_Internet,Dos_Anos,Si,0
64,119.98,7341.83,Si,Mes_a_Mes,Si,0
67,49.3,3059.43,Si,Mes_a_Mes,Si,0
20,107.44,2039.35,Sin_Internet,Dos_Anos,Si,1
27,82.98,2285.2,No,Un_Ano,Si,0
12,46.94,580.25,Si,Mes_a_Mes,No,0
41,53.09,2040.37,Sin_Internet,Mes_a_Mes,Si,0
51,26.94,1449.18,Si,Un_Ano,No,0
29,57.64,1696.6,Si,Un_Ano,No,0
51,110.44,5552.75,No,Dos_Anos,No,0
59,32.15,1952.34,No,Dos_Anos,Si,0
31,113.17,3391.3,Si,Un_Ano,Si,0
9,61.06,523.58,Si,Un_Ano,Si,0
70,95.38,7245.86,Sin_Internet,Mes_a_Mes,No,0
30,87.56,2836.52,Sin_Internet,Un_Ano,No,0
40,88.89,3537.99,No,Mes_a_Mes,No,1
7,77.09,550.84,Si,Dos_Anos,Si,0
59,69.11,4205.48,Si,Dos_Anos,No,0
11,113.19,1283.84,Si,Mes_a_Mes,Si,0
3,89.6,270.31,Sin_Internet,Dos_Anos,Si,0
4,83.39,321.07,Si,Un_Ano,Si,0
20,64.73,1395.46,Sin_Internet,Mes_a_Mes,No,1
5,46.38,234.77,Si,Mes_a_Mes,Si,0
34,25.17,925.49,Si,Un_Ano,No,0
14,118.17,1763.04,No,Dos_Anos,Si,1
13,96.86,1296.86,No,Un_Ano,No,1
61,119.43,7591.99,Si,Mes_a_Mes,Si,0
49,98.17,5205.97,Si,Mes_a_Mes,Si,1
45,29.32,1354.05,Si,Un_Ano,Si,0
53,67.19,3538.51,No,Mes_a_Mes,Si,0
24,36.09,856.16,No,Mes_a_Mes,No,0
63,101.12,6981.97,No,Mes_a_Mes,Si,0
9,42.67,403.36,Si,Mes_a_Mes,Si,1
63,87.48,5700.03,Sin_Internet,Un_Ano,Si,0
56,87.56,4507.22,Sin_Internet,Mes_a_Mes,No,1
71,85.69,6191.11,Sin_Internet,Dos_Anos,Si,0
42,108.44,4271.09,Sin_Internet,Un_Ano,Si,0
1,93.95,91.88,No,Un_Ano,No,0
64,56.11,3632.2,No,Un_Ano,Si,0
15,54.91,742.6,No,Mes_a_Mes,Si,1
69,27.12,2006.87,Si,Dos_Anos,Si,0
22,111.29,2418.36,Sin_Internet,Dos_Anos,Si,0
20,34.83,713.69,Sin_Internet,Mes_a_Mes,No,1
68,70.52,4509.51,Sin_Internet,Un_Ano,No,0
45,73.31,3431.66,Si,Dos_Anos,Si,0
40,67.55,2599.36,No,Mes_a_Mes,No,0
46,79.56,3671.56,No,Un_Ano,Si,0
63,94.28,5729.67,Si,Un_Ano,Si,0
12,43.64,538.82,No,Mes_a_Mes,Si,1
52,32.0,1780.61,No,Dos_Anos,Si,0
7,106.45,766.18,Si,Mes_a_Mes,No,1
55,72.0,3705.12,Si,Mes_a_Mes,No,0
5,37.1,176.21,Si,Mes_a_Mes,No,1
47,88.85,4194.94,Sin_Internet,Mes_a_Mes,Si,1
38,46.19,1674.94,Si,Un_Ano,No,0
43,32.77,1323.28,Sin_Internet,Un_Ano,Si,0
70,51.84,3299.78,Si,Dos_Anos,Si,0
8,53.21,391.98,No,Mes_a_Mes,Si,0
50,107.5,5444.68,No,Mes_a_Mes,No,0
9,54.2,458.01,No,Mes_a_Mes,Si,0
13,99.12,1288.15,Si,Mes_a_Mes,Si,1
50,79.84,4105.25,No,Mes_a_Mes,Si,1
35,34.0,1130.53,Si,Dos_Anos,No,0
25,39.86,1086.09,Si,Mes_a_Mes,Si,0
61,32.61,1892.41,No,Un_Ano,Si,1
31,63.14,1825.06,Si,Un_Ano,Si,0
49,117.14,5690.35,No,Mes_a_Mes,Si,1
43,42.18,1792.76,No,Dos_Anos,No,0
45,57.5,2772.95,No,Dos_Anos,No,1
7,102.9,655.09,No,Mes_a_Mes,Si,0
6,108.2,619.65,Si,Un_Ano,Si,0
50,94.86,5102.58,Si,Mes_a_Mes,Si,1
70,69.37,5107.18,Si,Mes_a_Mes,No,0
45,86.64,3511.95,No,Mes_a_Mes,Si,0
54,67.75,3678.91,Si,Mes_a_Mes,Si,0
17,105.62,1703.88,No,Mes_a_Mes,No,1
29,63.94,2035.34,Sin_Internet,Un_Ano,Si,0
64,102.69,7207.77,Si,Mes_a_Mes,No,1
71,80.64,6214.8,Si,Mes_a_Mes,Si,0
20,74.52,1344.33,No,Mes_a_Mes,No,1
26,87.37,2455.6,Si,Mes_a_Mes,Si,0
29,52.75,1476.72,Sin_Internet,Mes_a_Mes,Si,1
7,62.26,448.19,No,Mes_a_Mes,No,0
34,101.48,3415.26,Si,Un_Ano,Si,0
5,61.48,298.46,Si,Mes_a_Mes,Si,1
6,87.09,500.27,Si,Dos_Anos,Si,0
33,88.04,2863.36,No,Dos_Anos,Si,1
43,107.63,4440.22,No,Mes_a_Mes,No,1
59,67.15,4299.41,No,Dos_Anos,No,0
33,110.74,3608.4,No,Dos_Anos,No,0
61,119.34,7927.11,Sin_Internet,Mes_a_Mes,Si,0
18,41.07,720.26,Sin_Internet,Dos_Anos,No,0
14,92.96,1238.95,Sin_Internet,Dos_Anos,Si,0
21,91.34,2036.74,Si,Mes_a_Mes,No,1
39,68.33,2675.79,No,Mes_a_Mes,No,0
34,53.86,1707.75,Sin_Internet,Mes_a_Mes,No,0
31,27.59,928.5,Si,Mes_a_Mes,Si,0
7,85.44,653.35,Si,Dos_Anos,Si,0
71,54.99,4051.25,Si,Mes_a_Mes,Si,0
1,77.46,84.77,Si,Mes_a_Mes,No,1
22,36.6,833.24,Sin_Internet,Mes_a_Mes,Si,0
63,29.21,1885.58,Sin_Internet,Mes_a_Mes,No,0
62,101.23,6685.38,No,Mes_a_Mes,Si,0
46,36.68,1541.4,No,Mes_a_Mes,Si,0
57,38.05,2144.08,No,Dos_Anos,Si,0
45,79.21,3514.86,Si,Un_Ano,Si,0
13,94.46,1257.65,No,Dos_Anos,No,0
68,25.76,1698.14,Si,Dos_Anos,No,0
37,67.0,2455.94,No,Dos_Anos,Si,0
14,84.97,1272.72,No,Mes_a_Mes,No,0
37,95.12,3834.72,No,Un_Ano,Si,0
14,115.05,1605.59,No,Un_Ano,No,0
66,26.53,1822.84,No,Dos_Anos,No,0
66,110.37,7353.34,Si,Un_Ano,Si,0
33,116.84,4139.19,Sin_Internet,Un_Ano,Si,0
2,107.25,204.28,No,Mes_a_Mes,Si,0
53,115.14,6546.01,Si,Mes_a_Mes,Si,0
55,36.26,2000.32,No,Mes_a_Mes,Si,1
45,119.26,5319.63,Si,Mes_a_Mes,Si,1
37,97.7,3941.69,Sin_Internet,Un_Ano,Si,0
27,31.6,819.94,Si,Mes_a_Mes,No,0
52,89.49,4264.84,No,Mes_a_Mes,Si,0
47,91.8,4462.93,No,Un_Ano,Si,0
58,84.79,4684.72,No,Mes_a_Mes,Si,0
7,108.09,778.09,No,Dos_Anos,Si,1
13,96.13,1138.72,No,Un_Ano,Si,0
48,40.36,1961.42,Sin_Internet,Mes_a_Mes,No,1
28,48.77,1293.77,Sin_Internet,Mes_a_Mes,No,0
45,69.03,2842.48,No,Mes_a_Mes,Si,0
56,62.51,3189.4,Si,Mes_a_Mes,Si,0
35,87.98,3361.1,Sin_Internet,Mes_a_Mes,Si,1
55,37.96,1989.84,No,Dos_Anos,No,0
37,58.66,2205.94,Si,Mes_a_Mes,Si,1
9,48.07,431.3,No,Mes_a_Mes,Si,1
3,52.9,154.35,No,Un_Ano,Si,0
2,92.53,186.64,No,Un_Ano,No,1
58,32.65,1916.3,Si,Mes_a_Mes,Si,0
22,109.3,2566.79,Si,Dos_Anos,Si,1
24,85.9,2014.7,No,Mes_a_Mes,Si,0
54,64.11,3360.04,Si,Mes_a_Mes,No,0
17,71.15,1252.9,No,Un_Ano,No,0
58,91.33,5161.29,Si,Un_Ano,Si,0
58,94.42,5488.44,Si,Un_Ano,Si,1
21,101.45,1991.18,No,Mes_a_Mes,Si,0
63,50.05,3016.84,No,Mes_a_Mes,Si,1
63,106.5,6308.52,Si,Dos_Anos,Si,1
44,103.91,4883.54,No,Un_Ano,Si,0
40,106.23,4502.45,Sin_Internet,Dos_Anos,No,0
66,32.68,2110.35,Sin_Internet,Mes_a_Mes,Si,0
67,38.64,2557.96,No,Mes_a_Mes,Si,0
46,84.35,3810.74,Sin_Internet,Un_Ano,Si,0
24,115.53,2602.35,Si,Dos_Anos,Si,1
70,35.44,2621.38,Sin_Internet,Dos_Anos,Si,0
51,95.19,5174.06,Si,Mes_a_Mes,Si,1
4,37.93,155.05,Sin_Internet,Dos_Anos,Si,0
31,115.29,3747.07,Si,Mes_a_Mes,Si,1
65,101.01,6766.12,Sin_Internet,Mes_a_Mes,No,1
30,52.39,1446.78,Sin_Internet,Dos_Anos,Si,0
40,29.52,1192.86,Si,Mes_a_Mes,Si,0
14,66.48,902.23,No,Mes_a_Mes,No,0
44,74.88,3110.34,Si,Dos_Anos,Si,0
34,75.07,2636.54,Si,Mes_a_Mes,No,1
39,105.93,4452.53,No,Dos_Anos,No,0
4,118.19,520.02,Si,Mes_a_Mes,No,0
27,66.03,1810.37,Sin_Internet,Mes_a_Mes,No,0
42,40.56,1762.25,Sin_Internet,Mes_a_Mes,Si,0
11,60.81,689.17,Si,Un_Ano,Si,1
32,92.65,3080.45,No,Dos_Anos,No,0
50,80.45,3818.35,Si,Dos_Anos,No,0
53,33.24,1641.71,No,Mes_a_Mes,No,0
4,44.94,176.43,No,Mes_a_Mes,Si,0
19,90.88,1714.94,No,Mes_a_Mes,Si,1
71,91.32,6825.16,No,Mes_a_Mes,Si,1
33,82.86,2801.5,Si,Un_Ano,Si,0
70,52.93,3743.84,No,Un_Ano,Si,0
55,40.51,2227.38,Si,Un_Ano,Si,0
9,46.74,397.36,No,Dos_Anos,Si,0
62,101.72,6146.19,No,Un_Ano,Si,0
62,71.41,4081.53,No,Un_Ano,No,0
48,58.36,2558.03,No,Mes_a_Mes,No,0
68,37.91,2326.9,No,Mes_a_Mes,No,0
48,62.29,2743.34,No,Dos_Anos,Si,0
27,64.69,1779.79,No,Un_Ano,No,0
55,109.17,6570.59,Si,Mes_a_Mes,No,1
44,114.31,4555.53,Sin_Internet,Mes_a_Mes,Si,1
71,104.75,7858.51,Si,Un_Ano,Si,0
52,61.88,3324.14,Si,Mes_a_Mes,Si,0
57,78.12,4772.33,No,Un_Ano,Si,0
9,104.91,1028.29,No,Mes_a_Mes,Si,0
8,29.79,253.24,Si,Mes_a_Mes,Si,0
56,75.62,4486.91,Si,Dos_Anos,Si,0
10,62.87,576.68,No,Un_Ano,Si,0
65,61.2,3865.76,No,Dos_Anos,No,1
45,58.26,2682.81,No,Dos_Anos,No,0
39,85.84,3024.41,No,Mes_a_Mes,No,0
46,64.65,2958.79,No,Un_Ano,Si,0
17,55.61,852.4,No,Dos_Anos,No,1
67,78.8,5534.72,No,Un_Ano,Si,0
62,60.45,3572.26,Si,Mes_a_Mes,Si,0
68,28.3,2022.53,No,Mes_a_Mes,Si,0
36,64.67,2318.84,Si,Mes_a_Mes,Si,1
9,43.63,361.88,Si,Mes_a_Mes,Si,1
35,34.49,1308.38,No,Mes_a_Mes,Si,0
67,107.9,7515.53,Si,Mes_a_Mes,No,1
52,90.72,4929.16,No,Dos_Anos,No,0
28,61.18,1620.83,No,Un_Ano,Si,0
58,118.6,6363.7,Si,Mes_a_Mes,Si,1
24,59.88,1567.75,Si,Mes_a_Mes,Si,1
59,48.22,2757.52,Sin_Internet,Un_Ano,Si,0
37,69.98,2451.74,Si,Mes_a_Mes,Si,0
38,114.83,4693.79,Si,Mes_a_Mes,Si,1
25,88.08,2185.86,Si,Un_Ano,Si,0
15,94.41,1459.81,No,Mes_a_Mes,No,0
16,40.7,620.76,No,Un_Ano,Si,1
55,28.81,1733.22,No,Mes_a_Mes,Si,0
4,76.03,302.54,No,Mes_a_Mes,Si,1
26,56.38,1443.7,Si,Un_Ano,No,0
39,29.05,1034.3,No,Mes_a_Mes,Si,0
57,110.13,6538.58,No,Mes_a_Mes,Si,0
47,27.38,1297.42,Sin_Internet,Un_Ano,Si,0
48,26.2,1374.86,No,Un_Ano,No,1
49,53.42,2422.64,Sin_Internet,Mes_a_Mes,Si,0
37,72.24,2614.64,No,Mes_a_Mes,Si,0
38,67.83,2450.75,Si,Mes_a_Mes,No,0
62,59.2,3793.46,No,Mes_a_Mes,Si,0
61,107.06,5971.24,No,Dos_Anos,No,0
8,53.27,468.15,Si,Mes_a_Mes,Si,0
38,87.02,3448.49,Si,Mes_a_Mes,No,0
36,62.87,2209.57,Sin_Internet,Mes_a_Mes,Si,0
56,61.92,3376.2,Si,Un_Ano,No,0
45,113.62,5092.96,Si,Dos_Anos,Si,0
50,91.26,4743.57,No,Mes_a_Mes,Si,0
20,76.13,1550.46,Si,Mes_a_Mes,No,1
63,41.59,2611.8,Si,Dos_Anos,Si,1
55,38.07,1966.3,Si,Mes_a_Mes,Si,1
34,43.4,1379.33,No,Mes_a_Mes,Si,0
32,84.56,2930.93,No,Mes_a_Mes,Si,1
43,30.32,1317.23,Sin_Internet,Un_Ano,Si,0
13,69.09,912.52,No,Mes_a_Mes,Si,0
2,68.68,135.51,No,Mes_a_Mes,Si,0
61,112.19,7128.45,Si,Dos_Anos,Si,0
14,60.14,892.75,Sin_Internet,Dos_Anos,Si,1
42,110.18,4545.41,No,Dos_Anos,Si,0
15,83.43,1139.48,Si,Mes_a_Mes,No,1
10,62.06,589.87,No,Mes_a_Mes,No,0
56,75.03,4471.95,No,Un_Ano,No,0
53,33.95,1821.02,Sin_Internet,Un_Ano,No,0
58,109.51,6835.93,Sin_Internet,Un_Ano,Si,0
62,84.99,5144.76,No,Dos_Anos,Si,0
57,66.38,3643.64,Sin_Internet,Mes_a_Mes,No,1
63,98.7,5598.06,Si,Mes_a_Mes,Si,1
4,63.43,237.49,No,Mes_a_Mes,Si,1
34,68.79,2261.75,Si,Un_Ano,No,0
32,65.09,1907.69,Sin_Internet,Dos_Anos,No,0
34,119.67,4153.9,Si,Mes_a_Mes,Si,0
70,98.17,7544.96,Sin_Internet,Un_Ano,Si,0
40,113.24,4129.37,Si,Un_Ano,No,0
35,61.07,2091.23,No,Dos_Anos,Si,0
15,71.57,1052.1,Si,Dos_Anos,No,0
51,44.13,2057.0,Si,Dos_Anos,Si,0
20,25.96,486.54,Si,Mes_a_Mes,No,0
37,43.5,1594.32,Sin_Internet,Mes_a_Mes,No,0
38,113.25,4695.61,Si,Mes_a_Mes,Si,0
21,68.36,1455.71,Si,Mes_a_Mes,Si,0
10,37.43,344.34,Sin_Internet,Mes_a_Mes,No,0
54,67.99,3849.29,No,Un_Ano,Si,0
9,100.31,967.3,No,Mes_a_Mes,Si,1
42,72.58,3236.25,No,Dos_Anos,Si,1
16,114.0,1940.13,No,Mes_a_Mes,No,0
24,110.34,2813.27,Si,Mes_a_Mes,Si,0
4,69.96,264.33,Sin_Internet,Un_Ano,Si,0
44,32.88,1473.96,No,Mes_a_Mes,Si,1
23,91.92,1971.51,Si,Mes_a_Mes,No,1
42,58.86,2387.26,Sin_Internet,Mes_a_Mes,Si,0
66,99.64,6467.43,Sin_Internet,Mes_a_Mes,Si,0
19,54.34,1018.4,No,Dos_Anos,No,1
20,56.41,1114.18,No,Un_Ano,Si,0
28,76.52,2264.05,Si,Un_Ano,No,0
24,27.37,672.67,Sin_Internet,Mes_a_Mes,Si,1
2,41.12,84.57,No,Mes_a_Mes,Si,1
7,105.88,780.98,Si,Mes_a_Mes,No,1
1,115.87,109.08,Si,Mes_a_Mes,Si,0
11,43.25,472.37,Sin_Internet,Mes_a_Mes,Si,0
51,98.38,5373.8,Si,Un_Ano,No,0
60,35.63,2225.75,Si,Un_Ano,No,0
31,69.91,2331.96,No,Mes_a_Mes,Si,0
30,73.3,2178.43,Si,Mes_a_Mes,Si,0
24,78.55,1985.45,No,Un_Ano,No,1
18,59.34,1018.13,No,Un_Ano,Si,0
58,106.33,6620.78,Si,Un_Ano,No,0
17,53.83,877.9,Si,Mes_a_Mes,Si,0
46,71.1,3166.33,No,Dos_Anos,Si,0
19,43.41,860.7,No,Mes_a_Mes,Si,0
12,79.42,1000.26,No,Mes_a_Mes,Si,1
12,43.73,477.8,Si,Mes_a_Mes,Si,0
50,47.94,2229.29,Si,Mes_a_Mes,Si,0
66,66.55,4172.43,Sin_Internet,Mes_a_Mes,Si,0
20,51.39,1130.55,Sin_Internet,Dos_Anos,Si,0
6,28.81,184.01,No,Un_Ano,No,0
1,100.66,104.99,No,Mes_a_Mes,No,0
7,102.91,787.14,Sin_Internet,Un_Ano,Si,1
55,110.57,6309.03,No,Mes_a_Mes,Si,1
15,118.09,1839.24,No,Mes_a_Mes,Si,1
24,35.76,926.59,No,Un_Ano,Si,1
29,51.08,1422.65,No,Mes_a_Mes,No,1
71,84.91,5427.87,No,Dos_Anos,No,0
34,108.26,3839.08,No,Mes_a_Mes,No,0
37,40.42,1392.68,Si,Dos_Anos,Si,0
42,70.94,2852.7,Si,Un_Ano,Si,0
64,117.98,8037.75,Si,Mes_a_Mes,Si,0
19,56.45,1132.17,Si,Un_Ano,Si,0
23,71.65,1639.64,No,Dos_Anos,No,0
71,90.91,5943.84,Si,Mes_a_Mes,Si,0
6,65.06,374.61,Si,Mes_a_Mes,Si,0
55,93.17,5099.27,No,Mes_a_Mes,Si,1
39,39.03,1603.81,Si,Un_Ano,No,0
25,46.91,1286.44,Sin_Internet,Un_Ano,Si,0
4,61.75,253.2,No,Dos_Anos,Si,1
33,118.47,3560.28,No,Un_Ano,Si,1
66,58.13,3622.6,Si,Mes_a_Mes,Si,0
2,111.98,213.19,Si,Mes_a_Mes,No,1
14,108.11,1554.24,No,Un_Ano,Si,0
50,96.8,4373.84,Si,Mes_a_Mes,No,0
11,60.18,662.85,Sin_Internet,Mes_a_Mes,No,1
34,56.39,2107.34,No,Mes_a_Mes,Si,0
38,85.77,3434.4,Si,Dos_Anos,No,0
39,47.09,1935.45,Si,Un_Ano,No,0
22,59.25,1367.47,Sin_Internet,Mes_a_Mes,Si,0
42,102.44,4460.29,No,Mes_a_Mes,Si,1
57,45.02,2462.66,Sin_Internet,Un_Ano,Si,0
38,103.67,4162.36,Si,Mes_a_Mes,Si,1
9,77.44,717.3,Si,Un_Ano,No,0
29,73.6,2018.67,No,Un_Ano,Si,0
69,83.29,6297.57,No,Mes_a_Mes,Si,1
42,84.98,3915.03,No,Mes_a_Mes,Si,0
60,78.04,4564.32,Si,Mes_a_Mes,No,0
39,91.64,3754.93,Sin_Internet,Mes_a_Mes,No,1
60,59.01,3669.03,No,Mes_a_Mes,Si,1
53,102.02,5497.8,No,Mes_a_Mes,Si,0
8,46.01,344.59,No,Un_Ano,No,0
21,92.86,1937.52,Si,Dos_Anos,Si,0
56,61.61,3608.82,Si,Dos_Anos,No,0
48,91.01,4795.14,Si,Dos_Anos,No,0
47,28.08,1349.75,Sin_Internet,Un_Ano,Si,0
9,62.08,586.9,Sin_Internet,Dos_Anos,Si,0
1,116.5,126.14,No,Mes_a_Mes,Si,1
55,79.42,4467.5,Si,Un_Ano,No,0
31,72.43,2364.12,No,Un_Ano,No,1
11,48.51,529.13,No,Dos_Anos,Si,0
66,71.69,4534.61,Si,Mes_a_Mes,Si,0
60,103.22,6184.58,Si,Un_Ano,No,0
31,57.15,1626.01,No,Mes_a_Mes,No,0
50,78.66,4271.24,Sin_Internet,Mes_a_Mes,Si,0
60,88.99,5136.96,Si,Mes_a_Mes,Si,1
62,63.08,3880.48,No,Dos_Anos,Si,0
39,51.89,2085.79,Si,Dos_Anos,Si,0
3,39.78,119.45,Si,Mes_a_Mes,No,0
58,34.61,1920.17,No,Mes_a_Mes,Si,0
68,47.9,3572.69,No,Dos_Anos,No,1
30,26.86,861.93,Si,Dos_Anos,Si,0
67,97.22,5996.27,No,Mes_a_Mes,No,0
68,35.62,2357.92,Sin_Internet,Mes_a_Mes,Si,0
58,110.4,6011.7,Si,Un_Ano,Si,0
53,73.52,3879.94,Si,Dos_Anos,No,0
14,68.41,901.96,Sin_Internet,Mes_a_Mes,Si,1
10,31.15,299.8,No,Un_Ano,Si,0
22,37.67,832.2,No,Dos_Anos,Si,0
63,106.39,6225.46,Si,Mes_a_Mes,No,1
61,88.91,5815.03,Si,Dos_Anos,Si,0
46,33.98,1520.14,No,Mes_a_Mes,Si,0
37,89.71,3594.3,No,Un_Ano,Si,0
21,37.44,712.35,Sin_Internet,Dos_Anos,No,0
3,94.6,299.22,No,Un_Ano,Si,0
19,114.73,2338.98,No,Mes_a_Mes,No,1
32,97.04,3406.23,No,Mes_a_Mes,No,0
24,103.26,2295.78,Si,Mes_a_Mes,Si,0
48,83.96,3976.68,No,Un_Ano,No,0
58,25.35,1546.85,No,Dos_Anos,Si,0
40,99.59,3994.4,Sin_Internet,Dos_Anos,No,0
7,63.39,472.2,Si,Un_Ano,No,0
46,107.94,5445.78,No,Mes_a_Mes,No,0
15,79.42,1252.45,No,Un_Ano,No,0
5,43.2,226.46,Sin_Internet,Dos_Anos,Si,0
59,30.21,1806.59,Sin_Internet,Mes_a_Mes,Si,0
70,77.73,5401.01,Si,Dos_Anos,Si,0
22,78.85,1850.93,No,Mes_a_Mes,Si,1
28,106.71,2828.25,No,Mes_a_Mes,Si,1
54,28.68,1660.68,Si,Mes_a_Mes,Si,0
19,103.02,2089.45,Si,Dos_Anos,No,0
14,63.54,931.76,Si,Un_Ano,Si,1
48,75.19,3750.51,No,Mes_a_Mes,Si,1
7,75.67,477.58,No,Dos_Anos,Si,0
32,61.32,2154.7,No,Mes_a_Mes,Si,0
22,42.67,918.45,Sin_Internet,Mes_a_Mes,Si,0
46,32.49,1458.62,Sin_Internet,Mes_a_Mes,Si,1
13,44.66,637.29,Sin_Internet,Mes_a_Mes,Si,0
22,92.86,1937.46,Si,Dos_Anos,No,0
10,89.81,979.49,Sin_Internet,Un_Ano,Si,1
44,89.16,3832.96,Sin_Internet,Mes_a_Mes,No,1
24,111.23,2454.99,No,Mes_a_Mes,Si,1
59,68.4,4054.22,No,Mes_a_Mes,No,1
62,97.12,6269.8,Si,Un_Ano,Si,0
55,88.48,4972.54,Si,Mes_a_Mes,No,0
49,114.02,6092.23,Sin_Internet,Mes_a_Mes,No,0
50,88.63,4328.44,No,Un_Ano,No,0
19,42.12,791.0,No,Mes_a_Mes,Si,0
58,95.7,5268.55,No,Un_Ano,Si,0
48,59.01,2876.58,No,Mes_a_Mes,No,0
12,49.22,642.57,No,Mes_a_Mes,No,1
20,51.42,996.65,No,Mes_a_Mes,No,1
45,103.38,4293.85,Sin_Internet,Mes_a_Mes,No,1
26,68.02,1721.17,No,Mes_a_Mes,Si,0
31,69.56,2321.62,No,Mes_a_Mes,Si,0
59,26.02,1658.05,Sin_Internet,Mes_a_Mes,Si,0
3,50.66,140.49,No,Un_Ano,No,1
18,108.92,2064.29,Si,Un_Ano,Si,1
21,72.32,1409.87,Sin_Internet,Mes_a_Mes,No,0
57,64.56,3962.85,Si,Mes_a_Mes,No,0
42,32.03,1338.59,No,Dos_Anos,No,0
62,52.87,3539.37,Sin_Internet,Dos_Anos,No,0
30,37.46,1028.16,No,Dos_Anos,Si,0
61,40.62,2267.9,No,Mes_a_Mes,Si,1
36,57.19,2238.1,Sin_Internet,Mes_a_Mes,Si,0
55,31.37,1819.33,No,Mes_a_Mes,No,0
4,98.94,367.7,No,Mes_a_Mes,No,1
15,84.08,1359.7,Si,Un_Ano,Si,0
71,100.98,7676.88,No,Un_Ano,Si,0
57,58.05,3333.85,Si,Mes_a_Mes,Si,0
63,46.11,2710.34,No,Dos_Anos,No,0
64,81.05,5106.73,Si,Mes_a_Mes,No,0
17,27.08,464.99,Si,Dos_Anos,No,0
53,33.46,1670.37,Si,Un_Ano,No,0
40,95.44,4091.29,Si,Mes_a_Mes,No,0
70,109.3,8161.4,No,Un_Ano,Si,0
50,44.52,2013.78,No,Un_Ano,No,0
68,100.14,6155.33,Si,Mes_a_Mes,No,1
15,61.45,910.11,Si,Mes_a_Mes,No,1
34,64.51,2379.43,Si,Mes_a_Mes,Si,1
30,108.98,3444.72,Si,Mes_a_Mes,Si,0
24,84.0,2200.85,Si,Mes_a_Mes,No,1
8,102.13,781.74,No,Mes_a_Mes,Si,1
57,98.7,6152.67,No,Mes_a_Mes,Si,1
70,79.54,5602.88,Si,Un_Ano,Si,0
25,96.05,2454.56,No,Mes_a_Mes,No,0
34,92.28,2967.4,No,Un_Ano,No,0
25,70.63,1752.11,Si,Un_Ano,Si,0
18,39.42,745.92,Sin_Internet,Dos_Anos,Si,0
70,50.31,3416.82,No,Mes_a_Mes,Si,0
14,60.76,777.43,Si,Dos_Anos,Si,0
6,80.74,517.16,No,Mes_a_Mes,Si,0
36,53.29,1739.41,No,Dos_Anos,Si,0
36,44.51,1472.98,Si,Dos_Anos,No,0
18,28.38,524.85,Si,Mes_a_Mes,No,0
15,45.19,700.69,Si,Dos_Anos,Si,0
16,76.21,1231.52,No,Dos_Anos,Si,0
14,38.26,490.41,No,Mes_a_Mes,Si,0
47,27.79,1378.45,Sin_Internet,Un_Ano,Si,0
54,32.1,1767.45,Si,Dos_Anos,No,1
58,115.45,6924.4,Si,Mes_a_Mes,No,1
30,28.37,766.48,No,Dos_Anos,Si,0
46,69.87,2949.12,Sin_Internet,Mes_a_Mes,Si,0
16,90.39,1510.14,No,Un_Ano,No,0
1,46.2,47.84,No,Mes_a_Mes,Si,0
41,116.6,4492.19,Si,Mes_a_Mes,Si,1
27,27.16,734.03,Si,Mes_a_Mes,Si,0
62,108.61,6481.17,No,Mes_a_Mes,No,0
28,62.19,1784.82,Si,Mes_a_Mes,Si,0
20,61.46,1302.33,No,Mes_a_Mes,No,0
55,69.86,3602.57,No,Dos_Anos,No,0
51,117.28,6159.89,Si,Dos_Anos,No,0
69,84.67,5765.57,No,Mes_a_Mes,Si,0
34,108.46,3461.04,No,Dos_Anos,Si,0
27,27.64,730.84,No,Un_Ano,No,0
38,110.21,3856.48,Si,Un_Ano,Si,0
29,45.28,1354.53,Si,Mes_a_Mes,Si,0
35,54.92,2113.73,No,Mes_a_Mes,Si,0
20,31.99,669.65,Si,Mes_a_Mes,Si,1
19,111.93,2276.38,Sin_Internet,Dos_Anos,No,0
5,74.98,354.34,No,Mes_a_Mes,No,0
25,33.56,772.92,Si,Mes_a_Mes,No,1
26,62.76,1469.28,No,Mes_a_Mes,Si,0
51,61.21,3265.05,Si,Mes_a_Mes,No,0
66,29.83,2096.02,Sin_Internet,Un_Ano,Si,0
61,58.02,3319.14,Sin_Internet,Mes_a_Mes,Si,0
15,52.83,789.01,Sin_Internet,Dos_Anos,No,0
45,112.35,5141.72,No,Un_Ano,Si,0
6,101.64,665.72,No,Mes_a_Mes,No,1
58,40.21,2525.26,Sin_Internet,Mes_a_Mes,Si,0
1,113.5,102.51,Si,Un_Ano,Si,0
43,95.6,3740.19,No,Mes_a_Mes,Si,1
16,71.63,1251.27,No,Mes_a_Mes,No,1
14,66.1,843.61,No,Un_Ano,Si,0
19,113.05,2183.18,No,Mes_a_Mes,Si,1
51,54.02,2523.2,Si,Un_Ano,Si,0
8,60.21,497.76,Sin_Internet,Mes_a_Mes,Si,1
48,90.66,4076.84,No,Mes_a_Mes,No,1
12,97.13,1056.96,No,Un_Ano,No,1
70,56.08,3751.96,Si,Un_Ano,No,0
35,112.59,3965.35,Si,Mes_a_Mes,Si,0
70,49.33,3477.27,Si,Mes_a_Mes,Si,0
6,58.01,366.41,No,Dos_Anos,No,0
11,43.67,438.14,No,Un_Ano,Si,0
38,76.02,2604.61,Si,Un_Ano,No,1
26,119.93,3251.77,No,Mes_a_Mes,Si,1
28,93.22,2847.29,No,Dos_Anos,No,0
50,69.78,3274.57,No,Dos_Anos,Si,0
58,118.38,6385.29,No,Un_Ano,No,0
26,29.67,747.19,Sin_Internet,Mes_a_Mes,No,0
44,52.16,2387.87,No,Mes_a_Mes,Si,1
15,104.62,1651.47,Sin_Internet,Un_Ano,No,0
24,74.81,1952.25,Sin_Internet,Dos_Anos,Si,0
59,25.45,1592.22,No,Mes_a_Mes,Si,0
57,68.39,3530.05,Si,Un_Ano,Si,0
17,27.07,433.17,No,Mes_a_Mes,Si,0
1,79.48,77.18,Si,Mes_a_Mes,Si,1
11,85.11,1019.89,No,Mes_a_Mes,No,1
20,44.13,901.24,Si,Mes_a_Mes,No,1
31,118.72,4045.64,Si,Un_Ano,Si,0
39,104.21,3915.95,No,Mes_a_Mes,Si,0
63,69.06,4717.45,Si,Mes_a_Mes,Si,0
6,54.41,339.43,No,Mes_a_Mes,No,1
28,26.17,789.49,No,Dos_Anos,Si,0
51,90.86,5025.54,No,Mes_a_Mes,No,0
53,49.97,2623.53,Sin_Internet,Dos_Anos,Si,0
44,62.49,2954.1,Si,Mes_a_Mes,Si,0
65,65.72,4684.66,No,Mes_a_Mes,No,0
12,106.11,1315.88,Si,Dos_Anos,No,1
28,105.88,2821.77,Si,Un_Ano,No,0
68,98.74,6404.55,Si,Mes_a_Mes,Si,0
30,97.85,3083.68,Sin_Internet,Mes_a_Mes,No,0
35,72.0,2433.64,No,Mes_a_Mes,No,0
6,100.16,590.27,Sin_Internet,Mes_a_Mes,Si,1
30,106.52,3212.55,No,Mes_a_Mes,Si,1
63,72.35,4933.35,No,Mes_a_Mes,Si,1
8,110.54,921.7,Si,Mes_a_Mes,Si,1
33,119.09,3765.69,No,Un_Ano,Si,0
43,41.65,1659.74,Sin_Internet,Mes_a_Mes,No,0
43,118.01,4861.1,Si,Mes_a_Mes,No,0
45,48.35,2103.31,Sin_Internet,Mes_a_Mes,No,0
54,113.73,6427.14,Si,Mes_a_Mes,No,1
65,105.86,6778.02,Sin_Internet,Un_Ano,No,0
7,112.03,862.31,Si,Mes_a_Mes,Si,1
36,68.8,2246.21,No,Mes_a_Mes,Si,0
25,39.35,955.07,Sin_Internet,Dos_Anos,No,0
37,46.15,1566.14,No,Un_Ano,Si,0
12,53.95,628.85,Si,Dos_Anos,No,0
32,48.72,1538.37,Si,Un_Ano,No,0
49,116.9,6176.2,No,Mes_a_Mes,No,1
38,39.83,1490.95,No,Dos_Anos,No,0
56,90.15,4569.31,No,Un_Ano,No,0
65,73.6,5219.52,Sin_Internet,Mes_a_Mes,No,0
26,28.25,682.39,Si,Mes_a_Mes,Si,1
57,45.1,2711.43,Si,Mes_a_Mes,Si,0
14,113.69,1496.25,Si,Un_Ano,Si,0
56,102.6,6232.06,No,Un_Ano,No,0
70,80.67,5338.06,No,Mes_a_Mes,No,0
41,32.29,1417.93,Si,Un_Ano,Si,0
51,38.16,1912.9,No,Mes_a_Mes,Si,0
67,94.41,6258.6,Si,Dos_Anos,No,0
12,96.92,1193.09,Sin_Internet,Un_Ano,Si,1
49,116.02,5670.68,Si,Dos_Anos,No,0
1,44.53,43.08,Sin_Internet,Mes_a_Mes,Si,0
19,86.66,1561.78,No,Un_Ano,No,0
66,65.93,4147.94,No,Un_Ano,No,0
58,35.82,2162.14,No,Mes_a_Mes,Si,0
4,56.93,209.9,Si,Mes_a_Mes,Si,1
8,59.91,485.18,Si,Mes_a_Mes,No,1
27,68.08,1793.86,Si,Mes_a_Mes,No,1
26,52.84,1333.48,No,Mes_a_Mes,Si,1
43,77.5,3476.13,Sin_Internet,Mes_a_Mes,Si,0
40,82.61,3306.53,Si,Un_Ano,Si,0
50,64.22,2939.47,Sin_Internet,Dos_Anos,Si,0
67,60.47,4383.36,No,Mes_a_Mes,Si,0
29,87.27,2732.29,Sin_Internet,Mes_a_Mes,No,1
42,30.15,1247.4,Si,Mes_a_Mes,Si,1
18,107.31,1743.74,Sin_Internet,Mes_a_Mes,Si,1
21,117.59,2252.21,Si,Mes_a_Mes,Si,1
67,30.25,2023.34,No,Un_Ano,Si,0
62,92.37,5247.51,No,Dos_Anos,No,0
27,48.96,1306.91,No,Mes_a_Mes,Si,0
47,65.85,2902.91,No,Mes_a_Mes,Si,0
26,50.71,1398.22,Sin_Internet,Mes_a_Mes,Si,1
9,45.35,397.34,Sin_Internet,Mes_a_Mes,Si,0
12,66.89,783.17,Sin_Internet,Mes_a_Mes,Si,1
16,60.3,873.13,No,Mes_a_Mes,No,1
47,65.45,3170.75,Si,Mes_a_Mes,Si,0
56,101.77,6010.82,Si,Mes_a_Mes,No,0
66,117.97,7417.7,No,Dos_Anos,Si,0
51,38.62,2015.63,No,Un_Ano,No,0
27,95.69,2659.53,No,Mes_a_Mes,No,0
66,77.16,5224.63,Si,Mes_a_Mes,No,0
62,60.44,3895.9,Si,Un_Ano,Si,0
71,87.75,6585.36,No,Dos_Anos,Si,0
8,108.74,914.82,Si,Mes_a_Mes,No,1
38,85.94,3314.07,Si,Dos_Anos,No,0
6,91.85,599.47,Si,Mes_a_Mes,No,1
59,39.08,2435.05,Si,Mes_a_Mes,Si,1
19,92.73,1899.6,No,Dos_Anos,No,0
56,118.68,6656.48,No,Mes_a_Mes,No,0
28,116.16,3382.89,Sin_Internet,Mes_a_Mes,Si,1
10,63.87,685.08,Sin_Internet,Un_Ano,Si,0
45,108.81,4935.4,Si,Mes_a_Mes,Si,1
65,81.18,5671.43,No,Mes_a_Mes,No,0
50,36.24,1893.62,No,Dos_Anos,Si,0
32,117.93,3965.3,Si,Mes_a_Mes,No,1
61,83.25,5512.28,Si,Mes_a_Mes,Si,0
16,35.06,541.92,Sin_Internet,Un_Ano,Si,1
6,79.36,485.18,Sin_Internet,Dos_Anos,Si,0
66,93.54,5892.94,No,Mes_a_Mes,No,0
62,47.54,2964.68,Sin_Internet,Mes_a_Mes,No,1
66,89.83,5861.96,No,Mes_a_Mes,Si,0
67,116.76,7756.3,Si,Mes_a_Mes,No,0
19,47.01,841.13,No,Mes_a_Mes,No,1
4,71.63,293.71,No,Dos_Anos,Si,0
43,54.83,2497.07,No,Mes_a_Mes,Si,0
18,61.85,1061.79,No,Mes_a_Mes,Si,0
46,104.53,4446.72,No,Un_Ano,No,0
46,103.24,4516.68,Si,Un_Ano,Si,1
21,25.79,569.24,Si,Un_Ano,No,0
30,36.6,1002.12,Si,Mes_a_Mes,Si,0
64,58.16,3809.94,Si,Dos_Anos,No,0
41,53.79,2346.45,Si,Dos_Anos,No,0
17,33.89,610.89,Si,Un_Ano,No,0
5,90.33,495.69,No,Mes_a_Mes,Si,1
5,86.06,455.26,Si,Mes_a_Mes,No,1
48,48.57,2161.09,No,Mes_a_Mes,No,0
38,59.36,2186.71,Si,Mes_a_Mes,Si,0
6,71.36,403.92,No,Dos_Anos,Si,0
58,29.3,1657.38,Si,Un_Ano,No,0
14,39.71,571.16,Si,Un_Ano,No,0
59,86.45,4886.16,No,Mes_a_Mes,Si,0
65,71.14,4280.78,No,Un_Ano,No,0
13,82.04,1112.21,Si,Mes_a_Mes,Si,1
27,117.46,2928.61,Sin_Internet,Mes_a_Mes,No,1
25,96.77,2635.97,Si,Mes_a_Mes,No,1
56,116.98,6706.24,Si,Mes_a_Mes,No,0
68,81.14,5809.29,No,Mes_a_Mes,Si,0
59,25.14,1579.46,Si,Un_Ano,Si,0
49,33.91,1709.12,Si,Mes_a_Mes,No,0
18,91.21,1708.11,Si,Mes_a_Mes,No,1
3,53.98,171.34,No,Mes_a_Mes,Si,1
57,64.31,3632.01,Si,Un_Ano,Si,0
6,89.16,481.76,No,Un_Ano,Si,1
69,56.68,4276.19,No,Un_Ano,Si,0
31,108.0,3175.73,No,Dos_Anos,Si,0
8,61.81,459.84,Sin_Internet,Mes_a_Mes,Si,1
10,29.21,316.59,Si,Mes_a_Mes,No,0
3,118.5,358.43,Si,Mes_a_Mes,No,0
12,71.52,819.73,Si,Mes_a_Mes,Si,0
19,58.3,1203.35,Sin_Internet,Mes_a_Mes,No,0
21,110.42,2483.62,No,Un_Ano,Si,0
14,106.78,1481.71,Si,Dos_Anos,Si,0
29,28.59,904.76,Sin_Internet,Un_Ano,Si,0
7,101.8,654.63,No,Mes_a_Mes,Si,1
49,71.55,3812.8,Si,Dos_Anos,No,0
65,88.98,5737.85,No,Mes_a_Mes,Si,0
7,38.87,269.99,No,Mes_a_Mes,Si,0
14,88.41,1226.18,Sin_Internet,Mes_a_Mes,No,0
16,46.86,739.34,Si,Dos_Anos,Si,0
16,36.15,582.72,Sin_Internet,Mes_a_Mes,Si,1
13,37.79,539.92,No,Dos_Anos,Si,1
29,53.49,1400.58,Si,Un_Ano,No,0
61,119.21,7271.91,Si,Mes_a_Mes,Si,1
37,30.16,1067.63,Si,Mes_a_Mes,No,1
17,56.44,896.44,No,Mes_a_Mes,Si,1
31,74.88,2518.63,No,Un_Ano,No,0
59,44.66,2574.07,Si,Mes_a_Mes,Si,0
47,116.35,5519.19,Si,Dos_Anos,Si,0
6,68.75,448.01,No,Mes_a_Mes,No,0
32,90.81,2893.95,No,Mes_a_Mes,Si,0
31,59.2,1757.46,No,Un_Ano,Si,0
18,43.45,719.03,Si,Un_Ano,No,0
9,53.84,494.09,No,Mes_a_Mes,Si,0
3,51.57,167.45,Si,Dos_Anos,No,0
71,105.52,6863.74,Si,Dos_Anos,Si,0
26,26.4,678.98,Si,Mes_a_Mes,Si,1
13,109.9,1475.74,Sin_Internet,Un_Ano,Si,0
34,62.32,1949.67,Si,Mes_a_Mes,Si,0
43,83.6,3291.91,No,Mes_a_Mes,No,0
33,101.53,3152.47,No,Mes_a_Mes,No,1
69,68.79,4396.51,Si,Mes_a_Mes,Si,0
36,33.8,1187.07,No,Dos_Anos,Si,0
68,76.46,5105.89,Si,Un_Ano,Si,0
47,36.55,1701.61,No,Un_Ano,Si,0
61,103.34,6292.55,No,Un_Ano,Si,0
45,86.55,3550.65,No,Dos_Anos,Si,0
48,81.25,4027.11,Sin_Internet,Mes_a_Mes,Si,0
41,25.04,1074.63,No,Dos_Anos,No,0
38,116.21,4095.58,Si,Un_Ano,Si,0
68,37.38,2403.04,Sin_Internet,Un_Ano,No,0
11,42.43,446.25,No,Mes_a_Mes,No,1
16,118.69,1867.21,No,Mes_a_Mes,Si,1
65,33.51,2135.27,No,Mes_a_Mes,No,0
71,95.46,6378.69,Si,Mes_a_Mes,Si,1
67,34.02,2084.9,Si,Dos_Anos,Si,0
71,94.62,6436.49,No,Mes_a_Mes,Si,0
1,109.49,115.6,Si,Un_Ano,No,0
71,58.22,3768.5,Si,Mes_a_Mes,Si,1
4,54.68,212.87,Si,Mes_a_Mes,No,1
37,113.63,3945.98,No,Mes_a_Mes,Si,0
14,32.09,468.35,Si,Un_Ano,Si,1
25,58.02,1401.6,Si,Dos_Anos,No,0
4,87.03,340.97,No,Mes_a_Mes,Si,1
66,90.31,6457.68,Si,Mes_a_Mes,Si,1
43,68.04,2990.79,No,Un_Ano,Si,0
26,106.1,2937.26,Si,Mes_a_Mes,Si,0
15,105.65,1643.36,Si,Un_Ano,Si,0
6,102.62,672.37,No,Mes_a_Mes,No,1
37,41.22,1546.97,Sin_Internet,Mes_a_Mes,Si,0
43,86.43,3530.61,Sin_Internet,Mes_a_Mes,Si,0
42,105.84,4618.08,Si,Mes_a_Mes,No,1
13,33.96,469.76,Si,Mes_a_Mes,No,0
16,48.24,844.02,No,Mes_a_Mes,No,0
42,117.91,5068.85,Si,Un_Ano,Si,0
38,68.88,2785.99,No,Un_Ano,Si,0
66,75.37,5183.96,Si,Mes_a_Mes,Si,1
65,58.28,3996.58,No,Un_Ano,No,0
5,62.26,317.39,No,Dos_Anos,No,0
30,109.98,3161.53,Si,Mes_a_Mes,No,0
43,44.88,1770.67,Sin_Internet,Mes_a_Mes,Si,0
32,51.52,1721.15,Si,Mes_a_Mes,Si,0
67,72.56,5181.91,Si,Dos_Anos,No,0
67,54.5,3849.53,No,Mes_a_Mes,Si,0
42,109.8,4186.98,No,Mes_a_Mes,Si,0
5,85.13,387.77,No,Un_Ano,No,1
59,72.86,3957.53,Sin_Internet,Dos_Anos,Si,0
23,82.39,2017.93,Sin_Internet,Un_Ano,Si,0
8,26.88,219.8,Sin_Internet,Mes_a_Mes,Si,0
68,95.47,6608.43,No,Mes_a_Mes,Si,1
70,56.87,3752.66,Si,Dos_Anos,Si,0
19,82.78,1439.62,Si,Mes_a_Mes,Si,1
44,104.06,4849.8,Si,Dos_Anos,No,0
38,57.82,2341.47,Si,Mes_a_Mes,Si,1
44,28.51,1192.06,No,Dos_Anos,Si,0
6,25.09,160.35,No,Mes_a_Mes,No,0
3,106.68,308.07,No,Dos_Anos,No,1
33,76.92,2696.74,Si,Mes_a_Mes,Si,0
66,86.79,5234.0,No,Mes_a_Mes,No,1
58,81.7,4591.45,Sin_Internet,Mes_a_Mes,Si,1
26,41.06,1125.3,No,Mes_a_Mes,Si,0
28,28.63,767.77,Sin_Internet,Mes_a_Mes,No,0
43,48.1,1878.14,Si,Dos_Anos,Si,0
16,119.13,1772.78,Si,Mes_a_Mes,Si,1
23,64.69,1625.26,Si,Un_Ano,No,0
59,112.88,6793.44,Si,Mes_a_Mes,Si,1
35,49.72,1627.77,No,Mes_a_Mes,No,1
41,92.96,3923.94,Sin_Internet,Un_Ano,Si,0
22,27.47,619.24,Si,Mes_a_Mes,Si,0
1,26.25,25.77,Sin_Internet,Un_Ano,Si,0
46,69.26,3292.23,Si,Mes_a_Mes,Si,1
22,86.66,1758.5,Si,Un_Ano,No,0
32,116.41,3592.07,Si,Mes_a_Mes,Si,0
30,27.82,757.41,No,Un_Ano,No,0
43,118.85,5534.18,No,Mes_a_Mes,No,1
12,69.82,903.69,No,Mes_a_Mes,No,0
71,97.81,6533.33,No,Mes_a_Mes,No,1
27,86.4,2429.68,No,Mes_a_Mes,Si,1
26,48.54,1341.06,Si,Dos_Anos,Si,0
18,56.59,999.72,No,Dos_Anos,No,0
66,81.16,5696.1,No,Mes_a_Mes,No,0
61,34.16,2080.59,Sin_Internet,Un_Ano,No,0
46,98.6,4805.2,Si,Dos_Anos,No,0
29,100.96,3078.54,No,Mes_a_Mes,No,1
32,102.96,3335.51,Si,Dos_Anos,Si,0
15,105.62,1586.63,Si,Dos_Anos,No,1
60,90.46,5202.66,No,Un_Ano,Si,0
28,95.67,2631.31,No,Dos_Anos,Si,0
27,80.93,2137.8,No,Mes_a_Mes,Si,1
41,46.53,1756.36,Si,Dos_Anos,Si,0
47,32.89,1553.27,Sin_Internet,Dos_Anos,Si,0
33,41.96,1406.92,Si,Mes_a_Mes,No,0
44,43.35,2086.32,Sin_Internet,Mes_a_Mes,Si,0
50,97.0,4639.4,Sin_Internet,Mes_a_Mes,Si,0
10,115.04,1127.27,Si,Mes_a_Mes,No,1
24,102.37,2482.37,Si,Dos_Anos,No,0
34,119.26,4341.14,Si,Un_Ano,Si,0
20,29.15,554.78,Si,Mes_a_Mes,Si,0
25,28.05,663.99,Sin_Internet,Mes_a_Mes,Si,0
55,89.94,4978.24,Si,Mes_a_Mes,Si,1
43,27.43,1091.87,No,Dos_Anos,Si,0
53,109.62,6038.1,Si,Dos_Anos,Si,0
50,69.86,3744.35,No,Dos_Anos,Si,0
55,112.82,5621.21,No,Mes_a_Mes,No,1
13,48.74,594.97,No,Dos_Anos,Si,1
49,86.03,4282.17,Sin_Internet,Un_Ano,Si,0
10,91.41,974.03,No,Mes_a_Mes,Si,1
11,52.29,574.05,No,Un_Ano,Si,0
20,59.89,1265.92,No,Mes_a_Mes,No,1
48,77.39,3656.96,No,Un_Ano,No,0
17,61.45,1021.15,Sin_Internet,Un_Ano,No,0
33,71.69,2215.14,Sin_Internet,Dos_Anos,Si,0
20,68.32,1271.19,Si,Dos_Anos,Si,0
46,88.27,4259.6,Sin_Internet,Mes_a_Mes,No,0
31,32.73,947.53,No,Mes_a_Mes,Si,1
51,115.88,5800.83,Si,Mes_a_Mes,Si,0
19,34.77,666.58,Sin_Internet,Mes_a_Mes,No,1
62,57.12,3374.56,No,Mes_a_Mes,Si,1
44,25.83,1212.08,Sin_Internet,Dos_Anos,No,0
38,102.52,3821.56,No,Mes_a_Mes,Si,0
49,35.69,1705.7,Si,Dos_Anos,Si,0
65,51.46,3129.61,Si,Mes_a_Mes,Si,0
11,67.92,705.25,Si,Dos_Anos,Si,0
27,105.18,2721.31,No,Dos_Anos,No,0
58,97.89,5506.53,Sin_Internet,Dos_Anos,Si,0
64,39.24,2612.47,No,Mes_a_Mes,No,1
65,67.43,4818.01,No,Mes_a_Mes,No,0
15,56.61,850.26,No,Dos_Anos,No,0
1,115.11,119.84,Si,Mes_a_Mes,Si,1
19,106.3,1916.17,No,Mes_a_Mes,Si,1
56,39.29,2396.98,No,Mes_a_Mes,Si,1
64,65.82,4473.98,Si,Mes_a_Mes,Si,0
34,67.24,2370.78,No,Un_Ano,Si,0
64,116.29,7164.79,Si,Un_Ano,Si,0
10,100.55,921.36,Sin_Internet,Mes_a_Mes,Si,0
60,101.86,6683.92,Si,Mes_a_Mes,Si,1
39,59.97,2444.17,Sin_Internet,Dos_Anos,No,0
66,91.08,5574.35,No,Mes_a_Mes,Si,1
32,55.42,1791.83,Sin_Internet,Mes_a_Mes,Si,1
51,103.33,5386.83,No,Mes_a_Mes,No,1
26,116.21,2987.29,Si,Mes_a_Mes,No,1
57,82.96,4702.01,Si,Mes_a_Mes,No,1
60,75.23,4555.32,Si,Dos_Anos,No,0
55,107.89,6291.77,No,Dos_Anos,Si,0
6,110.98,707.39,Si,Mes_a_Mes,Si,1
7,33.57,256.64,Si,Mes_a_Mes,No,0
66,91.24,5626.69,No,Un_Ano,Si,0
26,84.7,2030.54,Sin_Internet,Dos_Anos,Si,0
5,44.97,229.82,Si,Mes_a_Mes,Si,1
1,36.86,38.36,No,Mes_a_Mes,No,1
2,52.1,100.86,No,Un_Ano,No,0
65,41.05,2926.99,No,Mes_a_Mes,Si,0
10,48.05,513.29,No,Mes_a_Mes,No,0
50,112.17,5600.8,Sin_Internet,Mes_a_Mes,No,1
51,112.04,5970.26,Si,Mes_a_Mes,Si,1
69,49.09,3355.41,No,Mes_a_Mes,No,1
41,44.2,1703.33,Si,Dos_Anos,No,0
58,68.18,3685.04,Sin_Internet,Un_Ano,No,0
68,88.08,5737.86,No,Mes_a_Mes,No,1
24,38.1,986.77,Sin_Internet,Mes_a_Mes,No,1
56,102.65,5605.53,Sin_Internet,Mes_a_Mes,Si,0
36,31.99,1245.32,Si,Un_Ano,No,0
2,35.77,75.81,Si,Mes_a_Mes,No,0
56,85.46,4888.09,No,Dos_Anos,No,0
12,44.4,575.15,No,Mes_a_Mes,Si,0
12,46.76,526.27,No,Un_Ano,Si,0
22,108.25,2179.65,Sin_Internet,Mes_a_Mes,Si,1
62,59.6,3880.24,No,Dos_Anos,Si,0
64,112.52,7785.18,Si,Mes_a_Mes,Si,0
28,35.33,966.11,Sin_Internet,Mes_a_Mes,No,1
28,113.51,2863.41,Sin_Internet,Mes_a_Mes,No,1
4,111.9,471.44,No,Mes_a_Mes,Si,1
45,76.28,3339.88,Si,Mes_a_Mes,Si,1
13,97.04,1283.12,Si,Un_Ano,No,1
4,66.53,250.65,Si,Mes_a_Mes,No,0
61,97.74,6178.35,Si,Mes_a_Mes,Si,1
26,48.09,1258.32,No,Dos_Anos,Si,0
6,110.8,602.06,Si,Mes_a_Mes,No,1
56,99.9,5041.81,No,Un_Ano,Si,0
27,94.59,2522.13,No,Dos_Anos,Si,0
35,101.46,3312.42,No,Dos_Anos,No,0
58,57.76,3621.86,No,Mes_a_Mes,No,0
63,43.04,2496.96,Sin_Internet,Un_Ano,No,0
33,58.71,2021.2,Sin_Internet,Mes_a_Mes,Si,0
33,28.68,918.04,Si,Mes_a_Mes,Si,0
69,50.67,3800.38,Sin_Internet,Mes_a_Mes,Si,0
40,82.69,3064.78,Si,Un_Ano,Si,0
47,105.42,5229.95,Si,Mes_a_Mes,Si,1
45,113.38,5570.7,Sin_Internet,Mes_a_Mes,No,0
27,93.61,2758.47,No,Mes_a_Mes,Si,0
7,109.73,730.66,No,Mes_a_Mes,No,1
58,52.68,2931.06,Si,Un_Ano,No,0
14,89.38,1163.6,No,Un_Ano,No,1
4,117.79,459.16,No,Mes_a_Mes,Si,1
34,83.03,2925.83,Sin_Internet,Dos_Anos,Si,0
38,65.65,2250.6,Sin_Internet,Mes_a_Mes,No,0
20,49.95,1029.03,No,Mes_a_Mes,Si,1
46,54.9,2281.86,No,Mes_a_Mes,Si,1
19,44.23,868.51,No,Mes_a_Mes,No,1
1,91.77,98.02,No,Mes_a_Mes,Si,0
23,93.78,2096.62,Sin_Internet,Un_Ano,Si,0
62,99.06,6027.02,Sin_Internet,Un_Ano,Si,0
28,69.41,2031.97,No,Mes_a_Mes,Si,0
33,38.13,1336.12,Si,Mes_a_Mes,No,0
3,65.08,214.75,No,Dos_Anos,Si,0
16,96.11,1550.25,Si,Mes_a_Mes,Si,1
30,106.3,3415.15,No,Mes_a_Mes,No,1
25,32.71,745.15,Si,Mes_a_Mes,No,0
1,48.17,44.38,No,Mes_a_Mes,Si,1
33,116.39,4125.41,Sin_Internet,Mes_a_Mes,Si,0
37,66.04,2384.07,Si,Un_Ano,No,0
29,31.71,869.21,Sin_Internet,Mes_a_Mes,Si,0
37,44.35,1609.85,Sin_Internet,Mes_a_Mes,No,1
61,103.62,6353.21,No,Un_Ano,Si,0
8,97.15,749.86,Si,Un_Ano,No,0
1,45.66,42.9,No,Mes_a_Mes,Si,1
63,34.65,1980.81,Si,Mes_a_Mes,Si,0
65,32.54,2228.3,Si,Mes_a_Mes,No,0
46,72.47,3602.96,Si,Mes_a_Mes,Si,0
43,91.08,3538.28,Sin_Internet,Mes_a_Mes,No,0
10,55.75,540.72,Si,Mes_a_Mes,Si,0
10,33.19,357.97,Sin_Internet,Un_Ano,No,0
62,71.74,4021.48,No,Un_Ano,Si,0
51,45.8,2443.94,No,Mes_a_Mes,Si,0
45,42.19,1801.08,Si,Mes_a_Mes,Si,0
45,98.59,4678.82,Sin_Internet,Mes_a_Mes,No,0
58,82.42,4951.75,No,Mes_a_Mes,Si,0
66,54.93,3945.29,No,Un_Ano,Si,0
24,68.75,1586.19,No,Mes_a_Mes,Si,0
65,46.27,2797.96,Sin_Internet,Dos_Anos,No,0
55,78.36,4305.52,No,Un_Ano,No,0
51,96.91,5421.65,No,Mes_a_Mes,No,0
21,65.7,1252.88,Sin_Internet,Dos_Anos,Si,0
47,61.45,2702.37,Sin_Internet,Un_Ano,Si,0
22,48.92,1153.14,Sin_Internet,Dos_Anos,No,0
29,55.73,1676.39,Sin_Internet,Mes_a_Mes,Si,0
40,59.21,2332.83,Sin_Internet,Un_Ano,Si,0
3,54.72,163.95,Sin_Internet,Dos_Anos,Si,1
49,33.58,1565.06,Si,Un_Ano,Si,0
25,39.04,1066.27,No,Dos_Anos,No,0
11,119.64,1274.72,No,Dos_Anos,Si,1
48,59.49,2786.91,Si,Un_Ano,No,0
32,101.51,3228.22,No,Mes_a_Mes,Si,0
3,93.14,263.42,No,Dos_Anos,Si,1
45,78.6,3322.29,Si,Un_Ano,No,0
20,67.73,1381.87,No,Mes_a_Mes,Si,0
20,88.2,1860.91,No,Mes_a_Mes,Si,1
51,80.5,4312.56,Si,Dos_Anos,Si,0
20,94.72,1919.26,No,Un_Ano,No,0
14,119.42,1718.33,Sin_Internet,Mes_a_Mes,No,0
32,54.92,1779.83,Sin_Internet,Un_Ano,No,0
42,56.73,2561.32,No,Dos_Anos,No,0
39,90.47,3448.9,No,Un_Ano,Si,1
38,105.23,3697.47,No,Mes_a_Mes,Si,1
64,43.05,2719.66,Si,Un_Ano,Si,1
4,106.2,456.3,No,Mes_a_Mes,Si,1
63,110.16,7496.37,Si,Un_Ano,Si,1
61,62.51,3881.36,Si,Un_Ano,Si,0
5,50.32,229.57,No,Mes_a_Mes,No,1
66,63.06,4347.05,No,Un_Ano,No,0
45,42.73,1981.71,No,Mes_a_Mes,Si,1
50,30.62,1516.21,No,Mes_a_Mes,No,0
3,100.74,281.85,Sin_Internet,Mes_a_Mes,Si,1
23,79.13,1858.74,No,Dos_Anos,Si,0
11,71.94,788.54,Si,Un_Ano,Si,0
38,45.33,1571.1,Si,Dos_Anos,No,0
56,77.48,4250.2,Si,Mes_a_Mes,Si,0
35,63.16,2404.56,No,Mes_a_Mes,Si,0
65,73.09,4666.74,No,Mes_a_Mes,Si,0
6,33.63,198.93,Si,Un_Ano,No,0
70,112.67,7977.5,Si,Un_Ano,Si,0
40,97.6,3745.6,Sin_Internet,Mes_a_Mes,Si,1
35,95.41,3054.53,Si,Un_Ano,Si,0
13,80.27,1064.64,Si,Mes_a_Mes,Si,1
25,46.63,1164.6,Sin_Internet,Un_Ano,No,0
67,34.84,2419.83,No,Dos_Anos,Si,0
68,59.33,4015.41,No,Mes_a_Mes,Si,0
47,64.22,2865.81,Si,Un_Ano,Si,1
55,97.3,5227.75,No,Un_Ano,Si,0
43,39.07,1516.55,No,Dos_Anos,Si,1
2,102.6,191.05,No,Mes_a_Mes,Si,0
45,67.07,3190.79,Si,Mes_a_Mes,Si,1
48,101.0,5266.55,Si,Mes_a_Mes,No,0
62,72.0,4343.58,No,Mes_a_Mes,Si,0
38,29.9,1233.33,No,Mes_a_Mes,No,0
47,82.77,3995.59,No,Mes_a_Mes,Si,0
4,65.58,250.8,Si,Mes_a_Mes,No,0
60,68.63,4199.95,No,Un_Ano,No,0
49,99.35,5168.14,Sin_Internet,Dos_Anos,Si,0
34,46.14,1658.45,No,Mes_a_Mes,No,0
44,27.44,1300.35,No,Dos_Anos,No,0
56,52.18,3089.91,Si,Mes_a_Mes,No,0
42,39.74,1734.36,Sin_Internet,Mes_a_Mes,No,0
50,57.66,2815.94,No,Dos_Anos,Si,0
69,44.76,2890.62,No,Dos_Anos,Si,0
33,34.22,1041.78,No,Un_Ano,Si,0
67,103.62,7376.69,Si,Dos_Anos,No,1
42,44.9,1986.4,Sin_Internet,Mes_a_Mes,Si,1
44,59.56,2827.38,Si,Mes_a_Mes,Si,1
68,25.18,1565.21,No,Dos_Anos,No,0
57,98.31,5755.31,Si,Mes_a_Mes,No,0
36,69.01,2593.9,No,Dos_Anos,Si,0
41,107.14,4315.92,No,Mes_a_Mes,No,1
56,30.02,1691.69,No,Un_Ano,Si,0
3,40.56,121.6,No,Dos_Anos,Si,0
56,49.48,2734.83,Sin_Internet,Dos_Anos,Si,0
56,109.38,5868.77,Sin_Internet,Dos_Anos,Si,0
65,58.63,4183.67,No,Mes_a_Mes,Si,1
39,42.76,1795.5,Si,Mes_a_Mes,No,0
