id_cliente,edad,ingreso_mensual,antiguedad_laboral_meses,score_credito,ratio_deuda_ingreso,riesgo_default
CLI-00001,59,2369054.09,151,596,0.641,1
CLI-00002,49,5130004.76,169,396,0.207,0
CLI-00003,35,2761600.97,104,595,0.217,0
CLI-00004,63,3903835.82,178,476,0.409,1
CLI-00005,28,4201258.41,124,496,0.592,1
CLI-00006,41,4484860.77,78,467,0.081,1
CLI-00007,59,2980380.82,127,748,0.535,1
CLI-00008,39,4468715.81,35,731,0.504,0
CLI-00009,43,2791421.33,113,761,0.212,0
CLI-00010,31,5413704.84,103,501,0.527,0
CLI-00011,31,3993280.76,37,421,0.708,1
CLI-00012,44,4479065.92,161,712,0.083,0
CLI-00013,56,8825868.31,177,486,0.274,0
CLI-00014,60,2207211.98,84,524,0.357,1
CLI-00015,44,6699448.08,46,638,0.679,1
CLI-00016,23,1300000.0,68,795,0.724,1
CLI-00017,42,1300000.0,28,830,0.361,0
CLI-00018,22,1966847.86,109,368,0.575,1
CLI-00019,44,2080448.94,80,544,0.422,1
CLI-00020,64,4566663.24,53,679,0.426,1
CLI-00021,50,4721716.08,165,773,0.245,0
CLI-00022,58,3741321.72,62,524,0.202,1
CLI-00023,22,3930219.66,123,839,0.252,0
CLI-00024,41,5149976.57,105,798,0.439,0
CLI-00025,53,5699802.98,129,762,0.07,0
CLI-00026,32,1812229.77,166,783,0.685,0
CLI-00027,42,3548596.25,157,703,0.159,0
CLI-00028,64,4074738.32,172,848,0.204,0
CLI-00029,45,5073568.79,39,490,0.413,0
CLI-00030,47,2809199.14,161,595,0.547,1
CLI-00031,62,4039401.88,170,734,0.117,0
CLI-00032,48,4253970.54,12,767,0.272,0
CLI-00033,36,2931953.81,170,442,0.728,1
CLI-00034,35,2889032.73,61,781,0.234,0
CLI-00035,67,4377742.4,70,588,0.269,0
CLI-00036,64,3965378.74,52,554,0.636,0
CLI-00037,23,5100859.53,153,397,0.085,1
CLI-00038,57,2304134.3,24,782,0.375,1
CLI-00039,27,3568773.25,162,594,0.316,0
CLI-00040,41,3787411.11,151,669,0.272,0
CLI-00041,29,5664955.03,168,666,0.25,1
CLI-00042,59,2507255.21,176,762,0.114,0
CLI-00043,38,4622373.61,131,644,0.27,1
CLI-00044,24,4654959.91,144,477,0.08,0
CLI-00045,45,7163515.04,54,693,0.597,1
CLI-00046,34,2387239.14,118,631,0.329,0
CLI-00047,29,3016980.03,43,366,0.361,1
CLI-00048,46,2512759.77,69,420,0.676,1
CLI-00049,22,1300000.0,74,618,0.511,1
CLI-00050,40,7376436.48,141,674,0.056,0
CLI-00051,48,1965297.78,167,631,0.71,0
CLI-00052,67,2730650.26,121,654,0.216,0
CLI-00053,27,6568379.71,70,800,0.125,0
CLI-00054,64,1300000.0,36,356,0.588,1
CLI-00055,28,5561432.82,137,663,0.4,0
CLI-00056,67,1656556.18,118,654,0.354,0
CLI-00057,55,6444050.53,114,452,0.225,1
CLI-00058,34,1300000.0,74,658,0.433,1
CLI-00059,37,1300000.0,163,542,0.242,1
CLI-00060,56,3219139.98,125,590,0.681,1
CLI-00061,60,5949280.84,93,411,0.201,1
CLI-00062,24,4144275.15,72,366,0.669,1
CLI-00063,22,3595712.87,80,520,0.442,1
CLI-00064,26,6622879.57,50,374,0.63,1
CLI-00065,62,8079431.17,9,600,0.549,1
CLI-00066,24,5410063.11,159,602,0.538,1
CLI-00067,49,3078861.89,160,736,0.277,1
CLI-00068,38,3447342.54,179,556,0.214,0
CLI-00069,46,1880794.72,112,378,0.198,1
CLI-00070,64,4381471.36,56,466,0.65,0
CLI-00071,54,1300000.0,55,840,0.624,0
CLI-00072,30,5193354.58,11,765,0.358,0
CLI-00073,56,7810033.28,64,631,0.143,1
CLI-00074,34,5491664.84,130,729,0.318,0
CLI-00075,51,3355534.1,148,493,0.484,1
CLI-00076,35,5148487.34,35,374,0.368,1
CLI-00077,28,7116960.2,175,659,0.596,0
CLI-00078,34,7026890.34,127,505,0.748,1
CLI-00079,43,2393235.8,130,422,0.184,1
CLI-00080,60,5118533.5,42,469,0.372,1
CLI-00081,41,3915417.32,175,661,0.352,0
CLI-00082,36,5651867.85,129,670,0.263,0
CLI-00083,65,4890505.12,106,442,0.189,1
CLI-00084,38,1300000.0,40,435,0.096,1
CLI-00085,67,3573576.44,92,685,0.671,1
CLI-00086,44,4557405.05,139,774,0.344,0
CLI-00087,46,1618143.06,23,848,0.398,0
CLI-00088,45,5245839.62,118,713,0.692,0
CLI-00089,65,1456772.56,34,784,0.593,0
CLI-00090,61,2762809.71,82,467,0.141,1
CLI-00091,49,6614361.46,64,582,0.446,1
CLI-00092,35,2609199.98,131,548,0.36,0
CLI-00093,65,5233140.53,150,555,0.608,0
CLI-00094,21,1300000.0,114,762,0.557,0
CLI-00095,45,7946366.38,27,688,0.533,0
CLI-00096,27,3651803.45,73,496,0.288,1
CLI-00097,29,4371577.45,74,799,0.613,0
CLI-00098,44,4522266.23,170,774,0.087,0
CLI-00099,21,5293620.36,54,778,0.162,1
CLI-00100,64,1465476.03,146,620,0.285,1
CLI-00101,28,4190394.35,167,736,0.104,1
CLI-00102,44,3014216.11,114,488,0.214,0
CLI-00103,31,1300000.0,91,530,0.631,1
CLI-00104,37,5976819.96,58,779,0.714,0
CLI-00105,28,3566088.63,128,379,0.263,1
CLI-00106,55,4636536.77,92,406,0.235,1
CLI-00107,55,4523721.75,136,581,0.246,1
CLI-00108,53,3597265.91,47,495,0.244,0
CLI-00109,25,7755049.24,103,784,0.075,0
CLI-00110,62,4114923.63,165,733,0.699,1
CLI-00111,59,1395685.83,114,397,0.2,1
CLI-00112,61,3479313.55,56,543,0.344,1
CLI-00113,48,5099527.72,90,573,0.057,0
CLI-00114,27,5158671.2,179,485,0.651,1
CLI-00115,29,2241994.32,132,371,0.562,1
CLI-00116,28,5873068.51,26,355,0.713,1
CLI-00117,32,1300000.0,49,553,0.597,0
CLI-00118,54,6259443.36,144,588,0.27,1
CLI-00119,53,1825173.8,108,534,0.224,0
CLI-00120,43,3792758.61,73,709,0.538,0
CLI-00121,44,6116223.62,134,641,0.305,0
CLI-00122,57,4415290.2,97,684,0.446,0
CLI-00123,55,5670057.33,29,569,0.054,0
CLI-00124,64,5313591.53,130,465,0.093,1
CLI-00125,60,6515283.5,146,662,0.425,1
CLI-00126,42,6111977.73,116,398,0.446,1
CLI-00127,47,3383260.24,103,522,0.576,0
CLI-00128,55,5339294.94,144,431,0.142,0
CLI-00129,21,1452206.65,22,671,0.409,1
CLI-00130,55,4095771.17,104,682,0.186,0
CLI-00131,57,5673272.52,87,394,0.115,1
CLI-00132,67,4440925.78,109,684,0.337,1
CLI-00133,34,5003951.52,157,369,0.164,1
CLI-00134,23,3816109.72,24,797,0.205,0
CLI-00135,21,6232324.99,170,570,0.272,0
CLI-00136,25,4055251.61,90,472,0.232,1
CLI-00137,46,3362189.67,13,583,0.111,0
CLI-00138,34,5795731.34,33,570,0.113,0
CLI-00139,59,1670712.14,10,672,0.185,0
CLI-00140,47,5101860.02,150,688,0.085,0
CLI-00141,29,2323527.23,106,352,0.489,1
CLI-00142,35,6500268.29,169,531,0.251,1
CLI-00143,35,3730150.94,123,555,0.246,1
CLI-00144,46,4442972.5,152,669,0.282,1
CLI-00145,62,4942626.71,69,389,0.514,1
CLI-00146,33,1300000.0,96,408,0.659,1
CLI-00147,52,3028947.29,122,788,0.581,0
CLI-00148,59,6078382.64,103,411,0.559,1
CLI-00149,52,5761977.04,16,481,0.389,1
CLI-00150,24,4709457.97,59,409,0.536,1
CLI-00151,50,1770965.57,178,721,0.437,0
CLI-00152,57,5253906.23,52,680,0.201,0
CLI-00153,43,5484119.26,145,471,0.196,1
CLI-00154,59,4284630.98,154,828,0.257,0
CLI-00155,65,6401707.71,144,456,0.688,0
CLI-00156,35,2969822.78,10,445,0.433,1
CLI-00157,63,3282256.36,25,696,0.564,0
CLI-00158,49,1300000.0,174,763,0.293,0
CLI-00159,56,5855689.52,51,584,0.335,1
CLI-00160,33,4764951.53,17,735,0.138,0
CLI-00161,52,1300000.0,75,411,0.17,1
CLI-00162,27,1300000.0,22,605,0.629,1
CLI-00163,42,2629264.87,120,398,0.459,1
CLI-00164,48,5628584.3,152,742,0.286,0
CLI-00165,22,3659351.12,159,697,0.612,1
CLI-00166,62,2751383.55,53,508,0.223,0
CLI-00167,65,2388991.39,113,473,0.733,1
CLI-00168,26,2308358.48,57,831,0.291,1
CLI-00169,48,1300000.0,101,666,0.286,1
CLI-00170,48,2026687.5,75,556,0.268,0
CLI-00171,64,2272959.46,107,397,0.135,1
CLI-00172,64,5428721.83,80,758,0.128,1
CLI-00173,40,3901698.5,166,769,0.504,0
CLI-00174,50,2713947.28,156,485,0.663,1
CLI-00175,31,8357500.96,148,550,0.603,0
CLI-00176,48,3004985.56,160,599,0.149,1
CLI-00177,45,6300785.25,87,663,0.432,0
CLI-00178,59,7117995.4,97,706,0.124,0
CLI-00179,53,1374071.39,9,717,0.082,0
CLI-00180,21,4333133.34,140,778,0.509,1
CLI-00181,47,3268439.43,114,667,0.425,1
CLI-00182,33,3121936.09,168,644,0.107,1
CLI-00183,61,5199678.27,53,829,0.074,0
CLI-00184,23,3078833.11,78,663,0.743,0
CLI-00185,59,3307255.72,77,849,0.071,0
CLI-00186,26,3897393.19,121,558,0.361,1
CLI-00187,28,3527881.32,178,704,0.403,0
CLI-00188,47,2087573.63,86,834,0.132,0
CLI-00189,29,5632631.71,86,560,0.168,0
CLI-00190,57,6087355.69,118,541,0.296,1
CLI-00191,53,4818513.46,101,393,0.583,1
CLI-00192,62,3522205.23,77,378,0.405,0
CLI-00193,64,2930620.67,152,408,0.497,0
CLI-00194,44,2933483.89,68,420,0.74,1
CLI-00195,35,8443277.46,43,441,0.588,1
CLI-00196,52,5888108.94,72,614,0.354,0
CLI-00197,52,2687801.86,74,732,0.363,0
CLI-00198,44,4496456.09,18,569,0.483,0
CLI-00199,61,3547436.95,36,739,0.516,0
CLI-00200,32,5250840.68,119,762,0.4,0
CLI-00201,59,5178298.39,27,791,0.501,0
CLI-00202,22,6150497.38,98,750,0.066,1
CLI-00203,23,2668998.37,176,749,0.351,1
CLI-00204,57,4388523.54,72,564,0.245,0
CLI-00205,37,1300000.0,59,828,0.14,0
CLI-00206,22,1936787.46,143,736,0.12,1
CLI-00207,22,5791381.51,47,626,0.472,1
CLI-00208,48,2488769.18,69,413,0.417,1
CLI-00209,43,2686364.16,131,695,0.228,1
CLI-00210,57,4185099.47,26,641,0.38,1
CLI-00211,52,5450569.86,174,839,0.395,0
CLI-00212,53,2290511.77,157,834,0.187,0
CLI-00213,21,1300000.0,40,594,0.506,1
CLI-00214,39,2633598.16,35,819,0.597,1
CLI-00215,22,6370130.54,62,411,0.604,1
CLI-00216,64,4817643.09,52,775,0.472,1
CLI-00217,46,6582974.65,168,681,0.408,0
CLI-00218,52,2162730.94,24,519,0.093,0
CLI-00219,26,1300000.0,119,794,0.251,0
CLI-00220,52,5032587.39,13,618,0.115,0
CLI-00221,24,4632040.93,31,616,0.725,1
CLI-00222,31,4749997.78,118,403,0.145,1
CLI-00223,37,5879393.96,76,365,0.156,1
CLI-00224,58,4959032.86,35,357,0.673,1
CLI-00225,44,4930111.67,140,453,0.711,1
CLI-00226,25,5487012.62,72,408,0.586,1
CLI-00227,54,5104349.94,70,662,0.054,0
CLI-00228,26,5743402.68,41,389,0.051,1
CLI-00229,42,6015337.48,30,586,0.315,0
CLI-00230,31,6957039.84,42,792,0.15,0
CLI-00231,36,3031455.62,6,735,0.063,0
CLI-00232,53,5065011.79,148,443,0.375,1
CLI-00233,29,3533417.94,42,571,0.71,1
CLI-00234,26,2699593.82,146,553,0.277,1
CLI-00235,36,2958827.42,141,487,0.513,1
CLI-00236,49,5090919.93,138,649,0.507,0
CLI-00237,23,4952854.6,133,744,0.226,1
CLI-00238,40,4920741.65,132,556,0.505,1
CLI-00239,56,3793715.43,6,685,0.199,0
CLI-00240,39,4206146.55,169,430,0.135,1
CLI-00241,46,5671954.85,40,567,0.541,0
CLI-00242,23,1519092.49,109,351,0.129,0
CLI-00243,39,4244355.78,28,527,0.748,0
CLI-00244,40,4361921.07,14,745,0.178,0
CLI-00245,52,5555947.68,39,720,0.466,1
CLI-00246,27,1769552.86,179,695,0.338,0
CLI-00247,61,6891240.74,133,628,0.138,0
CLI-00248,53,4584534.76,9,495,0.069,0
CLI-00249,60,4679844.98,163,667,0.486,0
CLI-00250,59,3477516.44,107,573,0.615,0
CLI-00251,38,5168440.24,80,718,0.639,1
CLI-00252,60,4286317.29,104,733,0.388,0
CLI-00253,21,6376167.5,77,411,0.594,1
CLI-00254,31,1605310.35,8,643,0.521,1
CLI-00255,48,4515982.49,147,588,0.557,1
CLI-00256,45,4935322.23,178,544,0.395,1
CLI-00257,43,3864529.69,39,515,0.493,0
CLI-00258,51,3471601.52,50,800,0.614,0
CLI-00259,50,3546676.9,66,571,0.329,0
CLI-00260,62,4514350.68,88,410,0.614,1
CLI-00261,55,1300000.0,128,478,0.464,1
CLI-00262,27,5937026.93,107,827,0.166,0
CLI-00263,36,3335762.64,21,522,0.067,1
CLI-00264,46,4430044.86,71,829,0.304,0
CLI-00265,22,4860784.08,173,505,0.433,0
CLI-00266,21,3253550.3,150,754,0.638,0
CLI-00267,32,3964130.87,124,727,0.139,0
CLI-00268,25,1300000.0,167,459,0.61,1
CLI-00269,57,5517822.49,129,618,0.654,1
CLI-00270,52,6144124.2,149,760,0.155,0
CLI-00271,29,1300000.0,107,705,0.646,0
CLI-00272,61,3468312.82,71,740,0.744,0
CLI-00273,55,1986235.12,18,627,0.559,0
CLI-00274,39,3880067.42,116,423,0.599,1
CLI-00275,36,5367545.4,164,836,0.746,0
CLI-00276,23,5977156.02,39,786,0.474,0
CLI-00277,40,6219335.74,44,812,0.266,0
CLI-00278,44,6558978.88,141,556,0.636,0
CLI-00279,53,3799657.0,125,737,0.48,0
CLI-00280,44,2135474.47,131,829,0.457,0
CLI-00281,31,3993737.46,60,628,0.228,0
CLI-00282,28,5339881.5,32,724,0.579,1
CLI-00283,56,1990932.39,123,675,0.107,0
CLI-00284,58,7188246.52,58,821,0.697,1
CLI-00285,60,5816199.37,44,689,0.278,0
CLI-00286,40,3828179.1,70,706,0.139,1
CLI-00287,55,2920430.53,150,689,0.36,0
CLI-00288,45,2995582.05,163,553,0.08,0
CLI-00289,55,4333571.18,18,510,0.529,1
CLI-00290,45,3787075.32,26,377,0.682,1
CLI-00291,49,5910904.96,152,741,0.636,1
CLI-00292,38,3582643.51,58,606,0.139,1
CLI-00293,66,5109903.26,24,514,0.138,0
CLI-00294,38,4147935.21,62,412,0.619,1
CLI-00295,22,4685404.84,30,371,0.697,1
CLI-00296,55,3785898.42,36,419,0.372,1
CLI-00297,36,5473887.97,86,730,0.399,0
CLI-00298,61,5500572.14,28,754,0.273,0
CLI-00299,56,5027872.25,37,445,0.676,1
CLI-00300,53,5293525.79,79,512,0.501,1
CLI-00301,24,2500136.2,15,428,0.252,1
CLI-00302,53,4781842.37,59,354,0.259,1
CLI-00303,34,6448563.18,57,665,0.674,0
CLI-00304,41,5084528.22,153,469,0.06,0
CLI-00305,40,2344708.49,165,651,0.276,0
CLI-00306,28,4110420.28,119,527,0.438,0
CLI-00307,27,4874960.29,19,525,0.154,1
CLI-00308,23,2836680.87,161,739,0.114,0
CLI-00309,37,1755111.85,115,566,0.621,0
CLI-00310,53,3631023.84,58,405,0.676,1
CLI-00311,32,2866501.67,157,715,0.627,1
CLI-00312,42,4174279.74,84,536,0.679,1
CLI-00313,42,1335471.63,27,581,0.437,1
CLI-00314,66,5216461.91,35,604,0.619,0
CLI-00315,50,3057710.94,9,762,0.319,0
CLI-00316,58,5992354.03,64,804,0.516,0
CLI-00317,58,3701582.09,13,453,0.742,1
CLI-00318,65,4154299.72,17,426,0.208,1
CLI-00319,28,3888537.22,124,579,0.323,1
CLI-00320,47,2961312.56,164,751,0.386,0
CLI-00321,47,8650103.03,39,607,0.147,0
CLI-00322,54,3307440.88,87,613,0.107,0
CLI-00323,41,6042338.74,103,680,0.631,0
CLI-00324,50,2231467.9,132,830,0.734,1
CLI-00325,53,4869836.5,80,531,0.333,0
CLI-00326,48,5061969.9,110,730,0.111,0
CLI-00327,67,4156481.44,54,605,0.096,0
CLI-00328,53,3172191.5,84,387,0.674,1
CLI-00329,25,3726020.58,98,525,0.375,1
CLI-00330,39,3474078.9,159,376,0.274,1
CLI-00331,24,8523647.31,23,625,0.384,1
CLI-00332,55,4159314.44,101,489,0.273,0
CLI-00333,37,5144799.8,43,648,0.392,1
CLI-00334,64,7406925.16,92,794,0.652,1
CLI-00335,48,2622626.4,93,636,0.465,1
CLI-00336,50,4267788.42,55,440,0.536,1
CLI-00337,49,3715464.96,13,829,0.305,0
CLI-00338,66,4044950.8,174,410,0.567,1
CLI-00339,26,3877778.46,139,807,0.517,0
CLI-00340,55,2882621.25,74,800,0.134,0
CLI-00341,61,4551738.51,177,714,0.451,0
CLI-00342,57,2287261.0,126,696,0.23,0
CLI-00343,44,5979988.93,69,512,0.613,1
CLI-00344,49,5321957.65,162,700,0.348,0
CLI-00345,66,3311766.93,161,492,0.746,1
CLI-00346,51,3399030.02,144,749,0.115,0
CLI-00347,55,4695919.01,126,602,0.596,1
CLI-00348,53,2762618.43,70,618,0.522,1
CLI-00349,41,7461564.22,112,718,0.587,0
CLI-00350,52,4844266.31,152,640,0.265,0
CLI-00351,43,4907873.67,142,849,0.394,0
CLI-00352,53,5426601.14,160,808,0.608,0
CLI-00353,23,3156966.11,167,536,0.213,1
CLI-00354,38,6160217.97,177,754,0.208,0
CLI-00355,45,4406160.06,105,848,0.436,1
CLI-00356,62,5910261.85,87,787,0.416,0
CLI-00357,51,3843684.37,148,808,0.248,1
CLI-00358,23,6571100.81,56,763,0.259,0
CLI-00359,60,4922418.53,146,653,0.244,0
CLI-00360,66,8128512.64,88,640,0.59,0
CLI-00361,44,3534861.09,117,435,0.506,1
CLI-00362,52,4568188.91,61,515,0.633,1
CLI-00363,67,2343162.76,170,764,0.733,1
CLI-00364,42,3247263.17,150,811,0.382,0
CLI-00365,43,5313635.79,162,757,0.097,0
CLI-00366,22,6232783.99,166,463,0.084,1
CLI-00367,47,9537018.63,65,782,0.257,0
CLI-00368,62,4026067.97,125,829,0.703,0
CLI-00369,22,2520215.87,143,705,0.416,1
CLI-00370,46,5555986.37,28,765,0.24,0
CLI-00371,37,2169911.0,154,532,0.329,1
CLI-00372,60,5215699.3,18,556,0.469,1
CLI-00373,53,3295939.71,106,605,0.507,1
CLI-00374,29,4580870.95,166,584,0.158,0
CLI-00375,63,6163882.98,29,791,0.734,1
CLI-00376,59,4000679.83,113,704,0.431,1
CLI-00377,49,5879182.35,16,352,0.145,0
CLI-00378,62,5771685.39,22,557,0.676,1
CLI-00379,46,1300000.0,30,546,0.102,0
CLI-00380,55,2577118.66,99,690,0.685,1
CLI-00381,45,1388747.65,26,474,0.748,1
CLI-00382,44,7803126.78,89,487,0.54,0
CLI-00383,33,4010294.53,145,688,0.589,0
CLI-00384,27,7405492.58,42,374,0.286,0
CLI-00385,56,1300000.0,47,417,0.709,1
CLI-00386,65,3169016.84,150,410,0.421,1
CLI-00387,40,5640896.84,106,378,0.563,1
CLI-00388,21,4522694.29,53,732,0.697,1
CLI-00389,28,5159147.81,108,368,0.733,1
CLI-00390,66,1943145.18,33,520,0.633,1
CLI-00391,36,6678246.29,46,799,0.262,0
CLI-00392,34,5598628.97,104,423,0.727,1
CLI-00393,32,4922925.91,52,410,0.49,1
CLI-00394,43,2965901.49,151,776,0.701,0
CLI-00395,35,4782840.23,110,502,0.523,1
CLI-00396,48,3675318.04,129,625,0.265,0
CLI-00397,54,1300000.0,18,397,0.309,0
CLI-00398,22,4109238.87,146,560,0.435,1
CLI-00399,52,3917885.28,105,692,0.603,0
CLI-00400,43,6112322.72,36,757,0.273,0
CLI-00401,42,1300000.0,135,488,0.456,1
CLI-00402,45,4623359.69,21,459,0.292,0
CLI-00403,42,2119977.51,142,831,0.621,0
CLI-00404,42,4774602.02,78,532,0.377,0
CLI-00405,62,4873704.1,171,377,0.104,1
CLI-00406,26,4043679.4,59,546,0.166,0
CLI-00407,35,5653127.62,105,540,0.093,0
CLI-00408,63,1957621.09,114,664,0.4,1
CLI-00409,57,6193896.81,92,738,0.124,0
CLI-00410,53,2925458.04,178,400,0.13,1
CLI-00411,28,1399382.43,167,498,0.709,1
CLI-00412,64,3709687.25,142,617,0.661,0
CLI-00413,64,1300000.0,13,399,0.366,0
CLI-00414,25,4657513.01,12,737,0.74,1
CLI-00415,59,3733349.2,41,595,0.05,0
CLI-00416,24,6420636.46,23,462,0.48,1
CLI-00417,26,5368063.58,8,519,0.481,1
CLI-00418,65,1694406.59,33,817,0.37,0
CLI-00419,52,2690902.52,75,515,0.328,0
CLI-00420,50,5137195.96,177,758,0.369,0
CLI-00421,67,5724742.22,154,363,0.34,0
CLI-00422,55,6400501.65,33,552,0.561,0
CLI-00423,60,6386116.71,59,637,0.145,1
CLI-00424,36,4038859.3,70,744,0.188,0
CLI-00425,33,4852780.12,105,538,0.176,1
CLI-00426,62,6537729.31,26,751,0.234,0
CLI-00427,50,3654044.77,18,504,0.418,1
CLI-00428,39,4883507.14,62,404,0.128,0
CLI-00429,37,3611614.6,54,531,0.658,1
CLI-00430,39,3208293.39,123,559,0.258,1
CLI-00431,48,4287093.21,59,725,0.164,1
CLI-00432,46,2962421.79,143,820,0.523,0
CLI-00433,57,3964351.25,58,424,0.077,1
CLI-00434,46,2337081.24,49,626,0.484,1
CLI-00435,43,3858010.1,52,777,0.539,1
CLI-00436,29,5007102.53,58,482,0.2,0
CLI-00437,32,3140225.63,79,692,0.079,1
CLI-00438,21,4216725.15,51,774,0.305,0
CLI-00439,21,4450816.67,18,408,0.119,1
CLI-00440,67,5014562.81,170,694,0.132,1
CLI-00441,54,3959556.29,107,838,0.228,0
CLI-00442,52,6154559.42,29,531,0.257,0
CLI-00443,45,1300000.0,7,807,0.421,0
CLI-00444,60,9487955.12,86,755,0.525,0
CLI-00445,65,2631959.22,105,688,0.465,0
CLI-00446,21,4926102.04,147,670,0.154,0
CLI-00447,36,2510757.76,143,413,0.17,0
CLI-00448,59,5359682.69,168,676,0.665,0
CLI-00449,25,4697824.47,158,609,0.441,1
CLI-00450,42,3028715.63,136,542,0.659,1
CLI-00451,49,6131557.22,116,492,0.31,0
CLI-00452,23,3904870.42,107,453,0.48,1
CLI-00453,32,5184988.69,22,809,0.417,0
CLI-00454,46,2549112.35,17,755,0.273,0
CLI-00455,36,4144402.26,121,563,0.379,1
CLI-00456,57,7806133.08,29,591,0.402,0
CLI-00457,42,5933337.95,34,780,0.191,1
CLI-00458,49,4753717.36,176,558,0.271,1
CLI-00459,34,3391942.51,158,442,0.604,1
CLI-00460,48,4321497.36,127,779,0.691,1
CLI-00461,25,4555618.78,95,491,0.302,1
CLI-00462,67,5008611.18,70,783,0.265,0
CLI-00463,50,2262011.09,89,753,0.187,0
CLI-00464,66,5403134.33,124,783,0.525,0
CLI-00465,25,2238732.42,161,461,0.276,0
CLI-00466,32,7136026.53,21,766,0.741,0
CLI-00467,36,2811069.02,109,724,0.278,0
CLI-00468,46,4733930.98,97,408,0.326,0
CLI-00469,46,6009256.63,32,392,0.472,1
CLI-00470,41,3745715.92,175,556,0.611,0
CLI-00471,59,4813080.03,167,617,0.379,1
CLI-00472,56,6783326.79,170,645,0.346,0
CLI-00473,53,5215925.38,139,467,0.747,1
CLI-00474,50,4839991.13,140,369,0.057,0
CLI-00475,57,1300000.0,158,571,0.677,1
CLI-00476,43,2519299.95,38,515,0.154,0
CLI-00477,30,6084456.23,60,480,0.6,1
CLI-00478,25,5225910.55,12,505,0.483,1
CLI-00479,56,5498639.29,62,533,0.289,0
CLI-00480,54,5343714.48,131,439,0.662,1
CLI-00481,51,6521561.75,17,443,0.059,0
CLI-00482,30,3729480.14,21,362,0.209,1
CLI-00483,39,4416899.93,48,810,0.447,0
CLI-00484,52,2348386.2,122,671,0.296,0
CLI-00485,21,1899559.35,140,642,0.477,1
CLI-00486,25,1300000.0,116,782,0.067,0
CLI-00487,65,2606705.7,56,579,0.132,1
CLI-00488,24,6994611.27,165,671,0.139,0
CLI-00489,36,1405091.28,80,641,0.182,0
CLI-00490,44,3653635.23,13,787,0.372,0
CLI-00491,36,1872338.42,50,375,0.576,1
CLI-00492,22,3118246.87,64,424,0.684,1
CLI-00493,48,4505448.83,137,805,0.635,1
CLI-00494,52,2939791.43,109,713,0.188,0
CLI-00495,47,6161396.76,162,773,0.359,0
CLI-00496,40,6961160.62,162,648,0.19,0
CLI-00497,44,1300000.0,103,499,0.235,1
CLI-00498,32,2970613.81,161,497,0.402,1
CLI-00499,55,4306455.82,84,357,0.098,0
CLI-00500,53,6227010.65,129,378,0.203,0
CLI-00501,53,3382360.3,177,645,0.705,1
CLI-00502,63,4164116.29,9,823,0.376,0
CLI-00503,57,2117860.39,95,763,0.362,0
CLI-00504,32,1440967.47,109,558,0.06,0
CLI-00505,23,6801692.44,142,477,0.223,0
CLI-00506,21,1300000.0,124,689,0.656,1
CLI-00507,53,8391514.22,138,465,0.165,0
CLI-00508,60,5505272.52,61,788,0.341,0
CLI-00509,30,5423951.54,101,493,0.06,0
CLI-00510,63,5235843.6,80,779,0.385,0
CLI-00511,64,3745165.76,148,667,0.065,0
CLI-00512,49,4905752.15,37,584,0.624,1
CLI-00513,33,3859985.96,33,356,0.627,1
CLI-00514,32,5195531.9,27,813,0.601,0
CLI-00515,51,4139364.25,22,394,0.248,1
CLI-00516,66,2489373.27,64,792,0.636,1
CLI-00517,22,2632969.29,95,588,0.43,1
CLI-00518,55,2428309.72,111,789,0.312,0
CLI-00519,43,5947621.32,31,781,0.488,0
CLI-00520,37,3088596.1,30,504,0.059,1
CLI-00521,46,1300000.0,143,530,0.15,0
CLI-00522,28,4914309.6,50,564,0.57,1
CLI-00523,49,6926131.61,88,437,0.221,0
CLI-00524,46,5591549.74,16,605,0.469,0
CLI-00525,30,3114017.58,109,422,0.32,0
CLI-00526,46,1343738.91,73,768,0.648,0
CLI-00527,54,3958317.41,100,528,0.717,1
CLI-00528,61,3913397.02,161,561,0.668,1
CLI-00529,27,2455440.7,70,642,0.239,1
CLI-00530,24,5191867.14,54,583,0.186,0
CLI-00531,65,7523927.7,57,814,0.382,0
CLI-00532,31,4600108.89,107,588,0.055,0
CLI-00533,49,4488857.17,62,572,0.068,0
CLI-00534,56,2512989.51,52,468,0.437,1
CLI-00535,45,6715346.47,164,662,0.414,0
CLI-00536,41,4064740.5,179,613,0.746,0
CLI-00537,56,3157866.14,31,556,0.191,0
CLI-00538,30,4314639.11,119,444,0.231,1
CLI-00539,57,5049530.4,10,722,0.129,0
CLI-00540,29,4450587.74,89,571,0.692,1
CLI-00541,44,6371076.11,57,715,0.594,0
CLI-00542,55,4891148.79,110,625,0.626,1
CLI-00543,55,3688904.74,59,729,0.682,1
CLI-00544,56,4922145.99,166,580,0.417,0
CLI-00545,38,5099346.78,171,658,0.366,0
CLI-00546,59,1866523.35,160,468,0.281,1
CLI-00547,52,6268955.51,20,617,0.462,1
CLI-00548,44,3658372.77,66,782,0.368,0
CLI-00549,43,3704418.2,127,622,0.366,0
CLI-00550,52,5552476.78,26,413,0.706,1
CLI-00551,57,5544897.4,51,647,0.739,1
CLI-00552,32,2938502.98,139,699,0.608,0
CLI-00553,33,5645222.91,43,762,0.58,0
CLI-00554,43,3191193.33,67,752,0.526,0
CLI-00555,45,7475231.48,91,843,0.166,0
CLI-00556,55,2709250.83,83,360,0.091,1
CLI-00557,61,4631059.43,51,447,0.534,1
CLI-00558,50,2792368.25,146,783,0.56,1
CLI-00559,37,8200852.13,8,420,0.083,0
CLI-00560,40,1971922.3,11,713,0.7,0
CLI-00561,45,5143852.95,98,407,0.114,0
CLI-00562,42,2877161.25,13,639,0.25,1
CLI-00563,33,3562606.25,177,600,0.521,1
CLI-00564,39,5016368.1,113,625,0.169,1
CLI-00565,56,6404251.99,166,399,0.089,1
CLI-00566,32,7122113.81,80,707,0.282,0
CLI-00567,61,1433493.67,82,565,0.586,1
CLI-00568,39,4681952.2,55,743,0.34,0
CLI-00569,32,6827088.49,16,765,0.507,0
CLI-00570,29,1300000.0,100,401,0.456,1
CLI-00571,27,4765890.29,161,620,0.066,0
CLI-00572,48,4196249.16,75,834,0.742,0
CLI-00573,34,4946175.27,174,433,0.079,1
CLI-00574,51,2809852.75,21,736,0.727,0
CLI-00575,39,1615886.11,73,642,0.435,0
CLI-00576,67,1300000.0,104,475,0.724,0
CLI-00577,36,5957491.12,53,645,0.13,0
CLI-00578,25,6187288.45,69,421,0.393,0
CLI-00579,55,4744833.63,95,645,0.169,0
CLI-00580,32,3238532.97,81,585,0.086,1
CLI-00581,45,1300000.0,144,405,0.482,1
CLI-00582,41,5214021.83,106,756,0.195,0
CLI-00583,56,2218597.29,94,709,0.461,0
CLI-00584,43,2919662.48,23,744,0.129,0
CLI-00585,36,3144184.66,24,459,0.282,1
CLI-00586,59,3844436.59,60,541,0.597,1
CLI-00587,65,2833727.2,107,741,0.356,1
CLI-00588,62,4260225.79,123,442,0.489,1
CLI-00589,59,3080727.06,159,699,0.503,1
CLI-00590,34,5462471.52,139,405,0.641,1
CLI-00591,51,6055913.25,9,409,0.277,1
CLI-00592,25,4395376.82,113,487,0.531,1
CLI-00593,55,5032727.4,120,388,0.723,1
CLI-00594,43,8012140.71,34,377,0.561,1
CLI-00595,49,2089314.14,64,398,0.393,0
CLI-00596,63,1979757.42,130,769,0.492,0
CLI-00597,31,5450996.22,103,474,0.568,1
CLI-00598,38,7703777.11,22,362,0.479,1
CLI-00599,67,3731102.59,112,829,0.062,0
CLI-00600,32,7308300.92,48,385,0.186,1
CLI-00601,29,4373580.69,85,450,0.617,1
CLI-00602,30,2974402.89,167,631,0.241,1
CLI-00603,64,2416753.7,13,435,0.562,1
CLI-00604,37,5332944.45,146,353,0.31,1
CLI-00605,58,2553073.68,111,572,0.415,1
CLI-00606,27,4346298.32,13,687,0.098,0
CLI-00607,66,7050237.05,101,797,0.177,0
CLI-00608,33,3647795.29,99,515,0.72,1
CLI-00609,60,6565217.05,70,732,0.673,0
CLI-00610,62,2013821.72,176,693,0.507,0
CLI-00611,29,3238963.62,44,732,0.372,1
CLI-00612,47,1667140.75,86,725,0.523,0
CLI-00613,22,4331394.16,89,820,0.483,0
CLI-00614,25,5604140.72,93,627,0.448,1
CLI-00615,49,4335336.76,91,479,0.091,0
CLI-00616,57,6408690.11,98,380,0.493,0
CLI-00617,58,2851477.37,91,724,0.588,1
CLI-00618,39,4605616.96,49,360,0.746,1
CLI-00619,28,3250555.22,142,825,0.058,0
CLI-00620,65,4851017.85,170,651,0.561,0
CLI-00621,21,5106724.88,79,445,0.45,1
CLI-00622,42,5248312.73,41,539,0.354,1
CLI-00623,37,2272930.19,106,802,0.139,0
CLI-00624,27,2598457.02,161,541,0.336,1
CLI-00625,45,2932282.13,175,835,0.298,0
CLI-00626,65,3770014.65,176,615,0.262,1
CLI-00627,24,4356935.53,175,773,0.562,1
CLI-00628,56,5474560.42,109,477,0.541,0
CLI-00629,26,2673422.34,71,587,0.462,1
CLI-00630,51,1318165.26,60,757,0.707,1
CLI-00631,39,8080337.69,96,704,0.295,0
CLI-00632,64,2163384.56,27,777,0.221,0
CLI-00633,59,5705382.7,106,461,0.509,1
CLI-00634,47,4256280.38,160,665,0.189,0
CLI-00635,30,4652350.15,126,795,0.271,1
CLI-00636,46,4197209.09,98,692,0.207,0
CLI-00637,39,3507284.61,113,494,0.098,0
CLI-00638,59,5035150.11,146,414,0.629,1
CLI-00639,23,3410543.03,178,596,0.228,1
CLI-00640,65,6299344.95,15,572,0.381,0
CLI-00641,33,5223193.81,14,828,0.08,1
CLI-00642,48,5279269.4,160,839,0.54,0
CLI-00643,40,3287178.49,39,662,0.281,1
CLI-00644,48,3774561.47,134,788,0.571,0
CLI-00645,28,2061756.94,165,455,0.339,1
CLI-00646,61,3564571.1,94,530,0.187,0
CLI-00647,59,2334163.35,98,533,0.409,1
CLI-00648,21,6563523.33,76,575,0.141,0
CLI-00649,23,4290964.47,72,614,0.358,0
CLI-00650,33,4506895.02,153,627,0.272,0
CLI-00651,48,3794736.25,122,746,0.688,1
CLI-00652,45,4555642.06,99,438,0.093,1
CLI-00653,53,8636779.74,168,525,0.536,1
CLI-00654,58,3659747.49,104,367,0.178,1
CLI-00655,26,3029256.54,118,720,0.273,0
CLI-00656,64,5153447.64,108,809,0.341,0
CLI-00657,65,1300000.0,96,773,0.686,1
CLI-00658,52,4315122.22,95,750,0.22,0
CLI-00659,65,3530916.77,22,748,0.114,0
CLI-00660,67,2413836.12,23,455,0.273,1
CLI-00661,41,5113963.81,178,620,0.123,0
CLI-00662,36,4297179.15,121,812,0.14,0
CLI-00663,41,1300000.0,98,668,0.452,0
CLI-00664,31,3036246.86,96,516,0.093,1
CLI-00665,57,1300000.0,87,362,0.072,1
CLI-00666,56,4727884.77,73,686,0.55,1
CLI-00667,55,4709938.95,119,381,0.303,1
CLI-00668,39,2772092.59,6,742,0.138,0
CLI-00669,40,5172202.88,63,389,0.228,1
CLI-00670,38,1891502.48,159,497,0.499,1
CLI-00671,67,2460269.35,114,567,0.243,1
CLI-00672,61,4950942.84,153,568,0.396,0
CLI-00673,34,2960399.84,121,818,0.135,0
CLI-00674,35,4087217.48,92,431,0.462,1
CLI-00675,51,3185431.75,15,682,0.271,0
CLI-00676,21,3460323.92,64,557,0.489,0
CLI-00677,23,3538996.41,46,550,0.616,1
CLI-00678,36,2927837.84,110,796,0.478,0
CLI-00679,43,4744409.49,138,681,0.257,0
CLI-00680,31,3069728.72,127,777,0.229,0
CLI-00681,32,4228236.08,150,387,0.279,1
CLI-00682,30,2888282.97,27,560,0.165,1
CLI-00683,52,1438262.47,103,793,0.177,0
CLI-00684,36,5842383.45,174,676,0.603,0
CLI-00685,28,5099148.57,73,598,0.319,0
CLI-00686,58,8319627.72,144,576,0.355,0
CLI-00687,32,2320848.89,61,397,0.466,1
CLI-00688,44,3823871.12,154,367,0.463,1
CLI-00689,48,3968686.53,104,749,0.097,0
CLI-00690,28,5980864.99,81,788,0.632,1
CLI-00691,48,3287205.79,31,644,0.174,0
CLI-00692,56,2092124.66,120,545,0.556,1
CLI-00693,46,6374056.76,152,536,0.591,1
CLI-00694,28,3630029.95,114,694,0.55,1
CLI-00695,48,5781558.32,52,573,0.455,1
CLI-00696,48,5571957.12,76,667,0.06,0
CLI-00697,57,4146197.15,159,837,0.302,0
CLI-00698,61,3886235.33,45,746,0.473,0
CLI-00699,56,3495183.35,138,714,0.321,1
CLI-00700,47,4172652.37,154,686,0.654,1
CLI-00701,37,5753580.41,137,846,0.266,0
CLI-00702,29,2766407.67,28,578,0.255,1
CLI-00703,53,4395922.13,111,739,0.236,0
CLI-00704,40,2186463.43,89,816,0.283,0
CLI-00705,33,2410608.78,148,426,0.44,1
CLI-00706,48,4144309.81,121,537,0.545,0
CLI-00707,49,1300000.0,114,695,0.514,1
CLI-00708,33,7909005.51,141,619,0.615,0
CLI-00709,66,2052492.08,46,444,0.67,1
CLI-00710,55,4127840.68,117,659,0.621,0
CLI-00711,26,6302791.9,152,481,0.063,0
CLI-00712,38,2646770.39,117,388,0.565,1
CLI-00713,25,1300000.0,108,421,0.196,1
CLI-00714,67,3399097.63,51,630,0.143,0
CLI-00715,45,2625323.32,161,682,0.497,1
CLI-00716,22,1300000.0,73,509,0.274,0
CLI-00717,30,4712801.81,127,536,0.09,0
CLI-00718,50,4572768.95,20,835,0.146,0
CLI-00719,65,6256187.62,170,540,0.051,1
CLI-00720,25,2182519.74,134,771,0.682,0
CLI-00721,53,1321554.32,116,469,0.067,0
CLI-00722,21,3467898.45,29,569,0.197,1
CLI-00723,38,4040983.21,32,402,0.341,1
CLI-00724,52,5858429.29,45,571,0.3,0
CLI-00725,67,6739022.41,169,800,0.688,0
CLI-00726,31,6386062.44,29,761,0.078,0
CLI-00727,41,4697778.6,29,480,0.409,1
CLI-00728,46,5639098.66,9,586,0.526,0
CLI-00729,45,3047111.82,72,595,0.702,1
CLI-00730,42,4503111.35,39,575,0.484,1
CLI-00731,47,2055677.75,121,557,0.613,1
CLI-00732,33,4312833.71,28,755,0.109,0
CLI-00733,53,4359564.06,114,445,0.32,1
CLI-00734,54,7299831.49,74,771,0.312,0
CLI-00735,61,3787830.85,100,549,0.67,1
CLI-00736,55,4362077.11,67,596,0.156,0
CLI-00737,21,4626530.55,174,421,0.156,1
CLI-00738,41,3381323.43,62,667,0.28,0
CLI-00739,26,2755513.08,59,534,0.088,1
CLI-00740,48,6537860.38,75,355,0.178,1
CLI-00741,37,2434348.6,106,555,0.726,1
CLI-00742,25,1809747.47,62,381,0.35,1
CLI-00743,51,5424477.68,143,448,0.492,0
CLI-00744,25,6284066.72,173,743,0.558,0
CLI-00745,58,3387462.62,140,736,0.307,0
CLI-00746,23,3415103.72,108,605,0.153,0
CLI-00747,43,4708578.35,171,536,0.195,1
CLI-00748,57,2925865.18,90,425,0.269,1
CLI-00749,57,2792917.46,66,526,0.495,0
CLI-00750,30,5783266.66,8,664,0.329,0
CLI-00751,30,5292835.98,133,636,0.055,0
CLI-00752,39,6560086.0,91,698,0.416,0
CLI-00753,37,1945339.78,52,604,0.695,1
CLI-00754,41,3295567.52,81,674,0.618,1
CLI-00755,34,4706123.21,43,539,0.628,1
CLI-00756,29,2533882.47,169,657,0.607,0
CLI-00757,66,5355037.39,174,694,0.277,0
CLI-00758,21,6404328.76,146,476,0.586,1
CLI-00759,65,3149955.65,92,774,0.15,0
CLI-00760,33,4269465.49,63,636,0.51,0
CLI-00761,24,6820113.64,55,603,0.499,1
CLI-00762,21,7438688.84,35,562,0.068,1
CLI-00763,60,5542442.25,106,599,0.602,1
CLI-00764,52,5268172.51,30,433,0.682,1
CLI-00765,54,2663274.24,117,836,0.237,1
CLI-00766,48,4846576.92,160,732,0.619,0
CLI-00767,51,5202277.51,131,755,0.108,0
CLI-00768,28,3821333.71,128,737,0.47,0
CLI-00769,59,3129402.74,52,362,0.39,1
CLI-00770,46,1893664.19,123,394,0.432,1
CLI-00771,54,1300000.0,44,476,0.698,1
CLI-00772,23,1300000.0,21,775,0.66,0
CLI-00773,32,5242996.63,27,463,0.6,1
CLI-00774,21,4465858.79,59,782,0.242,0
CLI-00775,64,3329139.96,154,625,0.688,0
CLI-00776,25,3603378.66,21,849,0.118,0
CLI-00777,50,4578846.97,64,554,0.647,1
CLI-00778,50,3903786.47,36,686,0.28,0
CLI-00779,37,1787004.28,175,787,0.088,0
CLI-00780,67,5843400.4,37,769,0.519,0
CLI-00781,43,4747427.11,167,830,0.212,0
CLI-00782,35,4678617.26,14,734,0.22,0
CLI-00783,57,5707612.87,144,748,0.264,0
CLI-00784,41,2735438.36,15,810,0.095,0
CLI-00785,34,6384716.59,22,622,0.174,0
CLI-00786,22,3947922.87,73,757,0.054,0
CLI-00787,31,5799477.98,53,407,0.362,1
CLI-00788,59,5522008.26,116,677,0.109,0
CLI-00789,58,2330156.71,158,847,0.528,0
CLI-00790,54,5105220.73,128,568,0.215,0
CLI-00791,58,4787294.41,154,458,0.711,1
CLI-00792,54,4254560.98,106,628,0.66,1
CLI-00793,38,4030130.85,107,523,0.253,1
CLI-00794,50,4045392.15,70,677,0.598,0
CLI-00795,35,5662840.97,56,613,0.612,1
CLI-00796,47,5240238.92,41,664,0.741,0
CLI-00797,54,4254861.93,86,823,0.468,0
CLI-00798,58,1514514.94,132,460,0.107,1
CLI-00799,53,5089998.15,93,536,0.503,0
CLI-00800,44,5502504.51,109,618,0.487,0
CLI-00801,35,8340738.15,20,772,0.497,0
CLI-00802,50,6135779.51,101,578,0.265,1
CLI-00803,62,1300000.0,172,846,0.652,0
CLI-00804,37,4341172.92,128,505,0.722,1
CLI-00805,25,7460475.05,6,822,0.202,0
CLI-00806,49,5322387.94,156,538,0.112,0
CLI-00807,24,4791573.89,127,621,0.186,0
CLI-00808,30,5820411.59,172,724,0.624,0
CLI-00809,37,3079719.25,131,351,0.524,1
CLI-00810,30,5060561.99,62,595,0.495,1
CLI-00811,37,3749157.53,86,559,0.331,0
CLI-00812,40,4164677.73,167,750,0.454,0
CLI-00813,44,5691218.13,174,635,0.266,1
CLI-00814,25,2531916.42,78,708,0.384,0
CLI-00815,54,6518368.45,146,362,0.605,1
CLI-00816,26,3438938.47,75,445,0.737,1
CLI-00817,22,4669193.1,11,847,0.703,0
CLI-00818,33,1679085.67,89,570,0.704,1
CLI-00819,63,5495707.12,57,587,0.332,1
CLI-00820,63,6803707.08,8,443,0.378,1
CLI-00821,31,3273645.21,86,687,0.544,0
CLI-00822,67,2201597.9,68,618,0.696,1
CLI-00823,43,4700369.52,54,520,0.149,1
CLI-00824,36,6818659.16,81,818,0.263,0
CLI-00825,51,1590258.18,117,443,0.147,1
CLI-00826,31,2208645.27,114,498,0.478,0
CLI-00827,36,3382458.8,70,461,0.264,1
CLI-00828,28,2723381.12,86,404,0.278,1
CLI-00829,24,2729066.16,20,686,0.1,0
CLI-00830,60,1300000.0,105,773,0.295,0
CLI-00831,24,5260302.51,37,816,0.654,1
CLI-00832,45,4809696.91,101,465,0.213,1
CLI-00833,23,1300000.0,133,492,0.537,1
CLI-00834,52,6822952.37,151,550,0.491,1
CLI-00835,23,7225966.17,118,529,0.654,1
CLI-00836,47,2848370.01,88,551,0.143,1
CLI-00837,49,6299787.46,48,713,0.734,0
CLI-00838,52,3168603.95,121,828,0.458,0
CLI-00839,39,4526009.72,168,402,0.747,1
CLI-00840,41,2695628.16,83,820,0.688,0
CLI-00841,25,8185652.74,63,733,0.205,1
CLI-00842,38,3667168.99,38,529,0.089,0
CLI-00843,48,4427608.24,19,763,0.229,0
CLI-00844,62,2961712.7,167,766,0.419,0
CLI-00845,42,7550368.08,137,662,0.17,0
CLI-00846,41,7595906.36,64,657,0.167,0
CLI-00847,26,7135672.53,162,486,0.374,1
CLI-00848,21,5921592.63,88,531,0.073,0
CLI-00849,25,3075378.82,139,716,0.135,0
CLI-00850,61,5690130.17,126,350,0.341,1
CLI-00851,32,4187322.96,173,393,0.094,1
CLI-00852,46,6562335.52,88,576,0.328,0
CLI-00853,66,6208623.7,32,680,0.382,0
CLI-00854,54,3031321.96,85,447,0.366,0
CLI-00855,34,5906086.45,139,557,0.658,1
CLI-00856,46,5427662.01,18,614,0.421,1
CLI-00857,65,1300000.0,69,637,0.378,1
CLI-00858,47,5641685.95,152,620,0.337,0
CLI-00859,29,3422767.58,85,489,0.622,1
CLI-00860,46,2605123.58,128,830,0.677,1
CLI-00861,67,2682130.91,48,586,0.647,0
CLI-00862,42,3956562.79,94,811,0.521,0
CLI-00863,67,5064107.24,153,790,0.146,0
CLI-00864,50,1742168.36,100,741,0.244,0
CLI-00865,63,4541726.11,177,421,0.082,1
CLI-00866,37,5238164.52,156,504,0.702,1
CLI-00867,46,7551250.41,7,539,0.513,1
CLI-00868,56,2261957.7,125,617,0.572,1
CLI-00869,21,3570698.06,27,670,0.268,0
CLI-00870,28,4670993.35,120,456,0.642,1
CLI-00871,55,6265336.79,62,581,0.232,0
CLI-00872,35,3652397.01,77,391,0.051,1
CLI-00873,67,6357554.47,12,539,0.313,0
CLI-00874,42,1300000.0,124,720,0.45,0
CLI-00875,34,1943973.25,119,488,0.385,1
CLI-00876,46,4827559.82,21,452,0.653,1
CLI-00877,48,1660515.9,88,520,0.124,0
CLI-00878,43,2085953.05,77,700,0.438,0
CLI-00879,34,3250001.64,129,622,0.409,1
CLI-00880,44,5588590.19,118,830,0.247,0
CLI-00881,22,1300000.0,17,765,0.626,1
CLI-00882,65,4506537.05,131,570,0.577,1
CLI-00883,46,6059335.1,58,562,0.563,1
CLI-00884,34,3849098.62,80,690,0.663,1
CLI-00885,27,3536105.59,138,773,0.556,0
CLI-00886,23,4923188.31,32,756,0.212,1
CLI-00887,67,3854200.11,145,405,0.544,1
CLI-00888,43,6702899.61,150,739,0.265,0
CLI-00889,66,2199456.58,139,691,0.22,1
CLI-00890,63,4107040.52,102,783,0.101,0
CLI-00891,67,4570235.47,10,451,0.571,1
CLI-00892,65,3518782.71,62,770,0.548,0
CLI-00893,38,1300000.0,161,842,0.214,0
CLI-00894,58,3910371.17,83,541,0.575,1
CLI-00895,55,5820318.58,74,848,0.692,0
CLI-00896,35,5600596.54,123,659,0.126,0
CLI-00897,45,4838601.27,125,549,0.213,1
CLI-00898,57,2223847.75,64,582,0.575,0
CLI-00899,48,4911557.03,38,782,0.242,1
CLI-00900,30,3167811.92,67,576,0.487,1
CLI-00901,59,4836269.23,55,720,0.107,0
CLI-00902,37,4418709.02,117,488,0.367,1
CLI-00903,59,2442524.51,24,693,0.567,1
CLI-00904,42,2593579.49,128,654,0.531,0
CLI-00905,46,4839040.42,52,498,0.621,1
CLI-00906,64,3801996.43,172,464,0.664,1
CLI-00907,45,2687493.42,38,799,0.591,0
CLI-00908,37,2538905.66,146,412,0.52,1
CLI-00909,33,3653104.47,89,453,0.072,1
CLI-00910,40,7022588.63,140,688,0.424,0
CLI-00911,45,3253059.54,84,708,0.076,0
CLI-00912,24,4174764.83,19,505,0.616,1
CLI-00913,30,4382959.72,152,622,0.275,0
CLI-00914,23,2164152.5,133,355,0.444,1
CLI-00915,61,1300000.0,59,496,0.246,1
CLI-00916,65,2352046.68,153,533,0.598,1
CLI-00917,38,4644739.28,34,835,0.671,1
CLI-00918,67,4357195.9,29,377,0.329,0
CLI-00919,56,5464331.82,87,799,0.654,0
CLI-00920,67,4374149.81,68,387,0.237,1
CLI-00921,42,4002811.28,110,468,0.424,0
CLI-00922,54,3112777.91,62,642,0.651,1
CLI-00923,67,5792292.22,141,720,0.278,0
CLI-00924,28,2545475.75,67,593,0.718,1
CLI-00925,60,2201280.87,162,417,0.135,1
CLI-00926,64,5220699.93,22,563,0.063,1
CLI-00927,39,1800316.84,71,567,0.683,1
CLI-00928,62,8546623.8,11,526,0.098,0
CLI-00929,61,4343988.09,63,648,0.744,1
CLI-00930,57,4826231.01,74,513,0.716,1
CLI-00931,26,2744844.32,161,407,0.146,1
CLI-00932,46,3632523.28,67,618,0.426,0
CLI-00933,54,3431837.19,174,657,0.179,0
CLI-00934,65,3224697.02,87,407,0.35,1
CLI-00935,26,5339331.15,174,637,0.093,1
CLI-00936,57,3390763.13,76,814,0.207,0
CLI-00937,53,6031502.21,136,454,0.304,1
CLI-00938,42,8993728.23,15,577,0.357,0
CLI-00939,41,3668025.77,103,596,0.734,1
CLI-00940,26,4474167.92,94,537,0.616,1
CLI-00941,26,4883067.7,40,843,0.566,1
CLI-00942,24,7460708.66,7,432,0.426,1
CLI-00943,50,4051233.99,129,535,0.638,1
CLI-00944,31,2707769.54,29,601,0.288,0
CLI-00945,50,1920587.09,79,704,0.546,1
CLI-00946,51,4095628.89,171,587,0.746,1
CLI-00947,44,3392915.61,27,709,0.27,1
CLI-00948,29,7818016.72,159,533,0.522,0
CLI-00949,23,7385752.36,176,633,0.641,0
CLI-00950,51,2338128.91,44,734,0.691,0
CLI-00951,60,2920631.81,162,775,0.553,0
CLI-00952,57,4332786.19,25,559,0.249,0
CLI-00953,56,6715007.56,46,653,0.278,0
CLI-00954,44,4302623.65,153,645,0.065,0
CLI-00955,51,3034966.85,113,446,0.583,1
CLI-00956,26,4094012.74,152,796,0.08,0
CLI-00957,22,3068727.24,89,809,0.655,1
CLI-00958,40,5284458.98,116,805,0.133,0
CLI-00959,48,2923739.32,71,821,0.17,0
CLI-00960,31,3281215.11,163,557,0.384,0
CLI-00961,24,6291480.86,58,719,0.567,1
CLI-00962,35,2816943.09,39,737,0.147,0
CLI-00963,26,1596969.54,155,771,0.358,1
CLI-00964,50,4370988.75,72,841,0.388,0
CLI-00965,58,3551147.87,139,760,0.199,0
CLI-00966,22,5120547.9,32,486,0.131,1
CLI-00967,35,4771449.48,15,716,0.635,0
CLI-00968,31,4142546.71,78,749,0.402,0
CLI-00969,28,4090121.83,101,533,0.06,1
CLI-00970,46,2875454.79,53,425,0.612,1
CLI-00971,65,4350024.73,75,636,0.737,1
CLI-00972,64,5786312.61,105,821,0.474,0
CLI-00973,25,2447795.87,64,724,0.403,0
CLI-00974,26,4190284.72,7,491,0.665,1
CLI-00975,46,6069099.76,162,586,0.717,1
CLI-00976,24,5109763.37,70,374,0.578,1
CLI-00977,39,6557051.21,88,639,0.362,0
CLI-00978,40,3177343.81,159,416,0.465,1
CLI-00979,53,1300000.0,15,599,0.541,1
CLI-00980,40,4561173.25,58,757,0.186,0
CLI-00981,32,4852627.47,84,467,0.363,1
CLI-00982,67,6663159.52,64,839,0.631,0
CLI-00983,21,6338662.32,155,422,0.508,1
CLI-00984,46,5166138.52,53,631,0.338,1
CLI-00985,34,5577702.39,154,753,0.514,0
CLI-00986,58,3854721.38,128,797,0.133,0
CLI-00987,57,2005593.7,27,709,0.331,0
CLI-00988,31,4411898.19,105,359,0.605,1
CLI-00989,56,5968632.23,103,560,0.204,1
CLI-00990,33,5381449.57,163,672,0.18,0
CLI-00991,63,5700853.21,30,501,0.716,0
CLI-00992,23,3430039.76,33,354,0.197,1
CLI-00993,53,3722015.69,118,544,0.233,1
CLI-00994,26,5070165.88,50,791,0.729,0
CLI-00995,30,3216286.69,73,632,0.564,1
CLI-00996,25,3271709.27,12,813,0.54,1
CLI-00997,43,4736368.03,54,462,0.647,0
CLI-00998,30,5569628.54,142,620,0.131,1
CLI-00999,64,3840848.39,169,512,0.544,0
CLI-01000,22,2106258.97,88,809,0.403,0
CLI-01001,33,2875552.95,134,454,0.63,1
CLI-01002,60,4566609.75,143,530,0.406,1
CLI-01003,22,4544737.73,169,393,0.484,1
CLI-01004,40,4634228.65,78,631,0.384,0
CLI-01005,21,5138331.52,51,524,0.385,0
CLI-01006,57,4210459.01,111,511,0.588,1
CLI-01007,29,4677100.88,165,820,0.49,0
CLI-01008,37,4118951.72,37,700,0.493,0
CLI-01009,29,6267720.27,11,783,0.365,0
CLI-01010,31,6778215.66,171,689,0.422,0
CLI-01011,35,2059779.69,150,489,0.572,1
CLI-01012,44,3740546.5,79,820,0.628,0
CLI-01013,58,4258904.08,119,481,0.538,0
CLI-01014,55,3719553.52,32,436,0.697,1
CLI-01015,50,7427260.66,59,525,0.624,0
CLI-01016,51,4603119.5,168,532,0.443,0
CLI-01017,25,2750330.71,90,717,0.52,1
CLI-01018,64,5273596.21,132,478,0.698,1
CLI-01019,34,4687754.17,158,595,0.483,0
CLI-01020,31,4747547.26,161,438,0.627,1
CLI-01021,29,7454177.09,116,415,0.532,1
CLI-01022,54,4831413.32,20,507,0.436,1
CLI-01023,32,3653409.26,137,736,0.219,0
CLI-01024,55,1300000.0,98,727,0.348,0
CLI-01025,55,3902281.77,128,498,0.727,0
CLI-01026,21,6550745.85,78,822,0.51,0
CLI-01027,60,4035895.58,160,689,0.445,0
CLI-01028,42,1300000.0,159,782,0.703,0
CLI-01029,49,3302947.69,152,465,0.461,1
CLI-01030,28,5986839.37,97,563,0.418,0
CLI-01031,31,5182470.91,22,818,0.582,1
CLI-01032,61,2688214.39,48,795,0.549,0
CLI-01033,57,3182487.4,126,830,0.185,0
CLI-01034,34,3460724.41,46,721,0.38,1
CLI-01035,50,3007115.21,175,643,0.381,1
CLI-01036,55,1300000.0,173,602,0.315,0
CLI-01037,41,5574463.98,44,492,0.412,1
CLI-01038,57,6462707.92,118,599,0.339,0
CLI-01039,25,1466791.9,156,715,0.19,1
CLI-01040,39,6438935.28,116,785,0.339,0
CLI-01041,34,4014558.24,52,812,0.101,0
CLI-01042,46,6405238.23,68,651,0.453,0
CLI-01043,24,4268310.79,115,374,0.648,1
CLI-01044,45,4443980.27,74,626,0.558,1
CLI-01045,65,4870382.36,48,821,0.302,0
CLI-01046,62,2777880.61,39,726,0.111,0
CLI-01047,45,6350413.46,45,727,0.192,0
CLI-01048,38,2181514.85,66,738,0.432,1
CLI-01049,60,3476279.86,67,419,0.195,0
CLI-01050,28,5143676.42,63,462,0.431,1
CLI-01051,59,3283448.57,166,712,0.212,0
CLI-01052,60,5599556.23,80,461,0.644,1
CLI-01053,34,6676559.11,21,713,0.328,0
CLI-01054,52,6022582.8,87,652,0.222,0
CLI-01055,58,1300000.0,99,820,0.619,0
CLI-01056,53,4426524.55,53,801,0.29,0
CLI-01057,43,6051628.7,143,440,0.128,0
CLI-01058,35,1829852.08,87,367,0.449,1
CLI-01059,53,5502499.06,43,498,0.457,1
CLI-01060,45,5401429.41,132,825,0.55,0
CLI-01061,37,2018238.19,24,576,0.218,0
CLI-01062,53,5701618.8,169,563,0.361,0
CLI-01063,67,4690856.03,68,709,0.248,0
CLI-01064,22,5370687.22,82,500,0.107,1
CLI-01065,34,2460637.71,179,541,0.664,1
CLI-01066,60,4470245.01,136,800,0.56,0
CLI-01067,60,1300000.0,107,389,0.261,1
CLI-01068,59,1300000.0,70,591,0.47,1
CLI-01069,26,4453491.17,125,487,0.191,1
CLI-01070,26,6181075.69,96,694,0.673,1
CLI-01071,23,4655286.27,13,529,0.13,1
CLI-01072,27,4085797.08,78,846,0.053,0
CLI-01073,28,3862438.58,139,549,0.401,1
CLI-01074,62,2503382.3,112,552,0.458,1
CLI-01075,35,3800650.37,94,410,0.455,0
CLI-01076,67,4959032.04,44,541,0.088,0
CLI-01077,49,3416599.98,118,354,0.27,1
CLI-01078,53,5551056.34,33,727,0.399,0
CLI-01079,50,4552755.06,102,586,0.202,1
CLI-01080,59,4770562.95,42,530,0.661,0
CLI-01081,47,5799592.96,142,660,0.111,0
CLI-01082,56,3251840.22,87,386,0.391,1
CLI-01083,49,5386885.06,61,405,0.534,1
CLI-01084,58,3504341.91,90,792,0.233,0
CLI-01085,53,4811126.07,7,586,0.487,0
CLI-01086,57,3037611.57,63,707,0.631,1
CLI-01087,47,2560733.12,112,698,0.183,0
CLI-01088,53,4365356.54,128,546,0.692,1
CLI-01089,24,1300000.0,173,422,0.437,0
CLI-01090,42,3666718.6,169,408,0.259,1
CLI-01091,22,1308521.39,119,589,0.352,0
CLI-01092,30,5602621.26,112,351,0.269,1
CLI-01093,25,6090199.07,42,798,0.558,0
CLI-01094,30,2644887.8,84,709,0.607,0
CLI-01095,53,4970963.33,97,537,0.633,1
CLI-01096,58,5818444.28,23,656,0.74,1
CLI-01097,33,5824444.6,103,379,0.604,1
CLI-01098,51,4586011.5,68,616,0.471,1
CLI-01099,67,5521748.42,155,825,0.287,0
CLI-01100,56,3031203.64,144,457,0.431,1
CLI-01101,65,4349620.44,9,681,0.079,1
CLI-01102,44,3359213.87,140,772,0.571,0
CLI-01103,35,2879181.65,66,439,0.362,0
CLI-01104,49,4264914.1,112,554,0.064,0
CLI-01105,28,4825554.68,59,728,0.094,0
CLI-01106,25,6294315.78,93,805,0.321,0
CLI-01107,49,4677279.95,73,796,0.458,0
CLI-01108,67,5355474.96,134,797,0.375,0
CLI-01109,24,5375909.71,60,794,0.483,0
CLI-01110,32,9037561.86,8,730,0.386,0
CLI-01111,65,1300000.0,171,787,0.513,0
CLI-01112,22,2961719.04,126,569,0.203,1
CLI-01113,47,6853300.89,134,727,0.129,0
CLI-01114,51,3566376.47,107,443,0.468,1
CLI-01115,56,5794445.65,43,806,0.389,0
CLI-01116,56,4614017.14,90,452,0.069,0
CLI-01117,46,7989364.32,162,572,0.316,1
CLI-01118,63,2196502.03,138,535,0.124,0
CLI-01119,47,6399240.99,97,818,0.422,0
CLI-01120,25,7349246.35,26,533,0.327,1
CLI-01121,40,2374046.02,114,844,0.479,0
CLI-01122,31,5609166.44,52,511,0.614,0
CLI-01123,30,2462103.63,89,596,0.26,0
CLI-01124,60,4254290.83,88,380,0.723,1
CLI-01125,58,3738141.73,40,401,0.425,1
CLI-01126,26,1300000.0,74,694,0.483,1
CLI-01127,28,4963621.67,134,425,0.526,1
CLI-01128,43,4458010.5,145,734,0.517,0
CLI-01129,67,6862342.15,32,788,0.408,0
CLI-01130,46,5300058.58,61,627,0.35,0
CLI-01131,66,8323591.06,28,389,0.088,0
CLI-01132,63,4392676.29,158,450,0.065,1
CLI-01133,32,4010045.91,26,460,0.301,1
CLI-01134,46,3868158.03,66,734,0.284,0
CLI-01135,33,3408740.32,68,670,0.321,0
CLI-01136,60,1300000.0,127,598,0.147,1
CLI-01137,38,3803649.67,57,540,0.567,0
CLI-01138,45,1300000.0,93,839,0.65,0
CLI-01139,53,5013660.02,158,531,0.707,1
CLI-01140,67,1967891.47,60,775,0.395,0
CLI-01141,60,2590201.28,51,754,0.541,0
CLI-01142,63,2995061.65,37,684,0.649,1
CLI-01143,32,3831116.93,60,558,0.343,0
CLI-01144,64,4212362.86,101,371,0.267,1
CLI-01145,56,6152063.25,138,515,0.706,1
CLI-01146,24,3160445.83,41,448,0.411,1
CLI-01147,25,5064263.05,115,842,0.398,0
CLI-01148,57,9115561.02,111,557,0.175,0
CLI-01149,28,4879231.26,63,357,0.126,1
CLI-01150,62,3875118.38,44,539,0.639,0
CLI-01151,48,2797527.03,85,524,0.48,1
CLI-01152,51,3850203.22,102,622,0.278,0
CLI-01153,29,2604803.38,118,366,0.184,1
CLI-01154,49,4683590.57,66,439,0.439,1
CLI-01155,34,4386379.45,142,490,0.459,1
CLI-01156,60,1300000.0,11,494,0.195,0
CLI-01157,61,4166595.59,114,515,0.646,1
CLI-01158,42,6137063.36,40,686,0.109,0
CLI-01159,31,3481598.67,44,845,0.299,0
CLI-01160,43,3024785.81,155,427,0.526,1
CLI-01161,21,1720138.61,174,778,0.242,0
CLI-01162,66,1300000.0,123,611,0.629,1
CLI-01163,57,5696428.68,10,512,0.568,1
CLI-01164,41,3873339.01,175,715,0.602,0
CLI-01165,46,5589638.81,92,363,0.133,1
CLI-01166,66,6956382.74,81,588,0.148,0
CLI-01167,56,5858245.83,163,421,0.251,0
CLI-01168,43,3223729.82,62,794,0.413,0
CLI-01169,21,4460761.8,132,492,0.574,1
CLI-01170,60,3093408.84,34,659,0.636,1
CLI-01171,35,2925080.77,170,632,0.543,0
CLI-01172,41,4817067.29,92,618,0.7,0
CLI-01173,67,2701871.01,146,590,0.567,1
CLI-01174,29,1300000.0,165,764,0.264,1
CLI-01175,29,2601333.79,51,594,0.236,0
CLI-01176,30,3647613.93,121,512,0.537,1
CLI-01177,46,6938517.3,117,409,0.185,0
CLI-01178,61,3316312.59,156,355,0.115,1
CLI-01179,55,5121463.36,50,546,0.423,0
CLI-01180,45,3897045.18,150,819,0.625,0
CLI-01181,46,6407529.26,109,407,0.121,0
CLI-01182,31,6282773.49,90,654,0.604,1
CLI-01183,58,6317115.19,139,756,0.618,0
CLI-01184,22,1300000.0,113,566,0.388,0
CLI-01185,27,4572103.29,23,767,0.09,1
CLI-01186,38,5566089.48,99,375,0.172,0
CLI-01187,47,4886769.41,155,652,0.545,0
CLI-01188,54,5345873.39,38,354,0.548,1
CLI-01189,47,4305031.81,163,823,0.679,1
CLI-01190,37,2859388.43,131,369,0.458,1
CLI-01191,63,1300000.0,165,739,0.137,1
CLI-01192,64,3037975.03,175,547,0.135,0
CLI-01193,44,9020597.77,127,408,0.555,1
CLI-01194,45,3325827.88,143,797,0.179,0
CLI-01195,27,1300000.0,120,591,0.28,1
CLI-01196,26,5518768.85,169,495,0.391,0
CLI-01197,44,5739828.02,167,737,0.067,0
CLI-01198,53,6517183.9,33,622,0.224,0
CLI-01199,49,5047761.31,16,598,0.336,0
CLI-01200,63,5722082.73,172,363,0.246,1
