id_inmueble,area_m2,habitaciones,estrato,antiguedad_anios,distancia_centro_km,precio_millones
INM-00001,88.6,4,4,14,1.87,435.53
INM-00002,58.9,2,2,21,0.89,124.1
INM-00003,75.3,2,5,31,3.96,446.68
INM-00004,102.8,3,4,32,4.92,401.39
INM-00005,62.3,3,6,22,5.61,537.24
INM-00006,74.8,2,3,1,9.62,229.81
INM-00007,72.1,2,6,1,2.09,758.53
INM-00008,81.9,2,3,28,0.35,230.11
INM-00009,92.3,4,2,2,14.3,183.21
INM-00010,102.6,5,4,6,2.57,516.97
INM-00011,143.1,6,4,28,4.39,589.63
INM-00012,35.0,1,4,22,4.94,146.51
INM-00013,80.0,2,3,15,3.56,229.8
INM-00014,44.1,1,2,30,1.03,76.21
INM-00015,73.4,4,4,33,6.33,284.16
INM-00016,111.4,4,3,0,7.33,351.81
INM-00017,120.9,5,4,17,3.62,506.88
INM-00018,122.3,4,3,14,3.02,347.92
INM-00019,122.1,3,6,16,0.54,1188.78
INM-00020,79.8,2,4,9,0.39,407.36
INM-00021,127.0,4,4,19,1.87,584.51
INM-00022,132.9,4,6,5,1.68,1343.15
INM-00023,89.2,3,4,7,13.82,342.17
INM-00024,120.3,4,2,33,6.89,192.84
INM-00025,86.2,4,2,31,4.85,138.39
INM-00026,127.3,4,4,3,3.28,649.06
INM-00027,80.2,2,3,19,0.82,224.51
INM-00028,66.7,2,4,23,17.27,220.13
INM-00029,51.4,1,3,23,2.12,146.23
INM-00030,79.8,3,3,25,0.51,229.64
INM-00031,87.5,3,3,24,3.06,259.7
INM-00032,56.6,3,6,6,9.32,453.04
INM-00033,77.5,3,4,9,9.82,336.07
INM-00034,69.2,4,6,11,0.05,622.12
INM-00035,52.7,1,6,0,9.78,437.28
INM-00036,116.1,2,3,24,1.43,327.12
INM-00037,121.4,4,3,15,0.18,352.75
INM-00038,115.9,4,4,4,8.47,535.04
INM-00039,82.5,3,5,18,8.97,470.24
INM-00040,84.3,3,3,3,4.08,250.74
INM-00041,53.1,1,6,5,3.84,469.77
INM-00042,97.4,4,2,25,7.55,174.09
INM-00043,90.1,4,3,8,6.94,279.76
INM-00044,170.3,5,4,13,9.94,678.14
INM-00045,117.6,4,3,8,3.62,370.66
INM-00046,94.5,3,2,14,15.44,164.74
INM-00047,83.8,2,3,19,25.0,161.74
INM-00048,115.0,3,2,7,0.56,248.81
INM-00049,57.5,2,4,31,8.52,207.89
INM-00050,119.2,4,5,20,3.12,747.9
INM-00051,52.4,1,5,18,2.21,344.53
INM-00052,68.2,2,4,28,4.27,272.03
INM-00053,35.0,1,3,30,0.26,103.63
INM-00054,103.4,3,3,5,3.18,316.47
INM-00055,92.5,3,2,3,9.21,200.83
INM-00056,68.2,2,3,28,1.08,189.96
INM-00057,57.1,3,2,2,2.5,133.63
INM-00058,126.4,4,5,0,12.62,719.29
INM-00059,81.0,4,5,14,2.52,517.18
INM-00060,62.0,3,3,20,2.0,188.82
INM-00061,142.7,6,4,30,2.61,581.91
INM-00062,65.3,3,2,6,3.3,132.21
INM-00063,119.2,4,4,16,4.5,517.09
INM-00064,50.5,1,4,18,7.26,191.05
INM-00065,74.4,2,3,2,2.71,265.86
INM-00066,100.1,4,3,29,7.65,262.9
INM-00067,83.3,3,5,34,3.43,416.96
INM-00068,92.3,4,4,28,1.86,396.65
INM-00069,68.8,2,5,13,4.83,464.26
INM-00070,37.1,1,5,34,5.69,189.39
INM-00071,129.0,5,6,27,3.67,1074.48
INM-00072,70.7,3,2,29,0.26,133.46
INM-00073,93.7,3,2,25,0.84,187.74
INM-00074,106.1,3,3,6,1.51,338.81
INM-00075,94.3,3,2,30,1.49,169.83
INM-00076,63.7,2,3,4,5.04,197.9
INM-00077,119.8,4,4,34,0.08,447.24
INM-00078,100.4,4,4,13,6.34,452.19
INM-00079,91.0,2,3,26,1.39,248.93
INM-00080,90.3,2,5,23,1.67,545.13
INM-00081,135.5,5,2,28,3.38,263.85
INM-00082,63.1,1,3,21,1.09,185.2
INM-00083,97.5,3,4,7,9.71,414.85
INM-00084,69.1,1,4,14,0.4,345.69
INM-00085,35.0,1,3,4,2.64,121.43
INM-00086,35.0,1,2,3,8.52,67.93
INM-00087,54.6,1,4,10,4.31,245.92
INM-00088,65.2,2,2,17,1.56,144.79
INM-00089,150.2,6,2,29,2.46,271.05
INM-00090,106.0,3,4,14,5.52,446.65
INM-00091,108.7,3,3,5,16.3,263.84
INM-00092,65.9,3,3,15,10.06,164.46
INM-00093,86.8,2,3,8,1.89,289.37
INM-00094,154.2,6,6,33,25.0,811.8
INM-00095,48.6,1,6,26,0.02,448.62
INM-00096,98.7,3,3,12,0.13,329.63
INM-00097,133.3,5,3,26,7.81,323.09
INM-00098,114.0,3,3,8,1.0,343.71
INM-00099,139.0,5,3,4,0.28,507.47
INM-00100,91.4,4,3,21,1.22,261.04
INM-00101,103.1,3,4,30,2.5,395.39
INM-00102,88.3,2,3,2,5.9,295.8
INM-00103,101.0,3,3,29,4.41,266.68
INM-00104,57.5,2,3,20,1.22,162.16
INM-00105,108.8,3,3,34,3.15,293.67
INM-00106,93.8,3,3,5,11.73,281.67
INM-00107,86.9,1,3,27,7.59,204.13
INM-00108,137.4,4,4,31,1.76,576.24
INM-00109,77.0,3,4,24,18.14,238.24
INM-00110,121.2,3,3,31,5.55,305.67
INM-00111,124.2,4,4,34,0.29,522.51
INM-00112,110.7,5,3,21,0.16,354.67
INM-00113,56.0,2,2,23,0.83,107.12
INM-00114,95.8,4,4,29,5.86,345.5
INM-00115,143.8,4,3,31,0.91,362.62
INM-00116,35.0,1,4,30,3.22,138.19
INM-00117,79.4,2,4,22,0.44,319.99
INM-00118,119.9,4,5,32,11.42,570.13
INM-00119,81.5,3,6,24,1.9,644.48
INM-00120,109.3,4,2,23,10.74,181.83
INM-00121,127.3,4,6,30,13.04,786.88
INM-00122,92.0,3,4,12,0.03,461.51
INM-00123,100.3,4,4,9,2.81,446.36
INM-00124,87.8,3,2,22,0.11,173.09
INM-00125,93.9,3,5,17,10.77,551.01
INM-00126,148.1,6,2,31,3.29,275.0
INM-00127,83.1,4,5,32,0.35,459.48
INM-00128,74.4,2,2,27,0.53,133.82
INM-00129,116.3,4,4,15,2.18,541.63
INM-00130,59.7,1,3,15,12.68,148.79
INM-00131,66.6,2,3,17,5.31,197.05
INM-00132,66.7,2,2,7,9.1,130.31
INM-00133,77.3,3,3,15,2.05,228.91
INM-00134,78.6,3,2,10,0.2,173.54
INM-00135,106.0,5,3,5,16.48,280.23
INM-00136,74.7,1,4,0,0.08,412.94
INM-00137,107.2,3,5,11,13.27,551.56
INM-00138,110.9,3,4,27,2.07,454.91
INM-00139,65.4,3,2,16,0.05,128.87
INM-00140,110.3,4,3,0,5.26,353.79
INM-00141,113.0,4,3,31,17.73,241.33
INM-00142,35.0,2,5,7,15.17,188.56
INM-00143,93.8,3,5,23,0.79,623.6
INM-00144,69.8,3,3,9,0.9,230.54
INM-00145,124.1,4,2,9,3.75,281.67
INM-00146,69.5,2,5,24,4.56,420.64
INM-00147,44.8,3,5,9,6.05,268.1
INM-00148,84.1,3,5,18,0.9,520.44
INM-00149,58.1,2,5,14,14.37,303.1
INM-00150,110.5,3,3,15,4.58,305.35
INM-00151,60.7,2,2,1,8.45,126.22
INM-00152,84.5,4,3,28,3.5,224.27
INM-00153,131.4,4,3,3,2.41,465.65
INM-00154,118.0,3,3,28,17.01,244.71
INM-00155,99.3,3,3,30,3.93,270.19
INM-00156,81.2,2,3,16,9.07,233.45
INM-00157,96.5,2,3,9,13.79,266.15
INM-00158,105.7,3,3,26,5.06,266.61
INM-00159,55.4,2,2,14,3.58,113.42
INM-00160,110.5,3,3,30,0.02,298.0
INM-00161,51.9,3,5,20,0.18,328.5
INM-00162,102.2,5,5,25,1.01,608.91
INM-00163,51.8,2,3,16,0.93,167.04
INM-00164,143.9,5,3,2,1.32,483.04
INM-00165,107.9,3,2,13,1.64,230.47
INM-00166,38.3,1,4,12,2.01,190.59
INM-00167,85.0,4,3,26,2.46,217.87
INM-00168,69.4,2,3,0,0.47,240.72
INM-00169,65.8,2,5,16,0.19,456.14
INM-00170,89.4,4,3,33,5.04,210.01
INM-00171,57.2,2,2,13,3.47,120.4
INM-00172,107.8,4,3,16,2.64,308.36
INM-00173,106.1,3,3,2,4.53,361.33
INM-00174,95.5,4,3,33,7.91,220.27
INM-00175,84.4,3,5,24,2.51,492.97
INM-00176,104.8,4,3,1,4.61,344.37
INM-00177,108.7,3,4,33,13.81,327.18
INM-00178,98.6,3,3,25,8.24,240.93
INM-00179,45.6,3,3,30,2.5,119.74
INM-00180,61.3,2,3,8,4.66,183.97
INM-00181,77.0,3,3,29,0.88,212.8
INM-00182,40.7,3,3,19,3.7,118.51
INM-00183,91.7,2,3,20,17.91,204.02
INM-00184,127.3,4,5,28,3.29,747.74
INM-00185,122.6,4,3,24,11.82,284.68
INM-00186,107.2,2,2,24,2.35,194.17
INM-00187,106.8,3,2,8,25.0,157.54
INM-00188,151.5,4,2,25,3.9,298.27
INM-00189,110.3,4,3,15,0.19,331.14
INM-00190,112.8,3,2,11,3.98,231.46
INM-00191,41.8,3,2,23,1.44,82.33
INM-00192,125.0,5,3,25,0.15,362.05
INM-00193,97.0,2,4,19,7.74,396.41
INM-00194,82.6,3,2,8,1.45,169.64
INM-00195,75.2,3,3,22,7.17,205.76
INM-00196,68.5,2,4,28,1.53,260.2
INM-00197,122.7,4,6,30,0.97,997.9
INM-00198,84.1,3,4,18,16.41,303.24
INM-00199,69.6,2,3,19,2.02,203.2
INM-00200,61.9,2,4,22,4.14,241.06
INM-00201,90.1,2,4,26,4.24,386.73
INM-00202,74.2,2,3,29,3.7,207.67
INM-00203,67.4,2,5,20,11.08,378.21
INM-00204,43.5,2,3,34,5.05,105.71
INM-00205,113.8,4,6,6,2.33,1048.83
INM-00206,80.9,2,4,21,8.92,332.78
INM-00207,52.4,1,4,9,0.9,253.17
INM-00208,76.9,3,4,22,3.54,338.39
INM-00209,101.5,4,3,14,13.53,248.95
INM-00210,85.9,3,3,29,4.42,217.84
INM-00211,90.7,3,5,33,7.64,499.15
INM-00212,86.3,3,4,12,4.77,382.99
INM-00213,46.7,2,5,3,8.23,283.29
INM-00214,113.5,4,5,17,13.01,576.53
INM-00215,35.0,2,6,22,1.43,303.36
INM-00216,98.8,4,4,32,0.84,364.84
INM-00217,103.5,3,3,33,2.98,264.52
INM-00218,78.4,2,2,33,5.45,131.14
INM-00219,95.6,3,4,34,1.16,388.85
INM-00220,76.7,4,3,16,0.02,232.78
INM-00221,96.0,5,3,27,1.89,285.21
INM-00222,114.8,4,3,13,15.61,265.43
INM-00223,61.2,2,5,33,5.34,329.42
INM-00224,105.2,4,5,10,2.31,661.84
INM-00225,135.8,4,4,12,0.96,661.38
INM-00226,92.9,4,3,32,1.98,264.2
INM-00227,69.9,2,4,1,0.84,374.59
INM-00228,152.9,4,4,33,0.51,612.15
INM-00229,87.7,2,3,28,10.68,206.75
INM-00230,91.9,3,3,3,25.0,207.36
INM-00231,92.6,4,3,11,0.81,316.12
INM-00232,98.4,3,4,25,0.25,453.47
INM-00233,74.8,2,4,27,1.8,301.85
INM-00234,90.7,3,3,2,2.79,323.46
INM-00235,113.6,3,6,19,1.03,962.13
INM-00236,73.8,3,2,9,1.61,155.57
INM-00237,72.4,1,3,17,1.01,205.41
INM-00238,76.2,3,3,26,6.7,189.07
INM-00239,52.1,1,2,30,5.61,94.35
INM-00240,64.5,1,3,26,4.53,181.83
INM-00241,63.3,2,3,0,2.2,223.8
INM-00242,85.0,3,3,5,10.79,245.67
INM-00243,110.1,4,3,10,15.71,274.54
INM-00244,128.6,4,4,33,0.86,524.56
INM-00245,86.7,3,3,19,1.14,254.08
INM-00246,98.7,4,2,20,3.36,204.01
INM-00247,92.3,3,4,20,0.43,421.73
INM-00248,35.0,1,2,17,2.58,73.39
INM-00249,50.6,2,5,20,3.92,308.95
INM-00250,107.8,3,6,18,3.32,997.95
INM-00251,110.8,4,3,3,1.81,354.69
INM-00252,110.1,4,6,12,3.52,983.96
INM-00253,79.7,4,4,17,14.35,299.26
INM-00254,35.0,2,6,28,1.04,290.52
INM-00255,54.1,2,4,24,4.79,230.77
INM-00256,58.7,1,3,12,0.2,183.02
INM-00257,103.9,4,5,26,0.31,621.2
INM-00258,74.3,3,2,18,3.61,156.58
INM-00259,135.7,6,3,0,0.5,468.7
INM-00260,129.0,4,3,18,0.1,395.04
INM-00261,135.2,4,3,0,0.85,454.67
INM-00262,57.5,1,3,16,3.74,162.66
INM-00263,99.7,3,4,20,5.47,419.49
INM-00264,70.7,2,6,21,1.02,585.61
INM-00265,94.8,2,2,14,4.97,201.45
INM-00266,60.8,1,6,31,0.91,515.07
INM-00267,121.8,4,6,3,4.28,1113.69
INM-00268,61.4,2,2,31,2.39,114.7
INM-00269,35.0,1,3,3,4.77,113.18
INM-00270,146.0,4,5,0,23.89,667.14
INM-00271,98.3,3,4,32,12.5,310.59
INM-00272,52.9,2,4,6,0.02,259.61
INM-00273,80.1,4,4,8,9.75,346.39
INM-00274,67.7,3,3,0,0.31,241.08
INM-00275,85.2,3,2,15,13.76,145.99
INM-00276,109.1,4,4,17,1.49,509.62
INM-00277,104.4,4,2,5,2.17,243.57
INM-00278,92.6,4,4,1,0.43,484.02
INM-00279,85.2,3,5,8,0.54,625.8
INM-00280,117.4,3,4,3,5.84,530.84
INM-00281,35.0,1,6,22,13.0,265.55
INM-00282,62.5,3,3,7,4.25,198.35
INM-00283,55.6,2,4,24,5.66,231.48
INM-00284,115.2,3,4,15,6.46,487.77
INM-00285,62.8,1,6,34,1.37,469.97
INM-00286,46.4,1,4,16,0.21,215.03
INM-00287,101.5,3,2,17,0.01,210.15
INM-00288,57.7,2,6,26,1.94,496.37
INM-00289,74.5,4,4,14,1.24,341.61
INM-00290,156.4,5,2,16,0.29,349.72
INM-00291,108.6,3,4,4,0.89,557.01
INM-00292,78.7,3,5,15,0.6,538.98
INM-00293,81.4,4,4,14,11.09,303.88
INM-00294,112.2,4,3,33,0.68,322.07
INM-00295,104.9,2,5,18,3.47,687.46
INM-00296,87.3,3,4,7,4.05,424.24
INM-00297,88.1,3,3,9,3.53,266.19
INM-00298,40.6,1,2,4,0.47,94.58
INM-00299,35.0,1,3,25,1.73,92.72
INM-00300,79.7,2,4,21,0.24,354.41
INM-00301,66.0,3,5,22,2.27,381.59
INM-00302,102.6,2,3,12,0.94,327.05
INM-00303,90.9,3,3,8,3.71,290.37
INM-00304,61.8,2,2,19,5.31,116.27
INM-00305,89.9,4,4,27,3.42,359.59
INM-00306,72.5,3,2,23,2.56,148.82
INM-00307,147.0,5,2,32,2.2,248.16
INM-00308,96.6,3,2,19,8.29,184.23
INM-00309,38.2,1,4,29,1.11,147.48
INM-00310,139.6,5,3,8,5.96,388.87
INM-00311,66.0,3,3,16,6.38,176.17
INM-00312,55.8,1,5,13,2.45,381.98
INM-00313,149.3,5,2,18,1.59,301.06
INM-00314,95.4,3,3,6,2.86,324.4
INM-00315,106.0,3,6,2,0.44,1094.48
INM-00316,107.0,4,3,32,0.21,267.55
INM-00317,78.8,3,4,31,0.53,329.33
INM-00318,67.8,2,2,10,0.93,139.91
INM-00319,72.7,1,4,1,3.16,374.16
INM-00320,133.3,4,3,25,8.51,317.94
INM-00321,91.1,4,5,3,1.21,640.52
INM-00322,124.4,3,3,16,12.31,328.42
INM-00323,82.7,3,3,16,13.95,218.02
INM-00324,62.3,2,4,27,14.36,201.9
INM-00325,41.7,2,6,29,8.18,322.28
INM-00326,104.4,4,2,22,2.04,195.32
INM-00327,135.8,4,5,23,0.34,891.95
INM-00328,58.4,2,3,28,3.79,158.9
INM-00329,100.4,2,4,3,3.68,459.16
INM-00330,43.7,1,3,28,8.54,103.83
INM-00331,68.3,1,4,18,24.84,183.28
INM-00332,93.0,3,3,26,3.19,248.77
INM-00333,35.0,1,3,28,1.91,91.13
INM-00334,84.5,2,2,34,0.93,155.89
INM-00335,59.9,3,2,5,0.02,149.66
INM-00336,103.1,3,5,22,3.2,574.14
INM-00337,80.0,2,6,7,3.65,760.05
INM-00338,113.2,3,4,1,7.84,521.86
INM-00339,76.6,2,3,12,3.16,249.44
INM-00340,44.1,1,3,20,11.17,110.61
INM-00341,40.4,1,4,30,4.45,155.97
INM-00342,35.0,1,6,26,8.26,262.17
INM-00343,104.0,4,3,22,0.72,293.35
INM-00344,161.7,6,5,20,8.7,842.44
INM-00345,98.1,2,6,12,5.06,859.17
INM-00346,135.2,5,5,25,0.84,766.88
INM-00347,119.0,4,3,6,0.95,396.5
INM-00348,69.4,2,2,21,11.75,113.43
INM-00349,123.0,5,3,22,0.15,365.34
INM-00350,70.6,3,3,29,2.79,177.66
INM-00351,71.2,2,3,17,1.69,228.79
INM-00352,78.7,2,3,17,4.92,238.95
INM-00353,80.2,4,4,9,8.24,325.48
INM-00354,104.8,3,3,29,2.01,276.42
INM-00355,64.9,2,3,25,2.51,183.62
INM-00356,111.7,4,4,6,18.06,379.46
INM-00357,111.2,5,4,6,6.89,485.14
INM-00358,95.3,3,4,4,10.24,391.46
INM-00359,143.2,5,2,0,2.6,352.23
INM-00360,123.6,4,4,17,1.2,587.41
INM-00361,117.1,4,4,12,2.39,544.64
INM-00362,87.0,2,2,24,5.67,159.46
INM-00363,95.6,3,4,7,0.52,501.4
INM-00364,100.7,2,3,9,1.42,345.57
INM-00365,85.4,3,3,31,0.21,250.82
INM-00366,73.7,3,3,16,2.55,207.09
INM-00367,35.0,1,3,14,7.91,92.1
INM-00368,106.5,4,3,14,0.11,345.16
INM-00369,116.2,4,5,19,5.06,702.87
INM-00370,50.2,3,2,14,12.13,82.05
INM-00371,103.2,3,6,34,1.22,753.78
INM-00372,67.3,2,4,5,5.32,330.06
INM-00373,74.0,3,2,29,16.62,112.53
INM-00374,124.3,5,2,7,14.75,215.89
INM-00375,55.3,2,4,30,1.21,237.0
INM-00376,55.2,2,4,31,0.48,226.48
INM-00377,139.1,4,2,14,0.72,312.45
INM-00378,80.6,2,3,17,5.45,225.56
INM-00379,122.4,3,4,12,5.82,499.2
INM-00380,37.0,1,2,23,5.05,68.13
INM-00381,39.4,2,5,13,1.84,259.41
INM-00382,57.6,2,4,27,0.84,241.81
INM-00383,70.6,3,3,10,3.91,202.67
INM-00384,42.9,1,3,5,2.97,149.32
INM-00385,96.1,3,2,24,5.87,167.83
INM-00386,98.0,4,5,0,2.62,672.06
INM-00387,58.1,2,2,24,1.86,113.26
INM-00388,60.4,2,3,1,1.56,206.23
INM-00389,64.4,2,4,31,1.07,255.52
INM-00390,50.1,2,3,12,1.39,164.11
INM-00391,35.0,1,3,32,0.45,94.67
INM-00392,82.4,1,5,31,1.92,478.21
INM-00393,72.1,4,3,23,0.17,218.74
INM-00394,75.2,4,6,26,0.93,588.48
INM-00395,54.6,1,5,3,6.18,367.85
INM-00396,109.3,4,3,23,1.77,331.64
INM-00397,157.8,5,3,22,4.97,399.02
INM-00398,60.0,3,3,28,5.68,152.11
INM-00399,127.0,5,4,33,3.92,510.58
INM-00400,96.0,2,3,20,14.34,221.48
INM-00401,86.1,2,6,29,0.1,714.7
INM-00402,74.7,2,4,25,6.04,313.88
INM-00403,82.5,2,3,19,14.35,187.01
INM-00404,119.5,2,4,15,8.92,448.23
INM-00405,50.9,2,3,2,0.83,183.44
INM-00406,76.7,3,5,24,1.78,493.29
INM-00407,122.5,4,4,22,0.85,529.65
INM-00408,114.5,4,2,0,4.14,258.32
INM-00409,51.3,2,2,32,5.6,92.22
INM-00410,79.5,2,5,14,1.72,543.94
INM-00411,106.8,4,4,16,3.49,449.78
INM-00412,104.9,2,6,33,5.28,719.65
INM-00413,114.3,3,2,16,2.46,233.85
INM-00414,96.5,3,3,3,8.66,304.23
INM-00415,101.6,3,2,12,6.64,213.85
INM-00416,95.3,2,4,3,0.3,518.23
INM-00417,132.4,4,3,6,4.37,440.03
INM-00418,72.3,3,2,8,1.21,162.89
INM-00419,86.4,3,4,22,3.67,355.98
INM-00420,54.6,2,3,32,14.15,121.96
INM-00421,48.6,1,3,32,9.51,117.51
INM-00422,94.7,4,3,19,2.33,279.02
INM-00423,63.3,2,4,3,1.55,293.97
INM-00424,83.3,4,3,0,1.2,305.82
INM-00425,133.5,4,3,33,3.42,338.46
INM-00426,131.8,5,3,26,0.55,366.05
INM-00427,151.7,5,4,20,3.59,655.18
INM-00428,134.1,6,5,23,0.01,867.16
INM-00429,157.1,4,3,14,1.76,460.52
INM-00430,98.1,2,3,34,1.12,271.1
INM-00431,57.9,3,5,24,15.97,265.51
INM-00432,55.0,1,6,8,5.85,472.39
INM-00433,126.9,5,4,16,1.94,560.4
INM-00434,86.5,4,6,20,0.44,804.56
INM-00435,88.8,3,4,12,3.27,432.18
INM-00436,68.5,2,4,2,1.08,362.62
INM-00437,72.1,3,3,3,3.46,250.73
INM-00438,96.5,4,3,3,8.12,273.69
INM-00439,53.3,2,2,27,4.3,90.39
INM-00440,92.7,2,5,6,4.52,626.62
INM-00441,130.3,6,6,25,3.5,1033.58
INM-00442,35.0,1,4,10,11.79,146.64
INM-00443,38.8,2,3,23,12.09,95.84
INM-00444,105.3,4,2,9,3.24,242.26
INM-00445,125.9,5,3,12,1.64,378.26
INM-00446,70.3,3,3,18,2.77,205.64
INM-00447,35.0,1,4,18,0.93,156.88
INM-00448,128.0,4,6,11,4.55,1107.61
INM-00449,60.7,2,2,21,3.12,120.16
INM-00450,74.2,3,2,29,0.49,139.61
INM-00451,94.6,2,4,11,0.99,443.49
INM-00452,65.0,3,3,28,2.94,171.0
INM-00453,58.7,1,5,20,9.84,297.79
INM-00454,59.3,3,3,10,3.76,182.78
INM-00455,140.7,5,3,17,5.15,389.78
INM-00456,119.8,4,3,26,1.86,306.82
INM-00457,102.2,4,2,11,3.81,206.9
INM-00458,35.0,1,4,22,2.67,142.57
INM-00459,102.3,3,2,33,4.84,172.11
INM-00460,100.7,2,3,22,0.23,279.64
INM-00461,46.7,1,3,24,3.06,129.91
INM-00462,92.8,3,2,3,1.58,219.43
INM-00463,116.5,3,2,29,1.78,221.41
INM-00464,102.1,3,3,29,14.59,233.29
INM-00465,64.6,2,4,12,0.91,301.17
INM-00466,85.4,2,6,13,1.68,796.99
INM-00467,106.9,4,2,7,3.21,243.77
INM-00468,86.8,2,2,23,8.95,149.57
INM-00469,122.6,4,2,17,2.43,257.83
INM-00470,96.9,3,3,34,6.13,232.21
INM-00471,107.6,4,4,24,8.73,399.24
INM-00472,109.6,5,5,16,1.67,741.28
INM-00473,53.0,2,4,31,2.24,197.69
INM-00474,86.5,3,3,23,1.98,240.1
INM-00475,75.0,2,3,6,8.05,211.35
INM-00476,116.3,4,5,12,0.2,778.63
INM-00477,98.9,4,3,26,1.66,264.19
INM-00478,79.4,3,3,4,5.12,252.54
INM-00479,46.5,1,6,25,3.75,398.28
INM-00480,37.1,1,4,30,2.58,153.23
INM-00481,94.3,4,4,9,3.49,425.97
INM-00482,63.5,2,3,25,0.99,194.76
INM-00483,105.0,5,3,21,2.54,306.06
INM-00484,35.7,1,2,11,3.13,74.16
INM-00485,132.8,5,4,31,10.42,480.69
INM-00486,104.9,3,2,26,1.36,209.16
INM-00487,88.0,2,5,32,9.11,459.81
INM-00488,135.5,4,5,19,4.65,779.78
INM-00489,113.5,3,3,12,0.09,361.55
INM-00490,70.7,2,2,13,5.8,148.97
INM-00491,87.3,4,2,21,0.16,178.41
INM-00492,35.0,1,4,17,25.0,103.16
INM-00493,116.9,4,4,28,9.27,426.7
INM-00494,76.1,3,4,15,1.59,364.66
INM-00495,35.0,1,3,34,1.34,88.32
INM-00496,49.5,1,3,33,2.16,130.47
INM-00497,111.1,3,4,2,1.98,519.39
INM-00498,133.4,5,3,3,2.1,456.17
INM-00499,85.6,3,4,4,1.72,437.14
INM-00500,55.5,1,4,9,4.37,234.21
INM-00501,42.4,1,3,28,0.81,121.18
INM-00502,127.4,5,2,31,8.42,206.32
INM-00503,98.5,3,3,30,7.53,227.06
INM-00504,75.1,3,2,1,2.91,168.97
INM-00505,68.0,2,4,11,8.62,270.27
INM-00506,105.2,3,4,26,1.28,432.96
INM-00507,104.3,3,5,4,0.08,745.38
INM-00508,58.1,2,4,26,4.34,239.86
INM-00509,50.7,2,2,22,2.76,103.01
INM-00510,52.2,2,3,32,3.77,136.05
INM-00511,71.0,2,5,3,10.33,406.9
INM-00512,64.3,2,2,20,15.77,108.31
INM-00513,133.5,4,4,23,4.53,559.03
INM-00514,69.9,3,4,30,6.5,239.84
INM-00515,47.5,1,3,23,0.39,145.74
INM-00516,49.2,3,3,9,0.79,151.79
INM-00517,79.5,1,4,1,5.95,378.61
INM-00518,35.0,1,5,30,2.54,198.41
INM-00519,83.2,3,3,24,2.66,229.63
INM-00520,44.9,1,6,3,1.66,478.12
INM-00521,119.8,3,4,10,4.21,537.33
INM-00522,88.5,3,6,16,0.92,758.49
INM-00523,148.6,5,2,1,4.44,354.18
INM-00524,78.2,2,2,5,0.86,190.8
INM-00525,35.0,1,5,8,0.3,253.96
INM-00526,128.7,5,5,4,1.8,908.2
INM-00527,100.1,3,3,19,1.18,278.94
INM-00528,104.7,2,4,28,9.89,390.13
INM-00529,54.9,2,5,20,0.25,328.82
INM-00530,83.7,2,2,8,0.87,174.24
INM-00531,90.6,2,4,27,3.58,363.72
INM-00532,77.9,3,5,7,2.95,502.16
INM-00533,35.0,1,3,30,0.21,88.87
INM-00534,168.1,5,3,19,0.03,503.6
INM-00535,110.1,3,4,26,19.93,309.26
INM-00536,97.6,3,3,7,4.84,284.91
INM-00537,124.4,4,2,20,2.05,232.02
INM-00538,104.3,4,6,27,2.86,809.95
INM-00539,64.7,1,4,22,1.39,288.3
INM-00540,122.5,4,5,5,1.9,903.9
INM-00541,110.6,3,5,2,4.71,754.33
INM-00542,65.8,3,2,4,9.65,131.42
INM-00543,108.7,3,2,8,0.92,224.71
INM-00544,77.8,2,3,6,8.26,212.79
INM-00545,91.3,4,3,3,0.58,298.09
INM-00546,103.0,2,4,4,1.09,515.69
INM-00547,126.1,4,4,10,0.17,631.58
INM-00548,65.6,3,3,14,0.68,208.43
INM-00549,95.9,3,3,33,11.22,210.97
INM-00550,145.5,4,3,12,2.77,419.79
INM-00551,79.7,2,3,6,0.36,277.73
INM-00552,90.9,4,3,5,14.45,235.23
INM-00553,145.4,5,2,29,9.5,247.5
INM-00554,104.1,3,4,21,6.32,418.84
INM-00555,40.8,1,2,24,12.2,69.1
INM-00556,61.1,3,3,27,1.12,181.63
INM-00557,105.7,4,4,19,8.15,446.46
INM-00558,97.7,2,2,2,5.27,214.12
INM-00559,89.9,3,4,4,9.17,392.61
INM-00560,149.8,5,3,0,7.17,450.37
INM-00561,66.5,2,2,14,1.91,149.59
INM-00562,82.8,3,2,25,6.7,146.47
INM-00563,35.0,1,6,2,1.37,333.76
INM-00564,119.8,4,3,33,1.79,310.41
INM-00565,61.0,2,6,4,0.51,580.94
INM-00566,116.7,6,3,30,12.31,263.2
INM-00567,113.6,4,3,12,1.55,359.22
INM-00568,155.5,5,3,0,3.31,503.8
INM-00569,104.5,5,3,21,2.23,280.88
INM-00570,74.3,2,3,14,14.48,196.65
INM-00571,98.6,3,3,25,1.84,288.96
INM-00572,62.2,1,3,17,6.78,181.63
INM-00573,94.6,4,2,8,8.7,182.39
INM-00574,79.0,2,3,0,2.57,276.94
INM-00575,82.9,3,3,8,2.14,264.49
INM-00576,58.0,2,3,22,6.2,148.32
INM-00577,94.0,4,4,1,10.98,381.07
INM-00578,109.7,4,5,13,6.33,660.09
INM-00579,35.4,1,3,17,1.16,101.04
INM-00580,64.3,1,2,15,9.86,127.07
INM-00581,90.0,4,3,28,2.21,227.2
INM-00582,35.0,2,5,10,3.86,227.82
INM-00583,137.2,4,2,5,8.01,277.43
INM-00584,63.7,3,4,2,0.94,311.73
INM-00585,56.9,1,3,13,6.91,164.12
INM-00586,78.8,3,2,1,4.08,166.43
INM-00587,89.1,3,3,31,10.07,216.71
INM-00588,62.3,2,3,30,0.85,165.5
INM-00589,114.4,4,5,10,2.46,779.73
INM-00590,97.0,4,3,21,8.05,263.41
INM-00591,59.9,2,4,2,0.09,325.8
INM-00592,69.3,2,4,30,0.54,297.55
INM-00593,39.5,1,4,32,20.99,111.1
INM-00594,47.4,1,3,23,1.48,133.67
INM-00595,96.6,2,2,0,16.7,173.85
INM-00596,60.2,2,3,14,0.91,195.52
INM-00597,139.1,4,2,26,2.02,280.8
INM-00598,87.1,3,4,26,6.29,314.26
INM-00599,44.4,2,2,11,4.83,89.55
INM-00600,50.7,3,4,2,3.92,255.47
INM-00601,116.6,2,3,29,3.4,305.29
INM-00602,82.7,3,6,31,8.34,578.89
INM-00603,114.8,4,3,22,1.21,329.02
INM-00604,74.0,2,3,1,2.63,251.11
INM-00605,68.2,2,6,6,0.76,732.44
INM-00606,118.6,4,3,33,4.08,299.34
INM-00607,59.2,3,6,31,1.3,454.96
INM-00608,99.7,3,2,31,1.83,172.38
INM-00609,78.6,2,3,13,2.87,221.78
INM-00610,111.4,4,4,2,0.12,575.51
INM-00611,139.6,4,5,31,0.43,820.32
INM-00612,73.2,2,3,16,5.21,199.83
INM-00613,68.6,2,6,2,2.52,704.73
INM-00614,105.0,4,4,9,9.0,459.61
INM-00615,52.5,2,5,17,5.34,306.81
INM-00616,133.5,5,3,2,0.04,448.95
INM-00617,128.4,4,3,9,4.32,424.71
INM-00618,55.0,2,5,8,0.44,379.05
INM-00619,37.5,1,6,10,6.83,342.39
INM-00620,50.2,2,3,32,21.46,91.76
INM-00621,50.6,2,2,25,3.41,99.53
INM-00622,109.1,5,2,26,5.17,206.08
INM-00623,131.5,5,4,21,1.22,587.98
INM-00624,108.7,4,2,25,2.59,218.61
INM-00625,77.9,2,3,21,8.72,216.36
INM-00626,95.3,3,3,4,0.82,324.32
INM-00627,58.9,3,4,34,1.39,218.92
INM-00628,117.9,4,2,1,2.65,265.43
INM-00629,98.0,3,3,34,5.61,249.27
INM-00630,108.2,3,4,8,2.12,526.66
INM-00631,63.2,2,4,17,11.82,225.92
INM-00632,79.9,2,3,11,0.45,237.97
INM-00633,106.8,4,3,2,2.08,367.52
INM-00634,128.3,4,4,17,5.55,517.38
INM-00635,66.8,3,5,6,1.15,471.65
INM-00636,108.4,3,4,32,4.81,421.88
INM-00637,63.6,3,6,5,0.81,642.98
INM-00638,148.5,5,4,17,0.26,632.47
INM-00639,72.6,2,4,21,0.58,303.16
INM-00640,104.3,3,2,8,11.97,185.17
INM-00641,90.0,2,3,34,3.61,218.24
INM-00642,163.2,6,3,22,7.16,435.85
INM-00643,91.9,2,3,11,1.82,288.96
INM-00644,69.5,2,3,23,4.04,182.61
INM-00645,104.2,4,3,8,3.07,305.7
INM-00646,103.5,4,4,12,13.11,375.22
INM-00647,80.3,2,3,16,6.19,243.95
INM-00648,52.2,2,3,6,5.9,158.73
INM-00649,69.2,3,6,16,0.21,680.99
INM-00650,111.4,3,3,23,3.59,326.78
INM-00651,35.0,2,3,1,2.83,116.69
INM-00652,77.6,2,3,34,11.83,175.86
INM-00653,114.8,4,5,27,1.34,650.6
INM-00654,82.2,3,3,18,1.42,253.51
INM-00655,150.2,5,4,32,2.38,563.16
INM-00656,35.0,2,2,20,1.25,74.65
INM-00657,56.2,1,3,9,0.62,170.43
INM-00658,35.0,1,3,8,8.77,104.82
INM-00659,144.8,6,4,5,3.68,642.55
INM-00660,56.7,1,5,34,8.89,297.96
INM-00661,35.0,2,4,17,8.0,136.68
INM-00662,66.6,3,4,18,1.49,303.23
INM-00663,43.2,1,3,4,3.57,138.82
INM-00664,66.9,2,4,24,0.39,281.59
INM-00665,86.2,3,3,10,11.11,239.26
INM-00666,109.1,3,4,9,2.33,549.73
INM-00667,79.8,4,3,16,2.25,222.06
INM-00668,85.8,4,2,25,1.62,176.86
INM-00669,67.6,1,3,30,2.78,182.25
INM-00670,39.6,1,3,31,1.31,111.62
INM-00671,35.0,2,3,20,2.11,100.12
INM-00672,74.1,3,4,17,7.24,301.24
INM-00673,87.5,4,2,17,8.09,172.15
INM-00674,71.8,2,3,0,1.63,241.82
INM-00675,35.0,2,4,13,2.85,159.24
INM-00676,91.0,2,3,7,9.32,240.55
INM-00677,133.9,5,4,1,0.24,651.29
INM-00678,81.6,3,4,14,9.9,333.29
INM-00679,67.6,1,6,33,1.11,555.38
INM-00680,83.2,3,4,0,5.11,404.76
INM-00681,51.9,3,2,20,3.93,95.05
INM-00682,49.9,2,3,0,3.62,163.72
INM-00683,98.5,5,2,31,8.83,156.86
INM-00684,114.7,4,6,19,0.48,1035.93
INM-00685,80.6,2,2,29,1.92,158.6
INM-00686,35.0,2,3,6,3.48,116.14
INM-00687,95.6,3,3,21,7.5,236.44
INM-00688,147.0,5,5,9,1.1,1079.45
INM-00689,77.7,3,3,7,7.31,229.23
INM-00690,79.7,3,6,26,2.3,686.71
INM-00691,58.8,3,2,9,0.94,122.86
INM-00692,99.4,5,2,13,6.4,201.39
INM-00693,64.9,1,3,10,0.43,201.03
INM-00694,115.6,4,5,5,3.25,788.02
INM-00695,65.3,2,5,20,0.3,386.88
INM-00696,95.3,3,2,32,1.98,162.62
INM-00697,83.6,3,2,18,4.14,153.74
INM-00698,131.7,5,4,23,3.65,520.51
INM-00699,97.3,4,2,17,2.33,185.83
INM-00700,126.6,4,2,34,2.52,229.61
INM-00701,88.3,3,2,18,1.16,168.28
INM-00702,79.9,3,2,23,2.74,157.18
INM-00703,83.9,4,3,33,13.78,168.84
INM-00704,61.9,3,2,21,8.55,118.34
INM-00705,101.0,4,3,3,0.71,366.12
INM-00706,64.3,1,5,9,0.14,431.12
INM-00707,88.4,3,3,1,12.2,255.61
INM-00708,110.7,4,4,7,3.37,480.51
INM-00709,132.5,4,2,32,3.47,250.08
INM-00710,89.9,3,4,27,6.83,341.54
INM-00711,110.8,4,3,9,1.7,328.22
INM-00712,107.3,4,4,0,2.96,519.75
INM-00713,73.5,2,2,33,15.58,96.91
INM-00714,148.2,6,5,2,5.02,996.06
INM-00715,67.7,2,3,8,0.75,227.18
INM-00716,87.7,2,3,4,0.64,294.07
INM-00717,128.6,4,6,9,1.03,1222.51
INM-00718,127.9,4,4,11,6.55,519.83
INM-00719,85.4,1,3,17,1.58,246.6
INM-00720,114.7,4,6,20,0.1,968.02
INM-00721,78.3,4,3,20,12.98,199.13
INM-00722,70.3,3,2,0,0.84,156.87
INM-00723,48.6,1,6,2,0.04,510.53
INM-00724,106.7,3,3,4,1.22,347.38
INM-00725,109.9,2,5,24,1.21,643.81
INM-00726,68.0,1,2,7,2.47,152.79
INM-00727,93.0,3,4,16,11.39,353.62
INM-00728,164.5,6,3,8,9.51,458.53
INM-00729,119.4,2,6,31,2.75,955.14
INM-00730,58.0,2,4,5,2.38,280.26
INM-00731,115.0,3,2,20,3.64,217.34
INM-00732,58.1,2,4,6,1.26,286.64
INM-00733,35.0,1,2,6,0.24,82.36
INM-00734,84.4,2,4,26,12.6,269.1
INM-00735,131.9,4,5,7,0.93,922.59
INM-00736,126.9,4,3,8,1.0,383.76
INM-00737,96.3,4,4,27,2.88,369.08
INM-00738,68.7,1,2,14,3.04,143.31
INM-00739,99.6,4,3,1,0.08,366.0
INM-00740,76.9,3,3,6,0.72,270.68
INM-00741,69.6,3,4,17,2.14,287.38
INM-00742,116.9,4,2,21,5.18,217.87
INM-00743,69.2,3,4,9,1.17,335.65
INM-00744,118.8,4,2,32,2.47,201.02
INM-00745,67.2,3,4,6,3.67,329.77
INM-00746,146.8,5,2,2,9.88,307.47
INM-00747,35.8,1,5,13,1.78,252.88
INM-00748,56.3,1,2,12,0.65,112.92
INM-00749,80.3,3,3,15,3.02,229.26
INM-00750,35.0,1,3,15,6.18,104.68
INM-00751,35.0,2,4,4,0.52,180.31
INM-00752,35.0,2,3,24,2.49,104.3
INM-00753,76.2,2,4,25,0.08,303.37
INM-00754,77.0,3,3,12,0.15,250.13
INM-00755,95.0,3,4,25,2.97,393.7
INM-00756,79.1,3,2,0,1.59,171.55
INM-00757,94.0,4,3,7,8.39,274.09
INM-00758,71.5,3,3,3,4.15,233.77
INM-00759,106.4,3,2,20,2.72,200.24
INM-00760,102.8,5,2,21,2.36,195.64
INM-00761,75.2,3,6,2,3.09,759.13
INM-00762,101.0,4,6,18,0.19,919.55
INM-00763,79.3,3,4,0,10.05,370.26
INM-00764,39.3,2,3,28,25.0,67.38
INM-00765,112.1,4,3,22,0.9,315.22
INM-00766,57.8,2,4,32,0.58,249.14
INM-00767,111.8,4,2,22,0.7,239.39
INM-00768,94.7,3,6,4,4.87,828.39
INM-00769,82.5,3,3,6,4.87,267.52
INM-00770,35.0,1,6,5,8.48,290.23
INM-00771,131.2,5,3,21,6.27,328.03
INM-00772,74.1,3,4,12,2.69,326.45
INM-00773,104.0,3,2,11,4.27,207.67
INM-00774,81.6,3,5,3,5.25,580.17
INM-00775,76.9,2,3,7,3.24,251.73
INM-00776,90.8,3,4,30,2.91,384.21
INM-00777,85.8,3,5,25,4.66,510.49
INM-00778,77.0,2,2,7,3.67,163.9
INM-00779,83.3,3,3,32,4.65,217.16
INM-00780,97.8,4,3,28,4.27,278.17
INM-00781,99.9,2,3,4,5.72,321.15
INM-00782,86.3,3,3,27,4.63,237.49
INM-00783,103.6,4,3,16,3.3,327.52
INM-00784,72.3,3,3,22,5.15,185.33
INM-00785,151.7,6,4,8,2.69,738.03
INM-00786,129.6,6,4,1,1.24,693.62
INM-00787,107.9,5,3,31,0.01,317.15
INM-00788,35.0,1,5,30,3.69,186.84
INM-00789,103.2,2,5,6,4.02,697.22
INM-00790,74.9,3,3,29,16.1,163.05
INM-00791,55.6,1,3,2,2.02,178.54
INM-00792,74.1,1,3,8,2.25,240.37
INM-00793,59.0,2,4,9,1.01,272.14
INM-00794,100.2,4,4,25,0.33,416.33
INM-00795,133.5,6,2,0,6.67,285.65
INM-00796,109.8,4,4,29,1.29,448.33
INM-00797,167.9,6,3,14,4.22,492.49
INM-00798,38.4,2,2,24,5.24,70.57
INM-00799,69.8,2,4,5,2.87,324.38
INM-00800,56.7,2,4,17,9.41,210.92
INM-00801,121.9,5,3,0,2.64,380.08
INM-00802,78.4,3,3,2,1.51,251.57
INM-00803,90.7,4,6,16,10.19,725.82
INM-00804,104.0,3,4,7,8.9,466.04
INM-00805,41.4,2,4,16,0.81,178.85
INM-00806,66.4,2,2,24,0.12,124.06
INM-00807,114.9,5,2,11,0.42,263.01
INM-00808,68.6,3,3,28,1.52,182.76
INM-00809,35.0,1,3,24,16.13,82.84
INM-00810,57.9,3,4,24,3.68,244.79
INM-00811,76.4,2,3,28,2.1,202.45
INM-00812,90.0,3,3,10,9.88,241.13
INM-00813,82.9,3,3,3,2.72,273.5
INM-00814,66.6,3,3,13,1.7,192.58
INM-00815,113.2,4,6,16,12.75,801.4
INM-00816,81.1,2,4,1,8.52,346.31
INM-00817,91.3,3,2,7,8.35,190.3
INM-00818,68.2,3,4,9,3.23,316.9
INM-00819,130.3,5,4,6,7.01,535.36
INM-00820,73.3,2,4,15,0.89,345.93
INM-00821,87.2,2,2,13,3.83,177.12
INM-00822,116.0,3,3,15,18.57,262.61
INM-00823,93.4,3,2,24,1.55,173.83
INM-00824,92.7,2,5,3,7.12,612.99
INM-00825,35.0,1,4,28,3.03,150.39
INM-00826,105.4,3,3,5,0.18,330.8
INM-00827,86.7,2,3,0,6.48,264.48
INM-00828,101.2,3,2,0,0.83,229.99
INM-00829,90.5,2,2,2,4.49,191.7
INM-00830,68.2,3,6,0,0.4,697.99
INM-00831,111.8,3,2,0,13.21,226.1
INM-00832,90.9,3,2,20,1.55,195.36
INM-00833,46.3,1,6,29,1.16,362.58
INM-00834,124.3,4,3,31,0.62,339.8
INM-00835,42.1,2,4,32,13.13,139.41
INM-00836,112.0,5,2,21,5.6,210.76
INM-00837,129.6,5,4,29,6.09,482.9
INM-00838,51.8,3,3,3,3.11,160.87
INM-00839,81.3,3,4,22,2.9,341.45
INM-00840,78.5,3,2,24,0.52,153.07
INM-00841,79.9,2,3,11,3.69,255.36
INM-00842,139.9,4,4,16,1.28,660.32
INM-00843,52.2,2,3,14,17.0,115.58
INM-00844,75.8,2,4,9,7.17,307.91
INM-00845,130.1,4,2,34,2.4,244.34
INM-00846,75.3,2,2,28,0.74,144.5
INM-00847,56.9,1,4,11,6.92,258.76
INM-00848,92.9,2,4,0,0.59,444.96
INM-00849,109.2,5,6,0,0.94,1135.23
INM-00850,73.2,1,4,9,1.07,353.15
INM-00851,101.6,3,3,17,3.66,313.17
INM-00852,43.7,2,5,1,6.96,272.71
INM-00853,45.4,2,2,7,1.7,96.79
INM-00854,71.8,2,3,21,0.4,209.89
INM-00855,102.7,3,3,21,2.81,310.88
INM-00856,107.8,4,2,25,6.2,207.19
INM-00857,49.5,1,4,25,1.13,225.21
INM-00858,106.7,4,3,8,1.12,372.08
INM-00859,90.0,3,4,20,13.24,297.05
INM-00860,58.6,3,3,30,13.87,119.03
INM-00861,45.0,1,3,5,20.94,98.37
INM-00862,91.9,3,2,13,7.42,173.87
INM-00863,123.7,4,4,32,0.94,518.09
INM-00864,86.1,3,3,6,1.07,301.91
INM-00865,57.0,1,5,23,1.87,331.14
INM-00866,35.0,1,2,8,1.72,78.73
INM-00867,130.9,5,3,10,14.11,358.33
INM-00868,116.3,4,4,22,7.0,455.25
INM-00869,94.1,2,5,1,5.79,599.35
INM-00870,129.3,5,3,14,0.93,399.79
INM-00871,91.7,2,4,34,10.81,298.38
INM-00872,69.1,2,6,27,7.92,524.96
INM-00873,101.7,4,6,3,0.8,1022.74
INM-00874,60.1,3,4,9,9.22,232.85
INM-00875,55.1,1,4,5,1.43,291.95
INM-00876,108.1,4,3,29,0.38,301.91
INM-00877,110.7,4,5,34,4.81,584.53
INM-00878,46.8,1,3,9,4.77,152.86
INM-00879,47.9,2,6,31,0.45,369.61
INM-00880,71.6,1,2,2,1.73,156.83
INM-00881,63.7,1,3,25,22.21,128.7
INM-00882,99.3,4,4,14,5.11,413.6
INM-00883,86.4,3,3,16,5.89,256.53
INM-00884,119.9,4,3,26,1.08,325.37
INM-00885,94.5,3,4,17,0.37,398.37
INM-00886,65.7,2,4,18,1.46,292.85
INM-00887,35.0,1,4,11,1.29,156.74
INM-00888,90.4,3,3,23,1.2,271.44
INM-00889,35.0,1,4,4,0.96,178.3
INM-00890,65.3,3,3,23,3.85,192.93
INM-00891,63.3,2,2,26,1.79,126.41
INM-00892,69.7,2,4,29,7.73,242.33
INM-00893,45.5,1,5,14,0.91,318.19
INM-00894,63.2,2,3,33,2.81,166.63
INM-00895,119.4,4,3,26,0.06,350.77
INM-00896,119.3,3,3,19,2.96,364.33
INM-00897,131.0,4,3,31,0.26,361.83
INM-00898,85.3,2,2,3,17.12,148.14
INM-00899,93.1,4,6,4,7.04,868.42
INM-00900,119.8,4,5,7,3.03,789.27
INM-00901,40.9,2,4,21,0.41,171.14
INM-00902,109.2,3,3,6,4.04,350.38
INM-00903,124.1,4,4,21,6.4,476.42
INM-00904,58.3,2,3,29,0.95,149.54
INM-00905,126.5,5,3,15,3.78,343.92
INM-00906,146.7,5,2,14,7.57,286.39
INM-00907,108.3,3,4,4,6.58,482.48
INM-00908,102.8,3,6,2,7.31,985.84
INM-00909,51.4,1,2,22,9.52,87.67
INM-00910,117.1,5,2,9,12.49,213.52
INM-00911,54.2,1,3,4,2.34,175.27
INM-00912,96.1,3,5,22,3.79,588.95
INM-00913,99.1,4,3,14,7.04,273.38
INM-00914,35.0,2,3,17,5.38,106.58
INM-00915,97.2,4,4,24,24.34,285.62
INM-00916,163.6,6,3,7,0.06,574.35
INM-00917,35.0,1,2,30,1.97,68.73
INM-00918,83.4,2,2,20,1.48,166.95
INM-00919,35.0,2,4,1,1.37,178.04
INM-00920,58.2,2,3,21,1.13,177.43
INM-00921,35.0,1,6,7,5.56,330.4
INM-00922,89.8,4,4,22,0.4,417.22
INM-00923,108.8,5,2,31,6.09,192.21
INM-00924,97.3,3,3,7,5.32,321.76
INM-00925,57.1,2,3,3,1.3,187.19
INM-00926,66.7,3,2,29,1.31,131.74
INM-00927,93.2,3,6,18,4.46,823.31
INM-00928,58.0,4,5,22,6.46,342.53
INM-00929,45.1,2,3,17,9.41,116.11
INM-00930,77.8,3,3,28,8.6,199.4
INM-00931,56.7,2,2,22,15.07,94.81
INM-00932,97.3,4,3,32,3.92,237.53
INM-00933,124.0,3,4,17,10.77,485.86
INM-00934,162.9,6,3,32,7.44,386.28
INM-00935,95.1,4,6,6,10.13,874.8
INM-00936,104.4,5,2,27,0.05,202.36
INM-00937,67.0,2,4,0,15.2,257.27
INM-00938,68.9,2,5,33,2.89,372.97
INM-00939,123.5,4,3,18,7.2,345.28
INM-00940,76.7,3,2,30,0.61,134.32
INM-00941,87.2,3,3,12,2.27,274.52
INM-00942,121.7,4,3,23,1.43,373.83
INM-00943,76.9,3,6,4,1.55,809.57
INM-00944,130.0,4,5,22,0.59,761.0
INM-00945,102.2,4,6,18,7.37,900.06
INM-00946,98.7,3,5,0,0.04,763.33
INM-00947,65.6,1,3,32,1.69,164.27
INM-00948,100.3,3,5,32,0.86,531.26
INM-00949,72.1,3,6,31,4.0,527.9
INM-00950,99.1,3,3,27,1.32,290.64
INM-00951,81.9,3,3,11,1.35,239.38
INM-00952,114.0,4,3,8,3.02,344.24
INM-00953,84.0,3,2,10,4.76,181.27
INM-00954,146.1,6,2,32,0.58,273.45
INM-00955,76.7,2,6,18,0.87,726.12
INM-00956,69.0,2,6,33,1.28,567.96
INM-00957,95.4,3,2,6,16.38,153.55
INM-00958,117.3,6,3,30,2.28,332.91
INM-00959,117.1,4,5,1,4.11,782.6
INM-00960,90.0,3,4,18,1.24,404.85
INM-00961,95.2,3,3,31,3.03,254.79
INM-00962,95.2,3,4,9,0.35,436.95
INM-00963,52.7,2,5,7,0.16,403.55
INM-00964,115.7,4,6,25,2.85,957.59
INM-00965,47.3,2,3,29,2.29,118.39
INM-00966,52.7,2,2,10,0.66,124.61
INM-00967,86.7,2,5,19,5.24,526.62
INM-00968,75.4,3,2,19,22.27,107.81
INM-00969,108.9,5,4,8,2.27,518.45
INM-00970,98.4,3,2,7,4.41,220.96
INM-00971,89.1,3,3,14,14.83,202.38
INM-00972,51.2,1,3,33,8.01,116.75
INM-00973,85.8,2,2,23,2.8,164.71
INM-00974,83.4,4,6,32,6.02,576.3
INM-00975,91.7,4,2,26,0.62,184.23
INM-00976,72.1,3,5,20,3.23,434.98
INM-00977,100.7,2,5,4,1.47,691.8
INM-00978,74.6,2,3,34,0.79,180.98
INM-00979,97.9,4,4,20,2.5,436.21
INM-00980,108.9,3,3,3,0.63,389.36
INM-00981,69.0,2,4,15,5.4,290.16
INM-00982,61.8,3,4,30,2.74,245.94
INM-00983,99.3,2,3,25,3.41,260.21
INM-00984,45.4,1,3,34,0.71,122.13
INM-00985,118.3,3,4,5,0.68,541.71
INM-00986,85.3,3,5,32,3.94,466.26
INM-00987,81.6,2,2,20,18.9,123.46
INM-00988,101.4,4,4,15,0.46,500.02
INM-00989,99.5,3,3,33,1.51,256.77
INM-00990,85.2,4,5,14,9.16,518.28
INM-00991,111.4,3,2,5,0.34,260.7
INM-00992,64.8,2,4,1,9.39,307.11
INM-00993,106.4,3,2,23,3.34,200.2
INM-00994,52.6,2,4,27,2.36,207.78
INM-00995,100.3,3,5,0,1.67,778.84
INM-00996,75.2,2,4,0,1.59,354.18
INM-00997,45.7,1,4,27,1.64,177.05
INM-00998,92.7,3,3,19,9.73,224.19
INM-00999,84.0,2,5,7,5.79,577.13
INM-01000,38.7,2,4,0,4.99,171.6
INM-01001,35.0,1,5,25,7.21,204.32
INM-01002,80.4,4,3,24,1.34,227.63
INM-01003,133.5,5,3,9,4.33,376.89
INM-01004,94.6,3,3,11,2.77,288.3
INM-01005,65.0,4,3,6,6.86,185.72
INM-01006,117.5,4,2,11,1.66,258.86
INM-01007,112.2,4,5,16,4.64,715.19
INM-01008,123.1,4,4,4,9.62,531.35
INM-01009,105.5,4,6,13,2.31,900.59
INM-01010,111.6,5,2,33,0.31,210.13
INM-01011,106.9,4,3,16,3.27,333.24
INM-01012,70.7,3,5,34,1.91,406.31
INM-01013,35.9,1,3,0,5.02,122.32
INM-01014,69.4,2,3,14,13.57,166.14
INM-01015,118.1,5,5,18,2.99,785.43
INM-01016,73.6,3,3,4,2.82,232.97
INM-01017,80.6,3,2,18,4.78,144.73
INM-01018,50.0,1,5,4,0.49,381.7
INM-01019,68.5,3,2,11,1.32,159.25
INM-01020,84.7,2,5,18,11.31,472.49
INM-01021,99.8,3,2,11,4.99,195.74
INM-01022,71.2,2,4,11,0.06,327.86
INM-01023,69.1,1,2,17,1.03,143.08
INM-01024,110.3,4,4,33,5.17,432.76
INM-01025,94.8,3,2,32,6.51,150.38
INM-01026,98.5,3,5,17,8.24,600.14
INM-01027,130.8,4,3,28,1.56,347.46
INM-01028,69.8,2,2,4,12.03,140.04
INM-01029,83.5,2,4,24,3.62,364.61
INM-01030,101.5,4,3,23,5.37,270.87
INM-01031,58.9,2,2,28,4.09,104.38
INM-01032,91.9,3,2,32,0.59,177.84
INM-01033,85.7,3,3,9,14.85,219.48
INM-01034,168.3,5,2,32,0.59,319.84
INM-01035,88.0,3,2,22,1.32,178.58
INM-01036,119.7,5,3,10,7.56,326.26
INM-01037,109.9,3,4,23,4.34,472.99
INM-01038,50.3,2,3,23,8.19,123.25
INM-01039,38.5,2,2,6,3.26,90.01
INM-01040,92.4,2,6,20,2.13,775.48
INM-01041,122.7,5,5,19,11.47,685.31
INM-01042,93.6,5,3,9,0.17,295.63
INM-01043,87.4,3,2,24,8.72,147.27
INM-01044,76.5,2,6,14,1.18,690.07
INM-01045,45.3,1,3,5,8.5,138.79
INM-01046,56.2,2,3,1,0.67,195.12
INM-01047,36.3,2,3,11,3.91,117.15
INM-01048,51.9,1,4,3,9.86,218.2
INM-01049,69.2,2,2,22,2.89,138.54
INM-01050,108.3,4,4,12,6.18,486.98
INM-01051,71.6,2,4,16,7.35,277.77
INM-01052,92.7,2,3,30,6.0,229.54
INM-01053,89.1,4,5,15,11.68,491.94
INM-01054,100.0,3,2,25,2.66,185.71
INM-01055,54.0,2,4,27,0.86,218.39
INM-01056,116.8,4,3,0,0.22,419.6
INM-01057,42.8,1,3,11,1.27,129.47
INM-01058,71.6,3,3,19,0.7,222.19
INM-01059,84.4,3,3,1,3.67,296.48
INM-01060,107.8,3,2,14,0.92,232.55
INM-01061,126.4,4,3,21,0.18,383.06
INM-01062,108.0,4,3,31,0.16,274.9
INM-01063,127.5,3,4,19,8.02,535.16
INM-01064,60.1,1,2,32,4.03,101.55
INM-01065,120.7,4,4,14,1.99,559.34
INM-01066,115.6,3,3,2,10.11,364.38
INM-01067,35.0,1,2,28,0.33,68.23
INM-01068,78.4,3,3,26,17.68,170.86
INM-01069,103.1,3,3,4,4.31,325.2
INM-01070,69.5,4,4,30,0.91,261.8
INM-01071,52.4,1,3,21,5.11,151.33
INM-01072,148.4,3,6,34,6.49,992.02
INM-01073,88.3,4,6,6,2.52,882.07
INM-01074,89.2,2,3,5,8.9,241.13
INM-01075,45.7,1,4,25,0.74,205.12
INM-01076,66.6,3,2,0,1.47,147.75
INM-01077,58.1,2,3,18,0.44,176.96
INM-01078,117.4,5,4,6,1.07,584.4
INM-01079,100.1,3,3,11,1.23,315.25
INM-01080,67.9,3,2,19,11.23,114.49
INM-01081,101.8,3,2,22,0.37,204.49
INM-01082,77.4,2,3,24,2.51,210.36
INM-01083,92.0,4,3,29,3.42,241.06
INM-01084,91.9,4,3,28,10.3,213.72
INM-01085,97.6,3,3,30,25.0,170.45
INM-01086,94.0,3,3,17,6.3,251.45
INM-01087,97.6,4,4,18,15.9,364.19
INM-01088,122.7,3,2,3,6.96,258.23
INM-01089,104.2,3,4,0,14.86,400.46
INM-01090,74.9,3,4,14,5.53,320.99
INM-01091,82.1,4,4,7,0.37,427.42
INM-01092,121.9,4,4,14,2.31,509.72
INM-01093,88.4,4,3,14,4.68,266.94
INM-01094,73.8,2,3,21,1.94,215.56
INM-01095,66.1,2,3,17,1.44,188.87
INM-01096,93.2,3,6,15,3.88,866.77
INM-01097,59.4,3,4,1,12.2,245.33
INM-01098,123.5,5,2,19,0.16,247.9
INM-01099,53.9,3,2,15,6.6,109.79
INM-01100,129.3,4,6,2,5.77,1249.89
INM-01101,76.4,3,2,29,14.95,120.59
INM-01102,52.7,2,2,1,12.01,105.11
INM-01103,90.7,3,3,34,6.46,226.87
INM-01104,56.4,2,6,25,3.31,489.3
INM-01105,86.0,4,3,4,1.03,267.53
INM-01106,67.7,2,3,1,3.55,232.6
INM-01107,113.4,3,4,19,6.52,469.64
INM-01108,89.1,2,2,33,10.17,129.76
INM-01109,49.3,1,5,33,7.02,254.75
INM-01110,67.1,3,3,19,0.98,187.22
INM-01111,106.1,3,3,24,4.12,300.81
INM-01112,123.6,4,5,19,1.82,787.58
INM-01113,83.6,3,6,24,0.04,782.86
INM-01114,53.7,2,3,13,1.01,159.73
INM-01115,116.6,4,2,11,0.54,260.55
INM-01116,106.0,4,5,4,8.32,645.09
INM-01117,124.2,4,3,1,1.35,430.63
INM-01118,93.7,2,6,15,1.51,891.26
INM-01119,69.4,3,6,29,14.48,470.8
INM-01120,100.5,3,2,23,2.14,205.75
INM-01121,94.8,3,6,29,0.04,837.71
INM-01122,67.8,2,3,10,1.5,201.13
INM-01123,91.0,3,4,13,0.57,415.77
INM-01124,79.1,2,2,22,0.49,164.2
INM-01125,107.3,4,5,15,0.36,716.2
INM-01126,99.8,4,4,20,4.05,398.45
INM-01127,53.5,1,4,3,0.94,270.78
INM-01128,50.4,1,5,32,2.02,280.23
INM-01129,82.3,2,3,13,8.91,222.85
INM-01130,86.0,3,3,18,2.49,265.8
INM-01131,107.8,4,5,4,11.13,644.98
INM-01132,100.4,3,4,30,3.1,363.47
INM-01133,128.8,3,6,17,2.29,1069.18
INM-01134,71.0,1,6,30,6.25,564.15
INM-01135,69.3,2,3,29,0.34,206.5
INM-01136,56.2,3,3,20,0.42,173.16
INM-01137,107.5,4,3,29,4.75,272.46
INM-01138,85.7,3,4,3,3.0,445.89
INM-01139,35.0,2,3,4,7.03,109.29
INM-01140,91.1,2,4,9,11.16,389.93
INM-01141,93.0,3,2,26,2.21,184.03
INM-01142,80.7,1,2,15,4.08,159.59
INM-01143,93.9,3,3,29,3.13,248.79
INM-01144,48.4,2,2,12,17.98,73.8
INM-01145,134.2,5,4,20,8.0,510.55
INM-01146,96.4,4,2,14,10.92,182.27
INM-01147,35.0,2,2,19,1.32,75.89
INM-01148,84.8,2,2,19,6.66,164.53
INM-01149,97.2,4,4,4,1.39,478.36
INM-01150,51.6,2,5,31,1.05,278.52
INM-01151,101.0,2,2,5,12.99,174.99
INM-01152,135.4,4,4,29,0.09,549.13
INM-01153,65.7,3,3,25,15.14,145.78
INM-01154,97.9,3,3,12,0.73,315.85
INM-01155,91.3,4,4,28,7.7,310.96
INM-01156,114.0,3,2,4,1.45,280.54
INM-01157,81.7,2,4,24,1.94,335.71
INM-01158,53.0,1,2,12,1.1,120.97
INM-01159,112.1,3,6,23,3.96,934.08
INM-01160,54.8,1,2,30,1.93,94.93
INM-01161,139.3,4,4,19,4.82,610.35
INM-01162,101.8,3,5,7,0.07,749.68
INM-01163,67.0,1,2,8,0.3,151.78
INM-01164,118.3,4,3,20,0.47,354.4
INM-01165,84.7,3,3,19,2.44,231.27
INM-01166,78.4,3,4,14,7.59,333.99
INM-01167,64.6,1,3,25,9.86,169.4
INM-01168,35.0,1,2,10,1.26,71.66
INM-01169,103.1,4,4,10,3.84,452.09
INM-01170,36.2,2,3,26,6.58,99.42
INM-01171,61.2,3,4,29,1.53,239.27
INM-01172,98.0,3,3,18,2.37,296.25
INM-01173,70.0,2,3,33,3.34,179.96
INM-01174,89.7,2,4,22,0.65,396.78
INM-01175,48.6,2,4,0,0.12,248.87
INM-01176,74.5,2,3,2,0.75,246.07
INM-01177,89.9,3,3,2,4.44,268.66
INM-01178,56.5,2,3,27,0.34,165.79
INM-01179,135.6,3,2,13,0.95,303.09
INM-01180,65.9,2,3,29,1.86,183.58
INM-01181,126.4,5,2,4,0.36,300.01
INM-01182,80.0,3,4,14,0.96,354.66
INM-01183,37.9,2,4,13,10.9,138.4
INM-01184,50.9,2,3,13,0.09,169.71
INM-01185,90.3,2,3,7,4.77,278.66
INM-01186,116.0,4,3,7,2.18,361.94
INM-01187,138.1,5,3,18,5.03,365.7
INM-01188,88.8,4,5,31,4.0,455.89
INM-01189,49.7,1,4,30,1.14,195.82
INM-01190,93.4,2,4,28,8.45,357.62
INM-01191,60.2,2,5,10,3.05,427.53
INM-01192,96.8,4,3,12,7.78,291.53
INM-01193,56.8,3,2,26,2.34,114.83
INM-01194,35.0,1,4,18,18.81,121.64
INM-01195,124.5,3,2,25,6.62,223.0
INM-01196,78.2,2,4,8,15.21,282.99
INM-01197,86.5,3,4,27,3.25,363.55
INM-01198,114.9,4,4,31,2.89,427.05
INM-01199,141.4,5,3,2,6.34,425.12
INM-01200,106.6,3,3,31,9.55,239.61
INM-01201,88.1,4,4,4,14.98,346.06
INM-01202,98.9,3,5,7,1.77,667.1
INM-01203,76.2,3,4,13,7.21,303.45
INM-01204,86.1,3,6,2,1.06,870.65
INM-01205,89.3,3,2,23,3.55,180.42
INM-01206,61.4,2,3,12,0.89,196.41
INM-01207,85.6,3,3,28,1.92,248.1
INM-01208,96.0,2,2,7,12.05,170.77
INM-01209,100.5,3,5,30,0.71,557.73
INM-01210,98.1,3,6,25,4.5,802.01
INM-01211,44.8,1,2,17,4.04,88.46
INM-01212,121.9,3,2,17,0.58,262.05
INM-01213,119.4,4,3,6,1.78,408.03
INM-01214,82.1,1,5,15,3.73,541.18
INM-01215,98.7,4,3,32,0.93,283.03
INM-01216,78.5,3,2,2,7.26,162.84
INM-01217,107.6,5,2,3,16.12,182.68
INM-01218,60.6,2,3,3,1.09,205.91
INM-01219,125.3,4,6,8,0.93,1148.38
INM-01220,106.1,4,3,16,2.73,305.57
INM-01221,106.8,3,3,16,6.2,286.99
INM-01222,81.8,3,2,32,1.49,146.47
INM-01223,42.6,2,3,19,0.09,121.06
INM-01224,111.5,4,4,13,3.51,461.89
INM-01225,43.6,2,3,21,14.12,105.17
INM-01226,111.9,3,3,26,2.23,315.12
INM-01227,61.8,3,5,2,2.45,454.89
INM-01228,37.4,1,2,23,15.62,59.14
INM-01229,85.0,4,4,29,5.34,304.06
INM-01230,120.5,3,3,7,5.72,354.41
INM-01231,56.0,3,3,21,3.72,148.5
INM-01232,133.0,5,4,24,16.53,456.48
INM-01233,104.7,3,5,9,5.25,704.61
INM-01234,89.7,4,4,28,10.14,302.79
INM-01235,71.9,2,2,0,5.41,154.53
INM-01236,74.0,2,3,20,5.98,217.9
INM-01237,97.9,5,3,23,1.54,285.07
INM-01238,110.4,4,3,8,1.63,372.99
INM-01239,67.2,1,4,25,6.88,248.8
INM-01240,60.8,2,2,8,1.58,128.24
INM-01241,78.6,2,3,19,3.72,235.43
INM-01242,126.8,4,4,34,1.29,507.36
INM-01243,48.5,2,3,8,7.64,145.99
INM-01244,119.3,4,4,21,0.53,529.38
INM-01245,86.3,2,3,0,7.96,268.69
INM-01246,35.4,1,3,4,4.15,117.19
INM-01247,71.2,3,6,8,0.93,670.28
INM-01248,103.3,3,3,18,3.51,292.31
INM-01249,139.1,5,3,7,1.49,479.56
INM-01250,45.2,1,4,31,1.76,173.7
INM-01251,35.0,1,6,12,1.95,329.2
INM-01252,45.7,1,6,19,0.29,427.65
INM-01253,118.9,3,4,29,19.2,378.92
INM-01254,35.0,1,2,9,0.14,77.73
INM-01255,129.9,3,5,30,4.89,705.0
INM-01256,121.4,4,4,24,2.09,536.65
INM-01257,90.7,3,3,28,4.67,248.95
INM-01258,66.2,1,5,23,1.98,419.14
INM-01259,86.7,3,3,20,5.04,239.82
INM-01260,103.3,4,2,8,5.88,207.38
INM-01261,98.8,4,5,1,5.28,689.32
INM-01262,137.2,5,3,3,0.54,494.38
INM-01263,77.2,2,3,7,4.81,253.06
INM-01264,46.0,2,3,31,1.48,115.54
INM-01265,40.7,2,4,13,0.13,189.8
INM-01266,35.0,1,3,12,2.41,107.54
INM-01267,90.9,2,3,20,2.56,283.21
INM-01268,78.0,2,4,23,2.83,335.13
INM-01269,86.0,3,5,17,5.49,513.71
INM-01270,68.9,2,3,25,1.66,179.28
INM-01271,51.7,2,4,31,1.7,207.28
INM-01272,103.4,4,4,32,0.28,388.64
INM-01273,35.0,2,4,30,5.22,139.61
INM-01274,61.0,2,3,17,3.78,184.6
INM-01275,108.6,4,5,34,1.93,598.87
INM-01276,58.0,1,3,11,5.5,169.96
INM-01277,96.8,3,2,24,3.47,194.88
INM-01278,61.0,3,3,30,2.85,155.99
INM-01279,71.3,2,4,9,3.22,317.35
INM-01280,102.2,3,2,33,4.55,188.1
INM-01281,46.7,3,2,2,4.85,107.54
INM-01282,107.4,5,4,7,1.53,545.55
INM-01283,86.4,3,5,31,0.68,477.72
INM-01284,122.7,3,4,28,0.77,478.12
INM-01285,91.2,4,3,21,4.59,234.3
INM-01286,52.9,1,2,19,9.28,90.77
INM-01287,136.8,5,4,5,2.37,691.1
INM-01288,55.4,2,2,28,0.84,101.16
INM-01289,78.2,4,4,16,6.36,338.62
INM-01290,113.7,3,3,30,8.04,265.49
INM-01291,35.0,3,5,33,9.56,170.02
INM-01292,128.2,4,3,3,4.2,443.42
INM-01293,50.5,3,3,1,8.87,145.95
INM-01294,71.4,2,5,11,0.07,483.98
INM-01295,93.7,2,3,34,0.51,240.09
INM-01296,83.7,1,3,5,0.44,263.29
INM-01297,108.7,5,5,7,5.61,708.91
INM-01298,37.0,1,3,20,0.32,108.68
INM-01299,106.8,3,3,34,3.09,280.1
INM-01300,109.2,5,3,14,2.88,346.61
INM-01301,115.9,5,2,6,1.67,261.64
INM-01302,37.3,2,2,14,9.2,64.39
INM-01303,40.9,1,4,5,0.84,206.51
INM-01304,74.7,3,4,16,1.96,310.98
INM-01305,44.2,2,3,3,6.7,138.77
INM-01306,35.0,2,3,21,0.14,107.36
INM-01307,73.4,3,6,31,5.03,530.95
INM-01308,92.0,3,6,21,7.63,766.98
INM-01309,169.0,6,3,26,12.11,422.0
INM-01310,101.5,4,5,14,9.4,619.38
INM-01311,137.6,5,4,21,1.73,575.96
INM-01312,83.7,2,3,27,3.97,226.53
INM-01313,101.8,3,2,8,0.36,244.62
INM-01314,80.6,1,2,33,1.34,141.58
INM-01315,165.5,5,5,8,0.45,1223.42
INM-01316,64.4,3,4,14,1.7,271.26
INM-01317,68.5,3,4,19,9.36,244.38
INM-01318,108.9,3,2,7,1.92,251.43
INM-01319,91.2,4,4,27,3.71,378.4
INM-01320,72.3,4,4,18,2.56,330.58
INM-01321,113.8,3,5,15,2.76,782.64
INM-01322,83.8,3,2,10,15.72,134.2
INM-01323,83.6,2,4,7,1.58,386.31
INM-01324,91.9,3,2,32,4.44,170.08
INM-01325,35.0,1,4,9,2.45,155.78
INM-01326,37.2,1,4,17,0.28,174.65
INM-01327,117.6,4,2,34,3.02,206.33
INM-01328,64.7,2,4,2,7.55,274.54
INM-01329,81.0,3,2,26,0.47,152.47
INM-01330,133.4,5,5,27,0.32,810.14
INM-01331,82.4,3,3,5,0.75,290.69
INM-01332,78.7,2,4,13,6.51,346.82
INM-01333,111.9,4,6,6,5.79,1047.89
INM-01334,67.1,3,3,9,3.75,207.54
INM-01335,121.1,4,3,14,2.84,354.24
INM-01336,111.3,4,3,30,9.86,246.25
INM-01337,139.9,4,2,28,6.55,239.89
INM-01338,64.3,2,4,16,7.52,243.55
INM-01339,126.0,3,4,28,7.55,445.53
INM-01340,101.6,3,5,14,4.63,632.68
INM-01341,45.2,1,5,25,2.76,264.6
INM-01342,35.0,1,3,11,9.0,90.67
INM-01343,61.1,2,4,24,11.72,220.98
INM-01344,93.8,2,5,4,0.11,688.1
INM-01345,98.1,3,3,3,0.24,312.32
INM-01346,83.2,3,2,30,14.35,132.57
INM-01347,83.5,3,3,2,1.46,263.78
INM-01348,81.2,2,5,2,9.3,546.04
INM-01349,115.9,4,4,25,2.22,442.23
INM-01350,41.9,2,4,16,0.57,203.56
INM-01351,93.0,3,2,9,0.38,191.97
INM-01352,60.3,2,6,1,0.77,647.09
INM-01353,57.8,3,3,23,1.29,162.76
INM-01354,120.3,3,4,10,3.02,576.59
INM-01355,55.5,2,2,23,5.44,101.02
INM-01356,80.8,3,2,34,19.34,97.7
INM-01357,143.8,5,4,22,2.62,633.76
INM-01358,110.1,4,6,31,3.29,801.49
INM-01359,71.4,1,3,22,3.32,214.45
INM-01360,73.8,3,2,33,3.49,119.8
INM-01361,48.2,2,3,18,3.28,139.73
INM-01362,124.0,3,2,1,0.04,305.88
INM-01363,115.3,4,2,1,0.01,270.05
INM-01364,105.6,4,4,14,0.46,469.63
INM-01365,108.9,3,6,20,0.48,1016.76
INM-01366,61.8,3,2,34,5.49,108.43
INM-01367,38.6,1,4,4,1.03,205.08
INM-01368,101.8,4,3,26,10.13,242.27
INM-01369,111.7,4,2,23,11.88,185.02
INM-01370,133.2,5,3,6,16.76,327.02
INM-01371,79.0,3,4,5,12.59,309.06
INM-01372,74.6,3,2,32,1.43,141.42
INM-01373,77.8,3,3,16,3.21,224.25
INM-01374,105.1,3,2,29,0.87,196.13
INM-01375,76.5,3,3,7,7.38,222.95
INM-01376,83.4,3,2,6,9.87,168.92
INM-01377,109.9,4,5,5,8.58,739.36
INM-01378,66.2,3,4,3,2.56,332.72
INM-01379,126.7,3,5,0,6.4,855.12
INM-01380,104.0,3,3,14,0.46,340.63
INM-01381,35.0,1,3,30,0.18,98.69
INM-01382,69.5,2,3,24,6.3,170.38
INM-01383,35.0,2,2,32,2.49,58.69
INM-01384,79.1,1,4,34,24.37,184.15
INM-01385,70.1,3,3,4,0.46,235.2
INM-01386,110.0,5,3,4,8.71,342.29
INM-01387,58.6,2,4,16,2.94,250.92
INM-01388,96.6,3,3,13,7.9,265.89
INM-01389,102.1,4,6,28,7.65,813.01
INM-01390,92.7,3,3,7,11.15,270.8
INM-01391,119.2,4,4,33,1.59,477.58
INM-01392,147.0,4,3,0,13.46,395.3
INM-01393,88.4,2,6,28,0.74,692.77
INM-01394,97.2,3,3,28,0.38,250.9
INM-01395,58.6,2,4,4,2.54,266.99
INM-01396,54.4,1,2,31,7.93,87.08
INM-01397,116.0,5,4,23,2.89,488.16
INM-01398,112.0,3,3,18,7.95,280.7
INM-01399,54.1,2,3,11,5.89,150.06
INM-01400,45.8,3,5,0,1.06,320.79
INM-01401,65.5,2,6,6,13.38,537.75
INM-01402,80.8,4,3,16,0.28,254.7
INM-01403,72.7,2,5,33,10.28,357.52
INM-01404,89.8,4,2,6,1.63,193.38
INM-01405,112.5,3,5,16,3.12,699.46
INM-01406,98.9,3,4,2,2.47,456.78
INM-01407,101.1,2,3,28,0.85,268.58
INM-01408,35.0,1,5,21,2.0,231.02
INM-01409,36.6,2,5,28,0.96,234.21
INM-01410,61.1,3,3,4,1.03,209.49
INM-01411,66.1,1,4,29,0.93,288.14
INM-01412,110.2,4,2,22,3.02,218.49
INM-01413,58.6,2,5,20,7.2,311.97
INM-01414,105.0,4,4,25,3.79,458.61
INM-01415,61.4,2,2,20,10.07,100.68
INM-01416,49.0,1,4,19,4.55,211.85
INM-01417,50.4,2,4,22,5.26,196.15
INM-01418,152.7,5,4,3,4.96,707.09
INM-01419,60.8,2,3,20,2.69,179.72
INM-01420,105.7,3,3,20,5.26,290.08
INM-01421,38.3,1,4,0,0.33,190.26
INM-01422,127.6,5,3,14,8.84,340.16
INM-01423,95.5,2,3,16,6.77,259.91
INM-01424,93.2,4,4,13,1.27,463.9
INM-01425,97.4,3,2,18,6.58,192.94
INM-01426,100.7,4,4,33,0.06,399.65
INM-01427,109.3,3,4,5,1.1,513.51
INM-01428,67.0,2,4,5,0.3,351.35
INM-01429,65.3,2,3,4,6.82,188.49
INM-01430,86.5,3,3,6,6.35,250.25
INM-01431,105.5,3,3,32,7.56,248.6
INM-01432,83.0,3,5,12,0.02,604.73
INM-01433,108.2,3,2,0,3.13,232.91
INM-01434,103.5,3,6,12,5.49,858.27
INM-01435,78.5,4,4,26,0.76,329.78
INM-01436,35.0,1,5,6,4.72,225.31
INM-01437,69.9,3,3,2,0.4,242.41
INM-01438,137.3,4,3,24,0.9,391.37
INM-01439,95.2,4,5,32,2.91,524.36
INM-01440,65.8,3,2,16,4.77,122.12
INM-01441,92.5,3,2,13,0.71,188.18
INM-01442,105.3,4,3,22,0.92,323.29
INM-01443,65.8,2,6,23,1.03,605.95
INM-01444,122.1,4,4,28,1.23,479.79
INM-01445,99.9,4,4,26,1.16,391.72
INM-01446,52.0,1,4,22,2.26,205.21
INM-01447,110.7,3,3,30,4.77,289.11
INM-01448,72.7,3,4,16,2.59,333.78
INM-01449,79.6,3,3,2,6.73,241.94
INM-01450,54.5,2,5,4,5.72,373.66
INM-01451,103.9,3,3,14,0.61,336.09
INM-01452,80.5,2,3,5,0.23,289.82
INM-01453,105.2,5,3,9,9.46,275.44
INM-01454,68.5,2,3,31,0.37,177.49
INM-01455,65.0,2,4,22,0.72,263.33
INM-01456,62.6,3,3,16,0.1,205.71
INM-01457,96.9,4,3,19,4.45,287.26
INM-01458,64.6,2,3,14,3.93,194.21
INM-01459,78.9,1,4,21,19.51,231.06
INM-01460,69.4,2,2,5,9.81,132.11
INM-01461,98.2,4,4,3,2.38,466.47
INM-01462,35.0,2,3,22,2.09,101.36
INM-01463,92.4,4,3,18,1.58,265.27
INM-01464,136.9,5,3,30,0.74,348.75
INM-01465,122.1,5,6,2,0.67,1297.6
INM-01466,66.5,2,4,27,0.64,268.82
INM-01467,99.8,2,3,2,0.55,338.97
INM-01468,94.0,3,4,13,1.24,410.08
INM-01469,129.1,4,5,17,1.65,872.19
INM-01470,35.0,1,3,26,14.67,78.97
INM-01471,118.4,5,5,9,3.89,833.85
INM-01472,77.0,3,2,14,19.75,117.22
INM-01473,62.7,2,5,18,2.1,426.17
INM-01474,61.8,2,3,8,2.75,208.04
INM-01475,46.0,1,3,3,1.77,155.31
INM-01476,66.6,3,3,14,0.91,221.78
INM-01477,52.6,1,6,7,0.7,505.01
INM-01478,90.4,2,4,0,13.06,369.87
INM-01479,102.7,3,4,6,19.48,335.78
INM-01480,77.3,3,2,30,0.21,148.18
INM-01481,130.0,6,3,17,0.73,410.54
INM-01482,68.5,3,3,11,2.48,222.38
INM-01483,75.7,3,2,29,0.93,134.78
INM-01484,70.8,2,3,32,2.04,184.74
INM-01485,103.0,3,5,6,0.62,695.27
INM-01486,106.0,4,4,27,2.74,439.77
INM-01487,99.9,5,3,2,1.43,318.9
INM-01488,81.3,3,4,5,1.95,421.64
INM-01489,44.8,1,6,30,0.45,353.2
INM-01490,75.4,2,4,14,2.51,328.98
INM-01491,129.3,5,4,6,18.4,492.53
INM-01492,115.4,4,6,29,1.79,933.55
INM-01493,93.8,4,4,26,9.41,316.57
INM-01494,73.5,2,2,16,8.34,136.93
INM-01495,84.6,3,3,17,13.67,193.59
INM-01496,73.6,3,6,21,7.03,635.48
INM-01497,120.8,4,3,25,4.85,327.99
INM-01498,59.8,3,2,26,8.74,98.03
INM-01499,112.7,4,3,23,0.35,332.56
INM-01500,69.1,2,4,7,2.8,305.2
