id_cliente,edad,ingresos_mensuales,gastos_mensuales,score_digital,llamadas_soporte,antiguedad_meses,segmento
CLI-00001,56,8462841.15,6475912.06,44,2,90,2
CLI-00002,69,5778944.95,3008044.69,15,1,10,1
CLI-00003,46,3828793.36,2755619.34,21,5,17,1
CLI-00004,32,5492628.09,4134512.39,47,3,117,1
CLI-00005,60,5348242.55,4219164.81,86,1,78,1
CLI-00006,25,1400000.0,839269.44,28,3,2,2
CLI-00007,38,4264992.91,1759111.2,76,0,112,1
CLI-00008,56,6191248.21,2726749.49,17,3,77,1
CLI-00009,36,4566725.76,2112713.79,17,1,27,1
CLI-00010,40,4078339.4,2555452.25,93,1,73,2
CLI-00011,28,7505027.63,2386938.71,56,2,71,2
CLI-00012,28,3483599.19,2263724.12,13,1,48,2
CLI-00013,41,7065569.83,3535574.62,60,2,74,1
CLI-00014,53,2567962.16,1187382.03,94,1,118,2
CLI-00015,57,11573676.26,9070557.6,76,4,9,2
CLI-00016,41,5025491.84,2779103.61,54,0,86,1
CLI-00017,20,4788816.36,1687000.28,17,2,23,1
CLI-00018,39,8014744.99,6048813.98,96,5,71,2
CLI-00019,19,4578849.35,1493632.98,25,0,112,2
CLI-00020,41,8700841.18,6088083.62,86,1,73,2
CLI-00021,61,6317506.43,4584288.57,76,3,27,1
CLI-00022,47,5239524.62,2587965.91,18,2,88,1
CLI-00023,55,5004987.01,3771924.98,69,4,93,1
CLI-00024,19,8156702.77,4760355.11,87,3,81,2
CLI-00025,38,6007071.87,3332792.61,86,3,84,1
CLI-00026,50,6451079.21,2096418.85,80,4,71,2
CLI-00027,29,6690204.12,3074256.21,24,1,43,1
CLI-00028,39,5792459.61,4703798.59,80,2,104,1
CLI-00029,61,6643718.9,3424858.22,50,2,7,1
CLI-00030,42,5239688.47,3147403.77,31,2,92,2
CLI-00031,66,5390421.01,3194427.76,33,3,83,1
CLI-00032,44,3037947.16,1897918.3,53,3,63,1
CLI-00033,59,6155072.55,2054144.83,10,5,84,2
CLI-00034,45,1717009.79,857126.03,19,0,44,2
CLI-00035,33,6123827.76,4272720.48,89,1,39,1
CLI-00036,32,4882644.76,2003388.88,81,2,40,1
CLI-00037,64,6324087.24,2605322.25,65,2,7,1
CLI-00038,68,3192577.67,975491.58,98,1,70,2
CLI-00039,61,1400000.0,756861.08,59,2,25,0
CLI-00040,69,4728096.32,3713938.14,21,1,105,1
CLI-00041,20,3198992.13,1051014.53,98,4,59,2
CLI-00042,54,1582775.3,641206.48,90,1,13,2
CLI-00043,68,7189563.19,3383023.77,69,1,103,1
CLI-00044,24,9022724.1,6337999.96,35,3,104,2
CLI-00045,38,3746706.84,2444162.62,87,2,86,2
CLI-00046,26,5333304.18,2820086.7,50,3,113,1
CLI-00047,56,4822871.64,3460352.12,45,2,81,1
CLI-00048,35,4050423.47,2573222.11,32,1,112,2
CLI-00049,21,6960221.87,5518220.08,52,5,86,1
CLI-00050,42,7722311.21,5791074.79,15,3,98,2
CLI-00051,31,3589064.18,1575769.6,78,4,62,1
CLI-00052,67,5598487.11,2515351.09,52,4,8,1
CLI-00053,26,8325972.67,3071834.83,34,4,113,2
CLI-00054,43,7015879.65,3405021.07,27,1,45,1
CLI-00055,19,7342934.36,6239652.27,71,3,18,1
CLI-00056,37,8509567.68,4451892.17,22,4,88,2
CLI-00057,45,8480659.38,3572635.84,52,2,60,2
CLI-00058,64,7763013.79,5584444.97,87,5,118,2
CLI-00059,24,5818862.31,3481768.93,37,3,60,2
CLI-00060,61,4658537.36,1780869.38,27,4,106,2
CLI-00061,25,5727651.08,2917547.04,68,2,2,1
CLI-00062,64,4324305.29,2283053.06,69,1,66,1
CLI-00063,52,1400000.0,1000448.87,72,3,91,1
CLI-00064,31,4885102.06,1521070.58,66,1,14,1
CLI-00065,34,6286557.74,2816131.47,60,2,48,1
CLI-00066,53,4208007.28,2460329.14,65,1,103,1
CLI-00067,67,5075884.47,2273314.59,36,2,117,1
CLI-00068,57,5161119.22,3332218.44,41,0,117,1
CLI-00069,21,8485084.9,4794303.03,18,3,56,2
CLI-00070,19,4709238.0,2349630.22,93,2,12,2
CLI-00071,23,8484593.44,6974885.14,77,5,96,2
CLI-00072,59,1400000.0,906762.81,55,1,92,0
CLI-00073,21,8465282.72,3144579.57,76,2,55,2
CLI-00074,46,8354293.45,5079831.75,35,3,28,2
CLI-00075,35,7484960.28,5459548.88,17,6,110,1
CLI-00076,43,1400000.0,965537.07,15,4,89,0
CLI-00077,61,7741551.39,3055196.1,89,1,4,2
CLI-00078,51,5389737.81,4499520.2,33,2,90,1
CLI-00079,27,1400000.0,765586.51,57,1,36,1
CLI-00080,53,8355990.96,3237643.61,54,3,50,2
CLI-00081,31,8677180.77,3463129.35,22,3,3,2
CLI-00082,48,1400000.0,495640.94,78,2,1,1
CLI-00083,65,5885926.37,4366974.54,34,4,17,1
CLI-00084,32,8554900.47,3140647.44,29,3,71,2
CLI-00085,25,8206354.89,3026658.71,91,2,62,2
CLI-00086,31,7339334.31,5634842.82,91,3,48,1
CLI-00087,40,1400000.0,685345.15,75,4,62,2
CLI-00088,57,7104994.09,2252083.1,83,3,69,1
CLI-00089,38,5020171.42,1649339.24,54,1,19,1
CLI-00090,33,7690886.56,2908645.2,56,1,103,2
CLI-00091,62,6063555.21,2530723.85,72,2,110,1
CLI-00092,35,5456260.46,3632944.12,85,2,34,1
CLI-00093,64,6909988.47,2670914.07,86,1,99,2
CLI-00094,41,5121790.58,1871404.53,64,5,49,1
CLI-00095,43,5446589.98,3924788.38,84,3,80,2
CLI-00096,42,4278507.2,2862665.33,28,5,104,1
CLI-00097,62,1968100.22,1061649.0,44,5,114,0
CLI-00098,58,6749277.64,4063877.58,62,2,47,1
CLI-00099,46,3726733.3,1757494.67,35,4,103,1
CLI-00100,32,5058257.89,2859813.72,23,4,91,1
CLI-00101,62,6131342.71,3548023.82,54,3,105,1
CLI-00102,18,1400000.0,718172.7,53,4,102,1
CLI-00103,42,1405032.41,1122079.56,97,1,114,1
CLI-00104,24,4840575.13,1494934.3,74,2,50,1
CLI-00105,26,6500039.66,4746291.23,60,3,89,1
CLI-00106,41,7136884.2,2629303.48,52,1,26,1
CLI-00107,18,1999108.11,1476643.3,95,0,56,2
CLI-00108,61,6900589.27,4407762.12,32,4,78,1
CLI-00109,25,4960846.84,3789109.45,65,4,14,1
CLI-00110,41,3557054.06,1257891.27,28,4,78,2
CLI-00111,28,4073185.92,2474213.4,91,1,25,1
CLI-00112,68,7264086.13,4181195.88,85,3,100,1
CLI-00113,34,6102812.73,4201214.43,64,4,4,1
CLI-00114,25,5610674.35,3331953.97,69,3,111,1
CLI-00115,52,6035690.63,3605745.8,68,0,79,1
CLI-00116,52,7541815.11,4044507.78,42,1,32,2
CLI-00117,50,5286380.95,2483853.31,28,6,82,0
CLI-00118,22,5619501.55,3176397.39,37,2,78,2
CLI-00119,59,8003975.63,2922818.16,61,4,65,2
CLI-00120,56,4770509.43,3953952.48,58,4,106,1
CLI-00121,58,6859909.31,4753408.97,46,3,61,1
CLI-00122,45,4391850.14,3618256.1,35,1,20,1
CLI-00123,24,4585091.85,1947288.79,49,2,74,1
CLI-00124,26,5271090.54,4130624.54,89,3,10,1
CLI-00125,25,6633600.28,4940934.29,47,5,88,2
CLI-00126,29,8127200.32,5465004.41,86,0,34,2
CLI-00127,51,5712399.58,3677448.93,96,0,61,1
CLI-00128,50,2200358.8,1043195.2,63,3,92,1
CLI-00129,65,6889181.85,5160175.85,31,4,27,1
CLI-00130,40,10898452.78,6275694.25,25,3,40,2
CLI-00131,41,5739071.43,1945489.93,37,3,65,1
CLI-00132,54,1740711.19,821745.78,44,4,33,2
CLI-00133,52,5873236.36,4783242.42,69,4,68,1
CLI-00134,61,5493372.27,4218218.53,54,5,71,1
CLI-00135,57,5308360.54,4459278.37,55,2,9,1
CLI-00136,39,7579901.78,4892041.02,81,2,16,2
CLI-00137,44,8532204.53,3721154.97,64,4,5,1
CLI-00138,52,7003888.64,2728352.75,95,1,98,1
CLI-00139,18,5207272.21,2097504.57,94,3,23,1
CLI-00140,52,7976493.33,2479792.96,35,1,43,2
CLI-00141,54,2213574.79,1139714.68,94,4,114,2
CLI-00142,64,3924676.53,1590613.41,34,4,89,1
CLI-00143,31,4169818.89,2195036.46,74,3,57,1
CLI-00144,20,5431908.57,4422914.92,15,5,51,0
CLI-00145,18,6614816.26,3550814.29,32,2,13,1
CLI-00146,22,5058431.51,3960202.9,73,3,24,1
CLI-00147,43,3506721.25,2219851.41,96,1,11,1
CLI-00148,31,7644670.63,3332482.82,52,2,52,2
CLI-00149,56,4981995.21,2469675.25,32,4,115,1
CLI-00150,44,5724683.63,1981632.13,39,3,17,1
CLI-00151,26,6712349.04,3244779.24,86,2,37,2
CLI-00152,32,5585530.74,3757093.4,27,2,13,1
CLI-00153,32,5595197.73,1900471.02,96,5,62,2
CLI-00154,43,7767041.52,3207561.15,88,3,91,2
CLI-00155,59,5833012.84,2973626.62,30,6,84,1
CLI-00156,30,7398153.37,6215390.21,66,1,97,1
CLI-00157,68,6698268.38,4900948.84,32,1,106,2
CLI-00158,49,9937152.6,6989969.13,54,2,96,2
CLI-00159,56,6400709.52,2329250.36,53,1,8,1
CLI-00160,66,6903541.19,5036462.88,91,1,56,2
CLI-00161,69,7923644.77,5799298.54,97,4,93,2
CLI-00162,49,5639959.07,3556594.75,56,3,104,1
CLI-00163,21,4096723.19,3460497.9,49,4,83,1
CLI-00164,47,4456879.72,2134353.56,60,3,70,1
CLI-00165,54,4478084.76,3661729.22,51,2,44,1
CLI-00166,40,3409271.87,2737993.44,16,0,60,1
CLI-00167,56,6199171.37,1898895.23,59,5,103,1
CLI-00168,62,4115063.59,2253261.05,57,2,112,1
CLI-00169,32,5928676.21,4964716.9,93,2,41,1
CLI-00170,60,5150916.22,1837418.09,15,3,21,1
CLI-00171,46,5408432.71,3251990.98,18,1,86,1
CLI-00172,53,6723324.63,5637014.4,66,2,42,1
CLI-00173,30,4307821.93,2608483.03,40,1,74,1
CLI-00174,49,6905560.3,2792597.65,30,2,74,1
CLI-00175,24,8948077.31,5549604.5,99,4,116,2
CLI-00176,68,6254839.98,2579760.69,49,2,29,1
CLI-00177,39,3779389.49,2214107.5,54,1,80,1
CLI-00178,45,4146960.38,1412965.69,86,2,65,2
CLI-00179,19,4953821.62,3135845.71,58,6,17,1
CLI-00180,59,4191241.35,2448667.65,96,4,30,1
CLI-00181,62,3319403.32,2347112.75,29,3,26,0
CLI-00182,23,5839696.01,3777613.27,26,3,53,2
CLI-00183,45,5013365.87,3019467.28,37,1,110,1
CLI-00184,45,5917385.94,4020144.0,50,2,19,1
CLI-00185,61,8110052.31,3075072.74,75,1,53,2
CLI-00186,61,4980023.77,3124705.03,34,1,85,1
CLI-00187,37,2892075.99,1141389.12,67,3,17,1
CLI-00188,47,4622436.52,3739723.17,50,3,46,1
CLI-00189,28,7194935.48,2428893.36,15,3,104,1
CLI-00190,45,6988894.6,3750982.45,84,1,85,1
CLI-00191,42,6641007.22,4533740.01,47,3,53,1
CLI-00192,56,4125645.21,2276993.99,15,2,105,1
CLI-00193,50,7154185.76,2508632.33,54,3,104,1
CLI-00194,18,7649177.97,4622845.41,84,3,64,2
CLI-00195,44,3970072.41,2592050.55,23,2,45,1
CLI-00196,69,5408545.79,3716134.85,75,3,49,1
CLI-00197,30,9944884.32,5025079.42,49,4,19,2
CLI-00198,58,3872276.59,2362139.0,12,3,71,1
CLI-00199,20,1748809.33,958133.39,33,1,81,0
CLI-00200,56,8542389.76,5720247.47,28,5,65,2
CLI-00201,23,8000530.5,4967980.07,27,2,37,2
CLI-00202,25,4494671.89,2648107.5,73,1,70,1
CLI-00203,44,5251418.08,2296121.65,97,0,26,1
CLI-00204,26,2805142.89,844657.09,44,1,2,2
CLI-00205,54,5695695.0,2254042.37,71,4,59,1
CLI-00206,50,8065010.17,2938779.4,10,2,96,2
CLI-00207,68,4306269.35,2355514.74,34,2,112,1
CLI-00208,59,7429624.35,4730753.74,54,4,118,1
CLI-00209,61,6520192.49,2720203.15,58,0,5,1
CLI-00210,41,6771197.16,5528556.56,98,1,37,1
CLI-00211,32,4434519.8,1346653.56,25,2,31,1
CLI-00212,49,4719826.8,3420767.91,28,2,76,2
CLI-00213,49,1437100.64,925295.39,32,2,99,2
CLI-00214,41,4253327.29,2149866.14,92,3,94,2
CLI-00215,58,8059668.01,2641708.67,34,1,48,2
CLI-00216,69,3455469.17,2229184.03,25,1,6,0
CLI-00217,66,3783336.36,1937399.0,63,4,15,1
CLI-00218,66,6908417.61,5629993.7,82,1,15,1
CLI-00219,69,6386090.24,3819485.71,10,2,61,1
CLI-00220,29,7017699.15,5732115.13,51,1,16,1
CLI-00221,56,2940914.81,1238907.51,28,3,20,0
CLI-00222,19,11140927.49,7789171.11,43,2,77,2
CLI-00223,20,2825342.58,1806769.74,89,3,44,2
CLI-00224,66,5839344.09,4126515.72,64,2,42,1
CLI-00225,54,5150957.91,2153447.2,27,0,46,1
CLI-00226,66,2889388.66,1923601.79,43,4,95,2
CLI-00227,34,4685539.27,2689135.08,98,3,34,1
CLI-00228,66,5551276.72,3933377.86,54,0,64,1
CLI-00229,19,4070058.93,1953117.71,15,1,29,1
CLI-00230,19,7561891.97,5970350.88,30,4,3,2
CLI-00231,45,5144423.36,1781851.92,79,2,9,1
CLI-00232,40,2549195.72,1896484.67,57,3,75,1
CLI-00233,54,2362523.83,1827945.63,48,1,75,0
CLI-00234,49,6833563.2,5121678.89,40,3,25,1
CLI-00235,50,2229104.28,1297337.61,19,3,86,2
CLI-00236,18,6196137.36,3352802.66,39,7,42,0
CLI-00237,36,6478241.41,5493187.6,27,4,46,1
CLI-00238,19,3310218.2,1410300.5,69,2,73,0
CLI-00239,61,7459623.78,4481606.06,97,1,84,1
CLI-00240,43,1720854.03,1151030.28,82,1,59,2
CLI-00241,49,6152209.65,4217199.44,24,4,21,1
CLI-00242,23,5410112.55,2230121.79,13,1,74,1
CLI-00243,49,5238204.45,3455626.46,72,4,22,1
CLI-00244,21,2908627.39,2181770.89,49,2,29,0
CLI-00245,28,3438551.59,1126160.78,18,3,63,1
CLI-00246,34,9061364.46,7261204.0,18,3,73,2
CLI-00247,55,8173341.02,2584632.99,35,2,61,2
CLI-00248,41,7132586.09,3536222.55,13,4,64,1
CLI-00249,22,7567665.83,2336117.69,90,5,69,2
CLI-00250,69,7361229.8,2520704.76,25,5,40,1
CLI-00251,51,4788616.33,3836364.33,24,1,75,1
CLI-00252,23,5604727.81,2775312.44,61,3,1,1
CLI-00253,39,2260481.57,1206247.99,78,3,117,2
CLI-00254,28,5302669.62,2218845.95,14,3,106,1
CLI-00255,65,8103511.35,5092268.2,29,3,65,2
CLI-00256,33,4046444.05,2537694.08,88,4,62,1
CLI-00257,50,7750910.65,3911963.78,27,3,54,2
CLI-00258,26,5701488.63,2754783.58,11,0,103,1
CLI-00259,23,2452181.9,1929205.97,22,2,60,0
CLI-00260,33,3063897.07,1565058.02,13,1,46,2
CLI-00261,46,7522466.31,4298529.42,51,0,5,1
CLI-00262,20,6715552.99,3061067.38,83,3,113,2
CLI-00263,37,5723880.96,4194020.53,70,2,22,1
CLI-00264,53,4897130.01,2539634.42,17,2,90,1
CLI-00265,36,5963249.55,3473509.83,76,4,53,1
CLI-00266,43,7436651.75,3267266.5,72,4,70,2
CLI-00267,20,8746877.22,7375478.62,18,1,32,2
CLI-00268,36,8852105.24,4074824.61,20,6,112,2
CLI-00269,37,6318311.78,4573878.92,51,0,11,1
CLI-00270,49,5121750.28,2740764.37,22,2,10,1
CLI-00271,24,5821745.62,2406823.59,45,3,111,1
CLI-00272,69,6648664.79,4918983.53,22,5,39,1
CLI-00273,58,6639747.28,3210209.81,21,1,119,1
CLI-00274,50,8377570.6,6499791.27,46,6,98,2
CLI-00275,57,10154662.59,8158169.12,83,2,31,2
CLI-00276,56,5048439.81,3901954.83,82,3,12,1
CLI-00277,35,10242946.8,3270105.35,61,1,115,2
CLI-00278,57,8078926.34,5922300.09,80,4,108,2
CLI-00279,18,5278189.42,2777577.02,11,4,80,2
CLI-00280,28,8796842.65,6866354.47,65,2,38,2
CLI-00281,45,9208426.26,5993533.01,69,3,67,2
CLI-00282,42,4487350.02,3403671.7,32,1,66,1
CLI-00283,67,9310873.56,5350842.4,49,3,52,2
CLI-00284,40,7865182.21,4673994.86,73,4,5,2
CLI-00285,48,10710830.08,4063830.29,94,2,11,2
CLI-00286,47,4567115.12,3339442.82,32,2,25,1
CLI-00287,59,4722461.16,2506041.48,38,5,35,1
CLI-00288,52,1400000.0,805061.69,87,5,35,2
CLI-00289,24,6756626.63,4944524.66,99,1,22,1
CLI-00290,33,6325552.76,3981081.32,60,1,37,1
CLI-00291,43,4261413.92,1749754.88,78,1,86,2
CLI-00292,65,5319928.39,3322976.03,98,4,55,1
CLI-00293,69,2615313.78,1370942.44,40,4,75,1
CLI-00294,66,8136578.9,4542156.06,59,3,96,2
CLI-00295,19,4422661.16,1395664.49,29,0,99,1
CLI-00296,18,12306907.83,5113718.86,64,2,95,2
CLI-00297,65,5113677.14,2324529.05,90,3,109,2
CLI-00298,29,3828838.55,2650046.38,11,1,117,1
CLI-00299,22,4592911.14,1406904.49,34,9,72,0
CLI-00300,54,2393685.85,1256272.15,22,1,64,2
CLI-00301,49,6560998.16,5302695.68,79,3,20,1
CLI-00302,26,4576220.66,1654460.91,76,3,106,1
CLI-00303,58,7988756.14,4665700.52,67,3,98,2
CLI-00304,52,4895555.51,3586421.84,91,3,4,1
CLI-00305,36,8545772.65,6993793.84,84,1,18,2
CLI-00306,65,7166402.65,5093356.94,93,2,51,1
CLI-00307,33,5562912.91,3873517.74,73,0,68,1
CLI-00308,20,8976511.69,6773392.51,78,1,20,2
CLI-00309,37,7595045.61,4142418.93,92,1,9,2
CLI-00310,41,11981668.22,8904949.47,95,4,80,2
CLI-00311,50,4599198.46,1399905.97,68,4,26,1
CLI-00312,41,5668555.43,4583075.7,69,4,102,1
CLI-00313,69,8951159.82,4867807.02,92,2,25,2
CLI-00314,28,2104216.81,1271702.58,71,0,68,0
CLI-00315,66,8397275.84,3696356.85,25,1,41,2
CLI-00316,25,6466466.07,4580792.56,97,6,59,2
CLI-00317,53,3545936.34,1213241.03,77,0,45,1
CLI-00318,55,2501312.75,1950898.11,24,3,41,0
CLI-00319,57,4020523.16,3037361.54,98,4,38,1
CLI-00320,37,1400000.0,586366.29,64,1,117,1
CLI-00321,52,4423013.22,3295712.85,44,2,19,1
CLI-00322,65,6869623.93,5031977.22,64,2,14,1
CLI-00323,42,4452138.59,2883735.33,23,1,21,2
CLI-00324,52,8554287.94,4323645.91,58,3,15,2
CLI-00325,42,9151884.73,4112164.34,92,3,3,2
CLI-00326,46,8306417.86,3550835.6,16,2,37,2
CLI-00327,35,6007410.0,2854931.07,39,3,117,1
CLI-00328,63,1400000.0,1115740.0,92,2,114,2
CLI-00329,35,3951865.52,1354313.9,58,0,46,1
CLI-00330,19,5187515.24,3921134.88,98,1,16,1
CLI-00331,52,3533491.17,1738087.35,25,3,14,1
CLI-00332,33,5193087.95,3047717.73,60,4,9,1
CLI-00333,58,9042148.43,6663765.89,81,3,111,2
CLI-00334,53,1879291.64,1477888.29,91,2,7,2
CLI-00335,50,9485722.52,4644492.24,89,3,14,2
CLI-00336,21,7446398.13,4125408.18,92,1,6,1
CLI-00337,50,6090076.98,3215462.2,51,3,85,1
CLI-00338,31,3930043.58,1207655.5,26,4,15,1
CLI-00339,38,3577309.24,1655466.35,72,1,52,1
CLI-00340,65,1922321.03,1062186.33,54,4,72,2
CLI-00341,37,9276884.06,4880582.48,86,0,34,2
CLI-00342,25,8882745.43,6191816.08,16,1,104,2
CLI-00343,24,2406173.82,1231099.56,36,1,1,0
CLI-00344,20,4284218.41,2438393.1,19,2,96,1
CLI-00345,34,6452918.49,3460601.62,43,4,113,2
CLI-00346,50,4841079.9,3424310.67,45,5,115,1
CLI-00347,65,1400000.0,1084488.75,34,3,69,1
CLI-00348,29,4052899.93,2401501.25,15,2,94,1
CLI-00349,68,9792275.46,7189368.26,33,5,86,2
CLI-00350,39,4202047.1,1946525.52,27,5,20,1
CLI-00351,39,5140371.86,3072674.17,96,2,80,2
CLI-00352,63,2980609.67,1460130.56,15,2,7,0
CLI-00353,47,6793078.57,3585458.26,38,1,7,1
CLI-00354,55,5753333.96,4043602.05,34,2,50,1
CLI-00355,55,3867556.57,3035700.71,64,4,114,1
CLI-00356,62,2629758.13,964654.36,90,2,2,2
CLI-00357,68,8589995.42,5575350.19,55,2,47,2
CLI-00358,25,1967804.51,1220391.22,33,0,14,0
CLI-00359,44,6608394.53,2412911.67,84,2,31,1
CLI-00360,44,1400000.0,583158.63,35,2,50,1
CLI-00361,51,7055865.7,3323675.22,37,3,61,1
CLI-00362,38,7634657.55,2991351.12,12,1,41,2
CLI-00363,47,7908524.17,3432704.53,84,2,14,2
CLI-00364,50,5145341.37,2300896.01,47,0,5,1
CLI-00365,45,8984807.93,4354223.08,70,4,75,2
CLI-00366,64,10577141.73,7532667.49,87,4,104,2
CLI-00367,50,4792429.1,2945195.51,60,3,5,1
CLI-00368,22,4507788.93,3797522.19,99,6,64,1
CLI-00369,65,5828189.97,3077894.54,57,4,29,1
CLI-00370,36,4449103.68,3179444.23,30,1,75,2
CLI-00371,21,4127485.57,3216581.0,63,1,5,1
CLI-00372,52,4319175.21,2908697.45,65,1,113,1
CLI-00373,66,9274663.22,4883347.68,68,3,118,2
CLI-00374,34,7198140.39,5142906.09,81,1,96,2
CLI-00375,61,4441918.52,1830145.61,60,3,36,1
CLI-00376,45,1400000.0,672215.17,29,2,79,2
CLI-00377,47,2102178.11,1262729.81,95,2,19,2
CLI-00378,46,6607543.98,4073386.75,68,2,64,1
CLI-00379,63,1400000.0,437048.94,80,1,22,2
CLI-00380,23,6144585.76,5037410.08,18,4,34,1
CLI-00381,52,3155759.81,2155841.53,10,3,56,0
CLI-00382,58,5701972.7,3265160.9,38,1,17,1
CLI-00383,54,5640483.86,4586954.17,72,0,76,1
CLI-00384,41,5765297.85,3121923.55,81,4,89,1
CLI-00385,46,4632271.94,3887585.88,65,1,56,1
CLI-00386,66,4559971.62,2652793.66,77,1,17,1
CLI-00387,63,3914261.08,1420317.71,44,5,74,1
CLI-00388,48,6564563.1,4730690.26,12,2,92,1
CLI-00389,52,7271423.88,4896531.39,16,1,82,2
CLI-00390,50,2818260.45,2043640.98,36,4,115,2
CLI-00391,69,5386417.36,4434600.33,10,3,18,1
CLI-00392,38,5932480.56,4313323.4,89,7,45,1
CLI-00393,49,5904296.5,3756520.86,80,2,96,1
CLI-00394,40,5866893.16,4526424.8,53,3,78,1
CLI-00395,50,4615523.42,3093718.62,96,1,56,2
CLI-00396,20,6113866.94,3206512.17,50,1,80,1
CLI-00397,35,6859663.16,5399178.25,84,4,50,1
CLI-00398,42,5810280.64,2452201.37,51,2,58,1
CLI-00399,59,6613067.64,4583204.39,42,0,18,1
CLI-00400,48,7678777.5,6026764.54,59,0,80,2
CLI-00401,20,1427931.21,1002727.69,72,2,81,1
CLI-00402,57,7575620.45,5177947.79,46,4,7,2
CLI-00403,63,6253341.08,4464579.5,68,5,76,1
CLI-00404,41,3054424.28,1697589.11,90,2,98,2
CLI-00405,67,7265435.94,5672807.88,57,2,10,1
CLI-00406,49,4623694.01,1904453.61,14,3,69,2
CLI-00407,64,4923673.84,1822067.19,57,4,85,1
CLI-00408,39,4383104.48,2003209.49,12,1,3,1
CLI-00409,40,6165277.46,3652110.42,56,2,83,1
CLI-00410,19,3772223.09,2190941.07,71,2,109,1
CLI-00411,44,7483244.19,5622380.74,23,4,44,1
CLI-00412,59,5194502.31,2714193.74,72,2,99,1
CLI-00413,19,4698754.54,2661324.93,70,2,70,1
CLI-00414,43,7156326.49,2199512.88,40,2,14,1
CLI-00415,34,4796975.12,2520122.44,26,2,4,1
CLI-00416,57,7585989.02,4978501.23,33,3,109,2
CLI-00417,50,7655104.49,2361826.19,32,1,115,2
CLI-00418,26,2563431.56,1165041.4,91,3,18,2
CLI-00419,60,7940372.44,3290299.75,59,2,93,2
CLI-00420,65,2283520.86,737787.29,87,2,99,1
CLI-00421,56,8077477.16,4552409.98,88,4,52,2
CLI-00422,46,9962385.82,3984434.4,88,1,38,2
CLI-00423,59,7424635.76,5261801.1,79,4,80,1
CLI-00424,43,1400000.0,1072904.47,36,2,20,0
CLI-00425,52,7839844.58,4704470.04,24,2,88,2
CLI-00426,67,10441483.73,8770209.8,59,1,99,2
CLI-00427,42,4833330.39,2647520.59,45,2,44,2
CLI-00428,41,5423652.7,3158477.79,17,3,51,2
CLI-00429,30,2885329.21,2435419.15,88,2,19,2
CLI-00430,24,6186574.72,2643842.85,12,1,68,1
CLI-00431,53,8292189.8,6786330.34,71,1,97,2
CLI-00432,62,7035021.68,2276256.22,56,4,66,1
CLI-00433,37,12412327.35,6771083.32,86,2,13,2
CLI-00434,18,5572659.49,1886356.0,97,0,62,1
CLI-00435,25,1912518.59,1340826.83,70,4,61,2
CLI-00436,63,5876136.14,3729142.4,41,1,109,1
CLI-00437,33,1400000.0,964108.38,22,2,30,0
CLI-00438,31,4327171.37,2189393.89,10,3,98,1
CLI-00439,29,9073640.53,4565992.6,43,3,30,2
CLI-00440,68,6215294.03,2019508.16,71,2,51,1
CLI-00441,40,5894716.99,2902969.61,88,2,118,2
CLI-00442,32,9505716.83,7710168.87,87,3,88,2
CLI-00443,45,4904680.24,2494395.77,91,4,48,1
CLI-00444,51,8276004.91,6267023.24,80,5,108,2
CLI-00445,19,5784475.35,4415168.72,40,2,33,1
CLI-00446,49,6336104.42,3201523.54,73,2,105,1
CLI-00447,40,2821929.32,1827463.86,34,1,113,2
CLI-00448,39,4439497.05,1564720.19,47,3,74,1
CLI-00449,68,2425459.89,865945.5,23,2,82,0
CLI-00450,42,5290460.83,1728720.05,17,3,19,1
CLI-00451,39,6358885.16,3939700.09,63,3,71,1
CLI-00452,39,3057916.17,1633963.98,11,1,57,2
CLI-00453,66,10008193.63,6019105.76,90,2,19,2
CLI-00454,69,6111833.24,3585141.82,87,1,88,2
CLI-00455,59,5627150.29,2771999.76,98,4,79,1
CLI-00456,23,7193247.05,4838252.62,65,0,41,1
CLI-00457,32,3676358.22,2636596.01,93,3,42,1
CLI-00458,60,5859650.45,1805039.2,94,2,87,1
CLI-00459,54,3922894.32,1624012.6,70,1,52,1
CLI-00460,50,8929095.8,6181432.01,31,2,116,2
CLI-00461,25,3170993.43,1625581.54,44,3,4,1
CLI-00462,61,5638964.01,3746336.93,25,0,102,1
CLI-00463,61,6224494.73,3055165.4,59,6,4,1
CLI-00464,22,6368616.64,3279298.36,52,1,5,1
CLI-00465,56,4221282.62,1634790.39,26,2,41,1
CLI-00466,21,3529879.32,1560302.18,89,3,108,2
CLI-00467,23,4253050.62,2692080.95,67,3,87,1
CLI-00468,62,6662315.96,3585923.02,11,4,104,1
CLI-00469,49,5183539.3,3762557.4,13,2,117,2
CLI-00470,69,7251659.38,5575958.44,94,1,101,1
CLI-00471,47,6549408.18,3915927.37,48,3,61,1
CLI-00472,64,1400000.0,1003865.81,15,3,75,2
CLI-00473,52,6044495.15,2833644.11,90,5,55,2
CLI-00474,57,10451000.49,5520575.55,98,2,75,2
CLI-00475,69,8415591.91,5823822.9,78,1,13,2
CLI-00476,33,6428428.95,3294033.68,78,1,14,1
CLI-00477,30,3169337.31,1976645.05,29,1,60,2
CLI-00478,67,6550618.18,2633053.92,73,2,72,1
CLI-00479,59,7127449.87,4489396.95,25,2,25,1
CLI-00480,47,4941757.3,3824092.6,60,4,82,1
CLI-00481,36,6196832.53,4819597.67,46,3,115,2
CLI-00482,34,8821257.41,6160672.88,82,3,44,2
CLI-00483,36,3613996.28,2566531.35,78,2,108,1
CLI-00484,45,3171740.87,1924802.97,51,1,82,1
CLI-00485,43,7023938.52,4365851.55,66,2,10,1
CLI-00486,54,6506593.8,2430263.66,75,2,71,1
CLI-00487,43,7763444.25,4224265.11,18,3,50,2
CLI-00488,40,6753546.39,3700450.12,95,0,44,1
CLI-00489,26,4250938.86,3516265.29,73,0,14,1
CLI-00490,29,6450823.83,3464723.12,95,3,15,1
CLI-00491,18,2987321.6,1798781.21,31,2,16,0
CLI-00492,18,4949298.83,2936360.94,43,3,2,1
CLI-00493,64,6606158.31,4295449.28,64,3,30,1
CLI-00494,51,4706868.72,3349069.16,38,4,30,1
CLI-00495,49,10929714.8,4631718.38,47,3,82,2
CLI-00496,65,1400000.0,827117.8,27,2,31,1
CLI-00497,42,4295521.21,3239917.23,80,5,108,1
CLI-00498,57,3436884.37,1906484.76,74,3,112,0
CLI-00499,62,3959232.62,1794132.8,10,4,77,1
CLI-00500,18,4085403.91,2696734.23,97,2,20,1
CLI-00501,33,2581874.49,1944337.56,13,5,49,0
CLI-00502,56,7155944.73,2395289.06,13,3,114,1
CLI-00503,22,4296390.35,3124484.43,91,3,35,1
CLI-00504,39,5859861.34,4406067.03,36,3,23,1
CLI-00505,46,4543383.32,2516296.56,52,4,106,1
CLI-00506,20,3980063.09,3346509.13,68,3,97,1
CLI-00507,29,9179014.32,6725368.21,41,2,102,2
CLI-00508,43,7530450.8,5463450.57,42,4,99,2
CLI-00509,33,1400000.0,995835.7,37,3,115,2
CLI-00510,68,1400000.0,535968.24,64,2,100,1
CLI-00511,54,7793739.44,3269294.34,69,2,61,2
CLI-00512,39,4356322.54,2418606.63,79,4,84,1
CLI-00513,46,1872018.87,833427.28,71,1,55,2
CLI-00514,31,7800617.29,4121709.94,89,2,67,2
CLI-00515,45,5872072.91,4631041.19,43,3,8,1
CLI-00516,22,6053456.39,4560551.71,96,1,40,1
CLI-00517,64,7280986.4,4707317.4,97,1,59,1
CLI-00518,66,2618050.25,2021046.35,65,6,32,0
CLI-00519,47,1910698.19,1396863.32,22,1,93,2
CLI-00520,63,8978099.45,4811737.99,65,4,7,2
CLI-00521,69,2338233.13,960045.4,27,1,2,1
CLI-00522,22,2811076.85,1638325.31,63,1,85,0
CLI-00523,29,3250642.16,2291461.8,86,3,6,1
CLI-00524,33,10075881.03,5441285.88,52,5,92,2
CLI-00525,43,6585443.26,4390676.7,48,2,112,1
CLI-00526,43,7623897.54,2682697.71,70,3,106,2
CLI-00527,65,5931568.6,4219733.35,51,4,36,1
CLI-00528,38,4175848.14,3119327.2,90,1,32,1
CLI-00529,56,6888840.82,4744763.66,88,0,45,1
CLI-00530,53,2075444.86,1726759.69,27,2,42,0
CLI-00531,50,3090376.41,2332179.23,32,2,53,0
CLI-00532,47,7112545.39,5666575.94,63,1,110,1
CLI-00533,54,2514038.49,2045080.05,39,1,9,1
CLI-00534,40,5084020.77,3765944.64,67,2,75,1
CLI-00535,27,5184272.84,3477829.84,77,2,87,1
CLI-00536,22,4336943.59,1314723.72,76,3,114,1
CLI-00537,53,1400000.0,778685.83,80,3,75,2
CLI-00538,51,4116356.44,2528016.12,27,2,49,2
CLI-00539,69,3685069.57,1721725.86,16,2,2,1
CLI-00540,48,5855167.7,2780955.5,49,3,67,1
CLI-00541,27,5743079.19,4758931.81,79,1,11,1
CLI-00542,36,6331515.21,5004689.06,95,2,50,2
CLI-00543,49,4012830.2,3078035.2,74,3,35,1
CLI-00544,18,6650111.49,3480046.51,77,3,15,1
CLI-00545,22,2076785.19,638682.48,58,4,107,0
CLI-00546,62,1491809.59,513364.85,61,3,75,0
CLI-00547,21,1400000.0,660391.2,38,0,31,0
CLI-00548,33,4401546.07,1358575.06,30,1,92,2
CLI-00549,41,3842743.91,1189069.39,99,3,62,1
CLI-00550,33,7236494.35,5819095.34,87,3,28,1
CLI-00551,19,4072942.31,2803761.26,18,1,96,1
CLI-00552,66,6101427.97,2867218.39,56,2,25,1
CLI-00553,45,7289252.47,2718559.64,85,4,84,2
CLI-00554,49,3990098.03,2319841.58,51,1,92,1
CLI-00555,44,6155714.86,1864814.65,60,4,25,1
CLI-00556,37,7704240.61,6287643.08,65,3,75,2
CLI-00557,41,2776041.9,1466161.85,60,4,83,1
CLI-00558,29,5554675.14,2895564.53,79,0,92,1
CLI-00559,67,3999524.36,2059061.06,29,2,1,1
CLI-00560,52,2916122.26,986030.12,97,6,59,2
CLI-00561,50,2119806.17,1380157.53,36,4,69,0
CLI-00562,50,2880573.14,2025480.74,47,3,74,2
CLI-00563,68,5632063.81,3784008.9,81,1,42,1
CLI-00564,60,1956142.2,735782.39,74,1,110,2
CLI-00565,54,4288400.55,2651784.34,63,0,34,1
CLI-00566,29,7289027.7,4469751.81,33,3,100,1
CLI-00567,20,6487824.12,5045100.29,56,1,66,1
CLI-00568,18,4332883.23,2203358.7,80,4,18,1
CLI-00569,50,9217318.91,4648453.1,92,3,77,2
CLI-00570,57,9664680.11,6187230.42,95,0,115,2
CLI-00571,27,5557469.35,3602295.83,72,3,5,1
CLI-00572,60,1400000.0,781349.63,66,3,20,2
CLI-00573,61,7450186.03,4050536.88,64,0,66,1
CLI-00574,46,1400000.0,800493.71,69,3,75,2
CLI-00575,30,8747521.44,6766863.15,71,3,62,2
CLI-00576,29,7883886.78,4364849.23,39,3,94,2
CLI-00577,48,9403267.51,7682116.8,31,3,96,2
CLI-00578,63,6072584.23,3505108.19,84,1,32,1
CLI-00579,19,4704951.31,3867754.07,93,3,58,2
CLI-00580,68,4509777.51,3418670.87,38,2,50,1
CLI-00581,67,4298227.62,2146265.06,50,1,38,1
CLI-00582,52,7658351.04,5935243.36,51,3,55,2
CLI-00583,40,7066997.28,2547898.5,74,1,28,1
CLI-00584,34,5764496.39,4662186.02,40,0,74,1
CLI-00585,43,3911201.12,2532126.99,39,2,86,1
CLI-00586,25,11284267.79,3722848.21,27,1,119,2
CLI-00587,46,7507224.15,4912286.04,26,1,81,2
CLI-00588,43,1985033.78,1659163.11,47,2,22,2
CLI-00589,27,4364236.76,1476815.65,23,3,43,1
CLI-00590,43,7549907.41,4568284.69,96,1,83,2
CLI-00591,51,3741014.37,2660934.49,98,2,81,1
CLI-00592,68,6273405.51,4677716.03,88,4,88,1
CLI-00593,58,7591751.86,4005447.04,65,2,36,2
CLI-00594,24,1400000.0,577208.25,31,3,96,2
CLI-00595,21,5262317.06,1701245.29,76,5,110,2
CLI-00596,67,5348660.14,3310015.05,65,4,52,1
CLI-00597,62,4593440.6,2522263.23,28,0,36,1
CLI-00598,28,6163729.3,5065410.78,66,3,28,1
CLI-00599,46,6946543.14,2315509.98,53,3,78,1
CLI-00600,53,5812512.08,3934881.42,44,4,58,1
CLI-00601,42,4677579.73,1467503.74,10,2,36,1
CLI-00602,38,6891766.86,2717346.47,61,1,70,1
CLI-00603,53,5607917.5,3081373.74,94,0,9,1
CLI-00604,27,4992459.09,2746750.36,79,3,21,1
CLI-00605,54,2612985.35,1769344.62,46,2,64,0
CLI-00606,26,2062159.47,1651000.28,74,3,76,0
CLI-00607,41,2571294.46,1675115.26,60,4,61,1
CLI-00608,52,6112323.93,5039270.65,10,1,94,1
CLI-00609,66,5326026.76,4180337.7,30,2,95,1
CLI-00610,52,2243374.98,1394201.21,62,1,40,1
CLI-00611,65,6921019.22,5250185.33,25,3,56,2
CLI-00612,53,8523480.93,5569393.18,70,3,4,1
CLI-00613,35,4183314.04,1435741.85,63,2,31,1
CLI-00614,66,1669839.91,1181095.46,49,1,27,0
CLI-00615,56,3939921.95,1387639.1,35,4,58,1
CLI-00616,49,7379813.38,4625265.04,89,2,25,2
CLI-00617,41,6706765.69,4603873.48,74,0,69,1
CLI-00618,40,3470648.09,1168186.08,83,3,70,2
CLI-00619,49,8846578.7,3776932.3,73,5,5,2
CLI-00620,54,8466216.15,6803618.32,52,4,115,2
CLI-00621,29,3887386.66,2483935.0,26,5,91,0
CLI-00622,66,3864761.99,1682938.86,68,4,8,1
CLI-00623,30,4195778.54,2852600.21,32,1,9,1
CLI-00624,40,4383867.89,2754064.31,16,2,15,1
CLI-00625,42,7591183.62,4371509.37,53,1,100,2
CLI-00626,52,6435723.93,5386075.61,62,2,105,1
CLI-00627,58,7429573.29,5021645.45,80,4,7,1
CLI-00628,47,6981843.32,3536252.05,88,1,96,1
CLI-00629,34,9271959.55,6861624.54,43,4,72,2
CLI-00630,66,3169351.8,2492761.15,55,4,111,1
CLI-00631,37,6336788.77,2337459.56,77,2,115,2
CLI-00632,65,1400000.0,574425.79,87,3,15,2
CLI-00633,42,2602697.74,1090334.77,87,4,37,2
CLI-00634,39,5335322.55,3628907.64,25,2,83,1
CLI-00635,30,6420054.55,4055367.13,80,1,39,2
CLI-00636,36,5276005.37,3378993.16,28,3,6,1
CLI-00637,66,4252176.68,3475836.86,11,5,83,1
CLI-00638,53,4643280.67,3374510.46,19,2,57,1
CLI-00639,29,8512770.15,3152834.74,59,6,92,2
CLI-00640,58,4655129.21,2286268.47,90,3,81,1
CLI-00641,36,9348331.57,5043111.76,21,2,106,2
CLI-00642,29,7246837.56,3752259.39,79,0,19,1
CLI-00643,26,6506582.16,4347175.95,31,2,63,0
CLI-00644,24,2874086.8,2272084.05,41,1,31,0
CLI-00645,45,7557523.96,3539402.39,93,2,75,2
CLI-00646,31,4413704.73,2663813.92,10,2,79,1
CLI-00647,48,2872232.53,2108721.84,63,1,10,1
CLI-00648,69,6628255.95,3505816.69,67,6,107,1
CLI-00649,36,2446518.67,960172.88,79,0,87,2
CLI-00650,64,3823068.78,2145594.25,92,4,67,2
CLI-00651,33,5477744.99,1809695.68,27,5,62,2
CLI-00652,22,10380527.13,8494498.5,15,6,3,2
CLI-00653,52,3988785.34,1360780.75,54,0,18,1
CLI-00654,29,4491923.66,2430809.85,32,4,25,1
CLI-00655,42,7111159.12,4205786.22,32,3,107,2
CLI-00656,69,2775749.49,2336950.98,35,1,20,0
CLI-00657,38,6474174.04,2533422.01,86,5,58,1
CLI-00658,53,8153038.98,2959042.24,16,2,93,2
CLI-00659,40,4824391.25,1470418.4,88,4,86,1
CLI-00660,33,7757539.42,2991030.18,53,0,50,2
CLI-00661,56,6141189.83,2542453.44,36,4,79,2
CLI-00662,62,3892499.68,2517744.77,35,2,103,1
CLI-00663,59,5064829.69,2131476.52,88,0,10,1
CLI-00664,56,4664533.85,1452006.17,45,5,21,1
CLI-00665,31,5307195.83,4005022.74,64,1,119,1
CLI-00666,48,5835979.38,2924278.75,73,3,116,1
CLI-00667,22,6794039.86,3359878.12,66,4,29,1
CLI-00668,52,6619070.15,3086892.5,78,0,96,1
CLI-00669,40,1400000.0,1171037.42,70,1,10,1
CLI-00670,46,5285921.98,2080345.85,11,3,13,1
CLI-00671,60,2179271.79,1730409.22,64,0,47,2
CLI-00672,28,4893400.04,3558685.21,89,2,23,1
CLI-00673,35,5227662.91,1788195.16,96,3,50,1
CLI-00674,64,7647526.39,6444578.18,47,3,87,2
CLI-00675,29,5433745.97,2441117.33,89,2,95,2
CLI-00676,26,6070279.64,2150218.16,87,2,4,2
CLI-00677,27,7244724.04,5477901.23,38,4,116,1
CLI-00678,61,8201054.97,5647833.18,35,4,113,2
CLI-00679,34,5229369.37,3344026.63,44,1,67,1
CLI-00680,55,5707194.77,2201775.67,88,3,85,1
CLI-00681,24,5522051.26,3109869.42,76,2,53,1
CLI-00682,63,4306282.28,3140596.71,96,4,2,1
CLI-00683,30,3807946.51,1778285.0,38,0,68,1
CLI-00684,57,1400000.0,660001.17,43,1,65,2
CLI-00685,59,3131345.94,944813.18,50,4,79,1
CLI-00686,26,1587012.17,628193.17,50,2,57,1
CLI-00687,67,8261436.67,6456090.47,32,3,97,2
CLI-00688,44,5914515.22,3211348.56,80,2,70,2
CLI-00689,19,5222934.26,4394205.93,12,1,7,1
CLI-00690,22,3921532.59,2029939.7,67,2,19,1
CLI-00691,46,5565514.38,3858863.59,41,1,44,1
CLI-00692,54,3634444.27,1653873.76,40,3,63,1
CLI-00693,55,5882840.82,2941981.06,91,1,65,2
CLI-00694,36,6040614.76,2445840.65,52,1,39,1
CLI-00695,25,3604955.85,1769616.24,16,2,83,2
CLI-00696,65,3562983.68,2141284.2,10,4,109,1
CLI-00697,62,7616838.58,6439847.24,70,5,26,2
CLI-00698,18,5383708.1,3581839.91,23,1,44,1
CLI-00699,39,3781755.06,1548951.19,61,2,12,1
CLI-00700,69,4684886.14,1521317.42,15,2,22,1
CLI-00701,34,3276693.01,1210725.17,19,4,77,1
CLI-00702,24,5352196.12,3261657.01,80,1,92,1
CLI-00703,42,7329582.28,5283442.76,99,5,14,2
CLI-00704,62,5439124.53,4445018.81,39,0,86,1
CLI-00705,21,10699993.58,3303117.39,30,3,30,2
CLI-00706,53,6426991.05,3775973.43,69,3,44,1
CLI-00707,23,6005899.79,3357160.12,90,1,84,1
CLI-00708,48,3501735.31,2314052.66,83,0,108,1
CLI-00709,36,4975226.42,3023785.25,72,1,91,1
CLI-00710,61,3786169.55,2566536.56,51,3,38,1
CLI-00711,56,1400000.0,926723.59,60,2,59,0
CLI-00712,44,7643376.89,2784913.66,73,1,42,1
CLI-00713,27,4374808.78,3236679.76,85,5,52,1
CLI-00714,43,3827119.84,1407530.16,65,1,63,1
CLI-00715,36,5963254.07,4080009.8,89,0,61,2
CLI-00716,56,6627499.01,3505151.36,50,3,105,1
CLI-00717,20,4794295.37,2793242.32,41,2,34,1
CLI-00718,62,5494276.33,4377915.79,24,2,39,1
CLI-00719,30,7141612.3,5637846.2,71,4,41,1
CLI-00720,67,4707574.09,3529837.76,36,3,108,1
CLI-00721,45,6165134.23,3579363.55,37,2,37,1
CLI-00722,37,1849661.84,1303885.63,90,1,65,2
CLI-00723,45,2769098.2,1611873.73,73,3,118,1
CLI-00724,25,6832187.51,5317377.75,68,4,79,1
CLI-00725,58,2654170.99,1384221.06,67,0,32,1
CLI-00726,56,6015102.6,5014366.61,11,2,8,1
CLI-00727,18,5176602.68,4207426.27,45,1,97,2
CLI-00728,20,4698172.02,3325748.78,80,3,18,1
CLI-00729,30,3677381.91,1668349.98,22,5,45,2
CLI-00730,45,7500548.04,2793275.15,24,4,93,2
CLI-00731,66,9305760.54,7166244.26,98,1,96,2
CLI-00732,42,6160422.76,2408209.41,96,3,33,1
CLI-00733,50,6209479.57,4780327.08,69,3,5,1
CLI-00734,55,3998872.61,2279040.49,31,2,82,1
CLI-00735,23,2868586.09,1502009.55,72,3,112,2
CLI-00736,61,5412574.41,4312495.34,99,1,74,2
CLI-00737,62,3357750.77,2122494.84,84,4,36,2
CLI-00738,49,1600257.72,987579.38,83,0,97,2
CLI-00739,62,7267580.79,4413756.39,34,2,23,1
CLI-00740,64,7374766.93,3717938.85,57,2,40,1
CLI-00741,38,3610554.7,2643300.48,52,1,5,1
CLI-00742,33,6036721.51,2650357.05,47,4,34,1
CLI-00743,38,7704294.99,6289726.55,50,2,24,1
CLI-00744,28,5951058.71,4711404.76,54,4,17,1
CLI-00745,54,2875059.78,1396169.79,97,2,95,2
CLI-00746,53,4987634.49,3497354.61,49,5,71,2
CLI-00747,52,8418980.72,5179969.48,26,2,81,2
CLI-00748,36,6043458.62,2935350.86,97,1,92,2
CLI-00749,37,6686090.63,5640967.12,66,1,102,1
CLI-00750,35,6251584.28,1962250.65,11,2,22,1
CLI-00751,64,3617875.01,1588085.47,71,2,15,1
CLI-00752,58,4134140.52,2422774.74,97,4,101,1
CLI-00753,66,6245503.35,3666573.58,18,1,15,1
CLI-00754,31,7297117.92,4552768.13,77,3,114,1
CLI-00755,32,7919790.89,5650152.22,90,4,114,2
CLI-00756,48,3612167.8,2322308.94,26,5,25,1
CLI-00757,18,6452865.18,4066303.99,59,2,53,1
CLI-00758,20,8111497.05,2672194.44,49,4,21,0
CLI-00759,33,3328420.11,1687814.07,67,2,119,1
CLI-00760,40,8770843.7,3750681.65,84,2,102,2
CLI-00761,28,9105669.82,4060705.88,94,3,66,2
CLI-00762,29,11275189.95,6820200.16,30,2,91,2
CLI-00763,27,6008053.57,2461667.31,27,1,113,1
CLI-00764,49,6020134.29,2779327.47,64,2,32,1
CLI-00765,33,7319387.66,3150239.49,38,4,21,1
CLI-00766,25,7255165.88,5961400.17,33,1,68,1
CLI-00767,55,7978007.09,6538504.58,83,3,44,2
CLI-00768,29,7224873.0,4591174.56,26,3,83,1
CLI-00769,41,5266663.8,4258031.1,27,2,66,1
CLI-00770,45,8188393.67,5995516.91,51,3,90,2
CLI-00771,25,3143240.87,1962863.82,93,4,98,2
CLI-00772,45,5512875.14,1673374.63,54,2,14,1
CLI-00773,53,8940218.36,6480620.86,91,1,15,2
CLI-00774,43,2749457.7,1887141.4,26,1,20,0
CLI-00775,25,4009553.55,2559656.92,82,3,34,1
CLI-00776,67,6977844.04,5011720.45,23,7,36,0
CLI-00777,45,6366606.34,3706047.33,58,2,83,1
CLI-00778,45,3574944.1,2456865.32,38,3,9,1
CLI-00779,54,4584373.19,3733259.77,13,3,71,1
CLI-00780,58,2902279.46,1470563.99,91,5,30,2
CLI-00781,53,7657067.0,5279295.08,29,3,77,2
CLI-00782,44,4937061.01,2772793.18,56,2,91,1
CLI-00783,34,9442743.0,6335323.33,18,1,63,2
CLI-00784,26,5678420.54,4086142.21,86,2,108,2
CLI-00785,50,5016571.33,1630380.04,88,3,35,1
CLI-00786,37,4802992.13,3148986.9,36,5,13,1
CLI-00787,30,4962760.36,2107722.3,24,3,79,1
CLI-00788,45,5743806.41,3839837.38,28,2,46,1
CLI-00789,65,11027296.67,6148617.75,99,2,56,2
CLI-00790,46,4754508.73,3449177.41,61,3,9,1
CLI-00791,30,4826022.39,1775351.02,35,2,109,2
CLI-00792,63,5644306.46,3637627.35,98,4,87,1
CLI-00793,52,7898603.91,3579322.67,35,3,118,2
CLI-00794,23,2373833.97,1825810.89,35,2,36,0
CLI-00795,35,6501204.02,5269947.02,55,1,117,1
CLI-00796,68,3701664.61,3139082.15,58,2,104,1
CLI-00797,22,6717199.92,4955977.45,91,4,3,1
CLI-00798,64,4413728.13,3153845.94,62,1,98,1
CLI-00799,42,1400000.0,585935.58,12,1,19,2
CLI-00800,19,6313070.73,3060601.2,75,1,28,1
CLI-00801,27,6294518.49,3500541.6,51,1,23,2
CLI-00802,47,4226023.32,3065386.48,28,2,104,1
CLI-00803,67,4095643.51,3289748.76,26,3,113,1
CLI-00804,62,2614980.0,1056521.23,42,3,109,1
CLI-00805,22,7200819.87,5813237.12,85,2,7,1
CLI-00806,50,7440874.72,5079093.16,58,2,105,1
CLI-00807,18,3566088.05,2267760.63,65,1,76,1
CLI-00808,35,4312144.19,1767602.66,72,3,14,1
CLI-00809,49,5360763.93,1771940.31,12,1,46,1
CLI-00810,64,10495903.62,6430375.12,58,1,15,2
CLI-00811,66,6699267.84,4410353.29,64,2,67,1
CLI-00812,28,3424485.87,1424345.71,35,3,15,0
CLI-00813,38,6168316.68,3738313.96,81,2,51,2
CLI-00814,43,2471278.61,1905532.19,61,2,88,2
CLI-00815,42,7079578.68,5375426.89,16,3,116,1
CLI-00816,39,9186204.27,7441242.05,55,1,110,1
CLI-00817,44,9195541.71,4609147.54,55,2,8,2
CLI-00818,66,7116765.71,3379946.07,25,2,69,1
CLI-00819,30,4216492.82,3002920.0,33,4,62,1
CLI-00820,50,2638016.14,1416909.66,70,2,51,2
CLI-00821,51,2419548.9,842370.22,63,3,63,1
CLI-00822,58,1400000.0,637756.87,71,5,68,0
CLI-00823,52,7026482.68,3725583.45,10,3,78,1
CLI-00824,18,5273761.86,2430592.64,58,3,16,1
CLI-00825,38,7500275.57,3620481.0,34,2,84,2
CLI-00826,65,8641669.27,3988793.6,19,1,24,2
CLI-00827,23,5719792.2,1846489.3,89,4,6,1
CLI-00828,45,5821115.54,3786065.69,25,1,119,1
CLI-00829,34,4478495.24,2814782.77,67,4,57,1
CLI-00830,22,4738614.28,3124457.09,81,1,31,1
CLI-00831,48,7102633.81,2882038.87,38,4,6,1
CLI-00832,22,5116374.93,2366886.2,15,2,99,1
CLI-00833,55,4798183.13,3074621.82,25,0,79,1
CLI-00834,20,5459702.91,3438494.48,29,3,29,1
CLI-00835,40,7449926.43,4309645.88,89,3,67,1
CLI-00836,54,3976144.57,1959154.93,80,1,75,2
CLI-00837,54,5353637.26,4294216.97,87,4,3,1
CLI-00838,27,6039611.24,2940527.47,52,0,28,1
CLI-00839,27,8052488.19,4433623.79,35,1,74,2
CLI-00840,36,4973547.09,3347011.22,99,2,114,2
CLI-00841,34,3920788.55,2347226.28,87,2,97,1
CLI-00842,38,4434405.92,2176350.05,80,2,48,1
CLI-00843,31,7816726.35,4217941.77,42,4,80,2
CLI-00844,26,9973271.66,7349946.66,35,2,10,2
CLI-00845,63,2609732.81,1182133.37,54,0,33,1
CLI-00846,18,3090336.45,1168890.04,93,3,100,2
CLI-00847,68,5128647.07,2421951.07,72,4,67,1
CLI-00848,62,5744103.41,4407127.83,76,4,69,1
CLI-00849,30,7231333.04,2523332.76,61,3,12,1
CLI-00850,21,3539507.38,2992415.78,77,4,57,2
CLI-00851,18,3161160.12,1888956.27,35,3,44,0
CLI-00852,66,5803791.74,4884849.3,84,3,13,1
CLI-00853,57,4931518.42,4026328.51,11,2,24,1
CLI-00854,49,7538786.2,4139152.04,23,2,44,2
CLI-00855,51,6572191.57,2689144.22,39,2,57,1
CLI-00856,45,6721834.56,2626130.87,58,4,96,1
CLI-00857,48,5270141.04,2276670.1,21,1,16,0
CLI-00858,25,10682276.57,7376891.27,99,3,96,2
CLI-00859,56,3656954.44,1646077.46,53,1,109,1
CLI-00860,43,6843781.63,3338286.48,42,3,101,2
CLI-00861,51,2706682.03,1480090.45,22,3,100,2
CLI-00862,20,3138371.11,2517846.02,87,3,21,2
CLI-00863,67,4163839.68,1682884.01,97,1,111,2
CLI-00864,29,9084511.34,2750468.48,35,8,76,0
CLI-00865,18,6080567.75,2025151.49,30,4,51,1
CLI-00866,61,4200948.25,3350766.59,37,0,21,1
CLI-00867,22,6323759.92,4149234.24,57,2,60,1
CLI-00868,47,5577325.34,2510757.6,49,3,51,1
CLI-00869,47,4417658.59,1755824.36,75,1,21,1
CLI-00870,34,2427416.52,1121094.32,82,3,107,2
CLI-00871,65,8664793.47,3146518.46,96,2,117,2
CLI-00872,64,5961599.88,4875653.33,88,0,6,1
CLI-00873,40,10282224.42,7519528.46,86,1,73,2
CLI-00874,32,7568707.57,4195449.25,32,2,65,2
CLI-00875,54,6712903.39,5207396.74,90,1,76,1
CLI-00876,38,4542550.48,1986012.21,57,1,58,1
CLI-00877,31,3090239.76,2145912.9,11,4,78,2
CLI-00878,19,5020991.83,3870546.4,93,2,6,1
CLI-00879,28,3026556.29,1501846.21,29,2,65,2
CLI-00880,68,6930418.84,4966375.88,68,2,86,1
CLI-00881,56,9091835.49,4203062.74,55,2,34,2
CLI-00882,55,4925993.01,2287490.39,12,1,56,1
CLI-00883,51,7577880.14,2719560.6,64,3,75,2
CLI-00884,55,3983696.05,2159290.44,21,3,3,1
CLI-00885,67,4834572.96,3390686.89,49,5,42,2
CLI-00886,51,3707079.23,3029133.93,75,2,62,1
CLI-00887,35,1400000.0,884923.68,87,0,6,2
CLI-00888,47,5419626.63,4198717.78,25,1,6,1
CLI-00889,32,5782593.82,4350662.01,92,1,63,1
CLI-00890,44,7844894.2,3101390.11,43,2,20,1
CLI-00891,68,7249964.16,4112176.67,53,3,21,1
CLI-00892,51,7279696.38,2652051.23,15,5,2,1
CLI-00893,69,3357120.31,2266674.72,86,2,90,2
CLI-00894,55,6510894.07,5354851.09,73,2,95,1
CLI-00895,50,8981706.72,3371725.53,31,5,90,2
CLI-00896,41,6335709.27,4458031.37,27,2,56,1
CLI-00897,32,9522905.95,6168281.23,21,2,96,2
CLI-00898,47,9941725.44,6173640.21,61,1,10,2
CLI-00899,59,4909369.81,2526195.42,60,3,87,1
CLI-00900,68,3966732.56,1964811.52,80,4,70,1
CLI-00901,34,3824783.24,1242622.56,57,5,23,1
CLI-00902,22,2164501.2,908765.37,28,1,92,0
CLI-00903,46,4359513.62,1344244.19,15,1,113,1
CLI-00904,21,8156863.99,5055456.34,93,5,30,2
CLI-00905,27,1400000.0,501506.99,36,3,78,0
CLI-00906,34,3217602.52,2510246.93,62,2,37,1
CLI-00907,27,5220310.83,3068126.3,57,5,55,1
CLI-00908,34,3570192.56,2444973.01,16,3,96,1
CLI-00909,37,4339970.92,2282700.58,68,2,49,1
CLI-00910,41,4372874.72,2660102.32,78,3,34,1
CLI-00911,22,4933411.52,4037812.56,20,0,105,2
CLI-00912,51,3895199.67,1345805.98,24,3,44,2
CLI-00913,23,3715330.93,1633503.85,73,7,115,2
CLI-00914,19,7555481.44,5507897.46,12,2,22,2
CLI-00915,30,7809239.19,2766856.11,78,1,31,2
CLI-00916,60,2462804.64,841327.58,32,1,7,2
CLI-00917,60,1400000.0,698386.88,62,2,105,2
CLI-00918,65,7839424.67,2749226.47,46,0,21,2
CLI-00919,28,2796639.08,1738931.0,18,3,16,0
CLI-00920,68,5968038.64,2533142.28,24,4,20,1
CLI-00921,64,2055521.88,1629276.28,12,2,43,0
CLI-00922,40,8355060.97,6106923.31,79,4,44,2
CLI-00923,33,11096069.37,7599008.44,26,3,47,2
CLI-00924,48,5902175.2,3773374.02,35,3,114,1
CLI-00925,28,5292974.17,4101558.25,30,2,19,1
CLI-00926,33,4791292.93,2025203.5,81,5,48,1
CLI-00927,25,7219958.48,5633082.82,30,3,96,0
CLI-00928,21,6748910.85,4955190.48,20,0,79,2
CLI-00929,57,7707696.6,5483937.14,47,2,69,2
CLI-00930,21,4118583.65,2506943.25,81,2,11,1
CLI-00931,42,6248258.95,2720706.19,97,3,79,1
CLI-00932,20,4306570.25,2295192.44,44,3,29,2
CLI-00933,49,3173025.57,2336818.66,23,3,114,0
CLI-00934,20,5409766.07,1717482.61,23,4,45,2
CLI-00935,44,3470471.99,2533888.51,19,1,68,0
CLI-00936,46,8082199.4,3491824.6,21,3,113,2
CLI-00937,49,3603775.17,1367164.4,47,2,36,1
CLI-00938,67,6299801.07,2290832.73,43,2,48,1
CLI-00939,68,4172470.94,1314276.22,50,3,87,1
CLI-00940,36,6109538.05,3592240.77,19,2,15,1
CLI-00941,38,4347207.54,1826013.79,26,1,110,1
CLI-00942,22,2734135.2,2308122.68,26,4,44,0
CLI-00943,35,6564300.03,4043216.38,76,3,67,1
CLI-00944,45,4982085.63,1872451.61,71,2,96,1
CLI-00945,59,6129166.87,4160597.36,10,1,74,1
CLI-00946,39,4556545.54,3616798.86,21,2,40,1
CLI-00947,38,2578539.67,1830373.09,13,0,102,0
CLI-00948,23,7882992.91,2696314.06,51,3,86,2
CLI-00949,18,7120867.06,5644969.8,22,2,14,1
CLI-00950,22,4252685.85,3132788.5,94,1,63,1
CLI-00951,58,5653514.27,2188289.63,95,2,81,1
CLI-00952,29,7792442.86,2559679.08,13,0,85,2
CLI-00953,43,4494515.66,2726017.31,91,5,51,1
CLI-00954,63,4835854.09,1865767.76,78,3,112,1
CLI-00955,51,6035991.5,4581468.59,28,3,79,1
CLI-00956,66,4489999.66,2231907.27,11,0,58,1
CLI-00957,31,7385602.39,5923924.06,21,4,15,0
CLI-00958,43,5128418.28,3134122.54,90,6,65,2
CLI-00959,62,3775121.08,1511822.03,83,2,88,2
CLI-00960,44,6839005.43,2576796.21,15,3,55,1
CLI-00961,26,2987312.57,1843350.62,17,2,119,0
CLI-00962,43,9932732.83,7141992.35,60,3,76,2
CLI-00963,64,8981492.0,6554945.3,20,2,10,2
CLI-00964,39,6629690.05,2994409.38,72,1,110,1
CLI-00965,64,6444528.25,2657309.18,66,3,106,1
CLI-00966,47,6341371.12,1960853.21,21,2,42,1
CLI-00967,60,4423991.47,2979821.63,82,1,116,1
CLI-00968,65,6154081.22,2105388.37,11,1,95,1
CLI-00969,34,3469108.26,1843548.87,17,1,11,0
CLI-00970,43,6608400.52,4169406.36,20,3,118,2
CLI-00971,53,7409263.27,6041586.77,62,1,16,1
CLI-00972,18,4668210.58,2201020.09,19,1,73,1
CLI-00973,25,4190776.05,1832939.37,94,3,111,1
CLI-00974,66,2832550.55,1868883.1,93,2,78,2
CLI-00975,52,8707501.51,5577864.1,17,1,19,0
CLI-00976,69,4365539.13,2107072.78,45,1,31,1
CLI-00977,32,5062774.12,4103155.71,85,3,73,1
CLI-00978,64,6160342.29,4710655.31,23,3,100,1
CLI-00979,39,6120856.81,2590287.84,63,2,53,2
CLI-00980,31,7142432.21,3082162.34,94,4,103,1
CLI-00981,43,4665474.18,2714210.48,95,1,118,1
CLI-00982,45,2994930.54,2172716.25,30,1,90,0
CLI-00983,40,2609936.32,846199.32,59,2,8,1
CLI-00984,31,4225638.49,2879072.59,48,1,24,1
CLI-00985,41,3405928.96,2236093.67,29,1,8,0
CLI-00986,19,4832043.25,2064799.98,97,3,83,1
CLI-00987,62,8376673.38,5652111.42,96,5,111,2
CLI-00988,43,4669987.95,3815850.68,16,1,48,2
CLI-00989,31,4669168.11,1520898.47,18,3,30,1
CLI-00990,68,5463922.69,2599781.57,10,4,58,1
CLI-00991,24,4607625.02,2492712.21,35,2,86,1
CLI-00992,20,5351739.28,4252455.63,47,0,55,2
CLI-00993,64,6689912.29,5547568.26,47,3,73,1
CLI-00994,40,7446452.32,4052831.35,70,2,62,1
CLI-00995,63,7707069.04,5491407.13,53,4,108,2
CLI-00996,60,10025074.89,5938990.34,95,3,48,2
CLI-00997,64,6752590.78,4023062.68,53,4,4,1
CLI-00998,62,10415853.58,4717910.18,83,4,37,2
CLI-00999,35,3791740.02,1589974.93,71,2,8,1
CLI-01000,55,10100826.79,4630248.7,15,2,1,2
CLI-01001,52,4663172.68,2825791.26,26,1,92,2
CLI-01002,68,4879558.35,1542112.94,60,5,70,1
CLI-01003,32,5236280.4,4183719.55,47,0,47,1
CLI-01004,42,5019034.44,1937126.66,33,4,100,1
CLI-01005,54,5688848.87,2395282.83,60,3,117,1
CLI-01006,45,4223938.39,2471223.17,19,2,75,1
CLI-01007,27,7325916.78,5059007.96,81,2,5,1
CLI-01008,56,4283762.92,1510673.19,30,2,50,1
CLI-01009,34,6942342.88,3295752.9,79,5,24,1
CLI-01010,56,8860991.96,7379177.43,94,1,47,2
CLI-01011,39,4714374.79,2094543.12,66,3,18,1
CLI-01012,43,7247643.52,3422174.78,48,1,84,1
CLI-01013,61,6730150.44,5115413.51,97,1,28,1
CLI-01014,42,10456351.14,3425688.19,42,6,77,2
CLI-01015,34,4389372.76,2438460.04,68,7,5,1
CLI-01016,30,7249157.56,3688293.22,27,1,30,1
CLI-01017,37,1922775.6,911631.59,65,4,1,1
CLI-01018,42,4409111.5,2015558.2,66,0,86,1
CLI-01019,21,6277464.24,2198717.99,85,2,82,1
CLI-01020,27,8564951.93,4052543.03,57,2,46,2
CLI-01021,20,2802946.6,907254.45,51,2,69,2
CLI-01022,58,7229399.41,5274064.66,36,1,31,1
CLI-01023,62,5360908.4,2782447.02,83,3,70,1
CLI-01024,35,2152639.16,1171352.37,61,3,91,0
CLI-01025,64,5899491.06,4669311.62,51,4,56,1
CLI-01026,53,9260154.71,6129576.44,41,4,89,2
CLI-01027,64,3035070.15,923974.01,35,1,93,1
CLI-01028,39,5258137.03,4305079.46,34,2,28,1
CLI-01029,51,3329394.23,1433069.35,84,4,16,2
CLI-01030,64,4469117.55,1605252.51,32,2,54,1
CLI-01031,25,8650774.32,6249929.23,66,5,53,2
CLI-01032,57,4902646.15,2820308.6,61,1,12,1
CLI-01033,66,8583444.62,4622818.48,96,1,20,2
CLI-01034,61,7939918.91,3471544.49,40,2,82,2
CLI-01035,36,4701976.59,2826401.95,73,4,34,1
CLI-01036,59,4394281.19,1981432.07,80,2,119,2
CLI-01037,58,3528802.63,2808470.45,42,5,53,1
CLI-01038,54,3452061.37,1444212.9,94,1,64,2
CLI-01039,23,6277056.27,4936247.75,11,2,23,1
CLI-01040,69,5456472.31,3315750.81,27,2,109,1
CLI-01041,43,4128068.04,3119450.87,56,6,27,1
CLI-01042,51,2092721.57,1448299.98,42,3,113,0
CLI-01043,62,5733593.29,3917089.52,93,2,17,1
CLI-01044,23,4466985.21,2136961.92,44,0,48,1
CLI-01045,54,5070345.07,2173369.51,60,1,21,1
CLI-01046,50,6170256.02,2566748.91,27,2,50,2
CLI-01047,39,1400000.0,1080037.58,97,3,40,2
CLI-01048,38,2126795.87,1597722.97,81,2,95,2
CLI-01049,23,10552174.77,5722607.31,39,1,3,2
CLI-01050,23,4385456.89,1634997.17,53,4,17,1
CLI-01051,65,1400000.0,714334.23,62,3,61,1
CLI-01052,21,2310131.61,1479960.17,19,3,50,0
CLI-01053,47,10965828.21,6030347.27,96,2,90,2
CLI-01054,28,3953405.59,2882444.22,61,1,87,1
CLI-01055,47,8049833.54,6831833.77,58,5,6,2
CLI-01056,48,5766459.6,2336123.39,20,0,28,2
CLI-01057,41,4433072.52,2450637.74,75,4,72,2
CLI-01058,26,7205980.04,3869907.78,67,1,55,1
CLI-01059,20,1400000.0,654459.25,99,5,58,2
CLI-01060,68,2329508.24,952658.3,45,2,45,2
CLI-01061,48,4416827.77,1484631.25,42,3,72,2
CLI-01062,57,2545610.32,2005726.14,56,5,19,0
CLI-01063,54,4222288.87,2241684.03,22,1,102,1
CLI-01064,53,7378168.7,4229849.04,49,3,29,1
CLI-01065,41,5790700.79,4657565.61,98,1,23,1
CLI-01066,48,8427357.48,6126349.79,77,3,111,2
CLI-01067,23,5929825.63,2204565.05,51,0,32,1
CLI-01068,19,7683413.83,4694419.73,28,4,10,2
CLI-01069,37,5359045.34,2911241.1,91,1,91,1
CLI-01070,45,4201393.94,3102586.96,28,3,49,1
CLI-01071,28,8757249.72,6115431.82,67,2,65,2
CLI-01072,21,3939429.37,2677721.33,32,2,103,2
CLI-01073,32,6256458.61,3048770.15,63,5,29,1
CLI-01074,23,7191574.2,5341398.28,89,7,59,2
CLI-01075,66,7351283.95,2417213.99,74,5,45,1
CLI-01076,47,2936026.13,1138572.42,21,4,67,0
CLI-01077,55,7814290.89,3786749.1,33,4,51,2
CLI-01078,68,3346298.46,1145250.88,43,2,111,1
CLI-01079,19,7283548.04,3126440.07,62,4,101,1
CLI-01080,32,6677381.64,5051993.7,17,3,95,1
CLI-01081,28,7300987.46,5998041.16,27,1,11,1
CLI-01082,25,2848992.25,1331993.04,66,2,86,2
CLI-01083,43,6793445.43,3026369.15,14,6,82,1
CLI-01084,68,7888306.09,3580825.23,35,4,99,2
CLI-01085,62,5925470.72,2682730.19,39,1,6,1
CLI-01086,61,3699043.3,1182812.0,63,2,67,1
CLI-01087,22,7523444.75,6092515.58,22,0,62,2
CLI-01088,23,5750623.18,2401080.57,92,1,5,1
CLI-01089,43,1816222.62,964418.28,38,3,9,0
CLI-01090,21,3528383.18,1077313.42,12,2,28,0
CLI-01091,36,4342152.03,3351599.9,99,4,83,2
CLI-01092,37,8812800.23,6187789.06,67,3,92,2
CLI-01093,50,8426402.79,6915682.07,85,3,91,2
CLI-01094,37,8419330.77,6145172.82,11,6,77,2
CLI-01095,66,6011192.61,2840520.43,84,2,38,2
CLI-01096,29,7509908.54,3276801.0,37,6,43,2
CLI-01097,64,2990285.3,2044589.54,91,1,117,2
CLI-01098,18,5514966.82,2758928.48,86,4,21,1
CLI-01099,43,6493591.94,3970300.68,95,1,91,2
CLI-01100,31,3135222.07,951356.83,85,4,62,2
CLI-01101,55,5961806.6,1991464.8,11,4,46,1
CLI-01102,54,9210606.21,5475266.67,16,4,70,2
CLI-01103,28,6729293.53,4113882.31,35,1,38,1
CLI-01104,53,7518599.45,5363010.37,99,4,49,2
CLI-01105,30,1400000.0,521613.3,97,4,75,2
CLI-01106,60,8927531.47,5198061.41,85,1,111,2
CLI-01107,20,5090530.83,2071572.2,25,2,105,2
CLI-01108,50,3808890.11,1337902.61,32,2,117,1
CLI-01109,23,5115796.73,2689746.19,49,2,81,2
CLI-01110,67,2232951.25,870482.9,69,4,39,1
CLI-01111,27,7805472.54,3293753.99,82,0,71,2
CLI-01112,22,4762129.41,2260368.63,41,2,30,1
CLI-01113,40,3875012.21,1715326.93,24,2,21,1
CLI-01114,27,5130278.86,1786235.94,22,3,1,1
CLI-01115,61,7959634.44,2781525.57,14,2,89,2
CLI-01116,19,5789208.48,2352081.18,84,0,32,1
CLI-01117,30,2398673.71,786303.36,83,3,8,1
CLI-01118,57,6522957.83,4204381.35,61,5,69,1
CLI-01119,19,3456244.1,1583062.43,86,4,30,2
CLI-01120,37,1400000.0,635404.4,50,4,115,0
CLI-01121,18,8791215.87,4242632.53,62,3,8,2
CLI-01122,54,6505905.72,4323421.26,59,2,113,1
CLI-01123,26,5327804.54,4149553.29,24,2,19,1
CLI-01124,34,4739659.07,3400695.02,16,2,108,2
CLI-01125,26,8573574.9,6002711.96,49,2,59,2
CLI-01126,28,12291741.33,6962228.53,37,4,55,2
CLI-01127,32,6487317.14,4421710.32,41,3,30,1
CLI-01128,41,3234803.7,1953883.87,24,3,79,2
CLI-01129,55,5160175.86,2161792.67,94,5,36,1
CLI-01130,52,6447259.88,2673830.84,79,3,55,1
CLI-01131,47,1400000.0,648221.85,74,5,44,0
CLI-01132,48,6235898.24,4994589.5,13,5,27,1
CLI-01133,66,6460135.28,3883046.24,20,2,77,1
CLI-01134,22,8417952.84,5923275.32,35,0,78,2
CLI-01135,61,8188671.27,4017422.05,70,4,101,2
CLI-01136,67,5744578.75,3011559.07,46,3,54,1
CLI-01137,31,8832201.19,3259621.61,32,2,48,2
CLI-01138,28,9978492.3,3933643.67,94,4,30,2
CLI-01139,26,5561493.2,4199183.78,49,0,39,2
CLI-01140,51,6420011.57,3991072.4,86,1,111,2
CLI-01141,29,1611945.82,782829.97,32,2,13,0
CLI-01142,52,2307858.82,1711434.63,25,2,16,0
CLI-01143,52,3655968.11,1592488.34,70,2,44,1
CLI-01144,18,4524039.73,3785797.81,77,4,71,1
CLI-01145,57,3088529.35,1512297.42,89,5,112,1
CLI-01146,39,5420810.09,2631917.27,40,0,119,1
CLI-01147,46,4589839.83,2164346.08,62,0,119,1
CLI-01148,25,7855969.51,2884408.24,34,2,27,2
CLI-01149,28,4455497.98,1608993.63,53,3,45,2
CLI-01150,58,1400000.0,919040.88,21,1,119,2
CLI-01151,54,5776652.58,4513384.87,99,2,35,1
CLI-01152,31,5468764.35,4018373.02,18,1,79,1
CLI-01153,47,3603490.26,1360710.99,21,2,28,1
CLI-01154,52,5708999.74,3425800.43,78,1,99,2
CLI-01155,38,3134417.91,1122357.79,63,3,7,1
CLI-01156,54,6225647.9,2022788.05,63,6,62,2
CLI-01157,22,11292433.76,7464436.74,37,4,114,2
CLI-01158,36,1527667.96,907944.68,65,2,110,2
CLI-01159,31,4364267.41,1506165.54,78,2,114,1
CLI-01160,43,4011688.73,1280597.58,86,0,51,2
CLI-01161,21,4546828.26,3839187.32,67,2,46,1
CLI-01162,42,7743834.08,2451014.34,87,2,20,2
CLI-01163,62,6694218.43,3644938.6,84,0,96,1
CLI-01164,59,7367286.31,4254905.95,51,3,38,1
CLI-01165,42,5567090.11,2029227.07,47,2,61,1
CLI-01166,35,2591381.5,1018371.41,77,2,104,1
CLI-01167,57,3047692.21,1504014.02,62,3,32,0
CLI-01168,25,7141771.36,5134374.64,42,1,26,1
CLI-01169,56,5875830.18,3401490.67,80,7,58,1
CLI-01170,57,8272456.29,5384095.34,65,3,39,1
CLI-01171,31,6145176.63,5173292.4,81,5,20,1
CLI-01172,49,2897367.01,2093066.59,60,1,82,1
CLI-01173,68,4351816.01,2345188.53,83,4,50,1
CLI-01174,55,6742591.13,3678373.78,52,1,79,1
CLI-01175,50,7062731.49,4522441.02,24,2,52,1
CLI-01176,40,7381238.99,4915542.49,47,1,86,1
CLI-01177,32,3193246.95,1837365.59,24,3,115,0
CLI-01178,50,2857733.63,1870882.97,14,3,22,1
CLI-01179,42,5082434.46,1590511.64,92,4,53,1
CLI-01180,34,8668161.74,4648670.78,63,2,85,2
CLI-01181,50,3973489.69,1801643.57,60,2,66,1
CLI-01182,64,6500938.16,2412146.74,19,3,104,2
CLI-01183,19,6501134.51,2306281.25,21,3,117,1
CLI-01184,31,7173700.05,4532025.83,13,3,43,1
CLI-01185,57,9161768.56,5386939.43,27,2,82,2
CLI-01186,57,8936194.13,3927200.53,89,2,23,2
CLI-01187,68,4191867.17,2343348.2,45,4,77,1
CLI-01188,56,1400000.0,799018.88,34,2,64,0
CLI-01189,68,4007235.46,1631966.43,96,2,105,1
CLI-01190,23,5666479.05,3732233.14,85,2,9,2
CLI-01191,23,4704380.39,3431872.06,45,1,113,1
CLI-01192,20,9829377.67,7227590.03,76,0,7,2
CLI-01193,24,5541316.67,3498556.86,18,2,41,1
CLI-01194,68,6938166.14,4033858.26,70,5,54,1
CLI-01195,25,5977871.48,1993942.52,62,4,65,2
CLI-01196,59,4737407.0,2171187.81,27,3,2,1
CLI-01197,69,1400000.0,491819.01,52,5,4,1
CLI-01198,32,5327041.2,4421991.49,44,0,78,2
CLI-01199,64,12660224.04,4738646.92,72,0,32,2
CLI-01200,46,2762191.52,1059235.47,87,3,100,2
CLI-01201,50,1507279.3,1189646.02,13,0,2,0
CLI-01202,69,9760056.47,7995053.28,50,1,104,2
CLI-01203,47,7132582.53,5144061.11,54,1,114,1
CLI-01204,56,5912323.74,1791272.73,59,3,115,1
CLI-01205,44,8497882.5,2555657.0,88,3,64,2
CLI-01206,53,3670695.73,1864549.8,37,2,14,1
CLI-01207,46,5265491.53,1994923.37,51,2,20,1
CLI-01208,55,7601339.06,2357269.33,89,2,89,2
CLI-01209,50,10142779.61,5631643.27,85,0,106,2
CLI-01210,54,2929202.51,2398091.36,78,2,49,2
CLI-01211,44,8317615.81,3976658.49,10,4,8,2
CLI-01212,50,6340045.93,4207428.03,48,4,92,1
CLI-01213,21,5858734.35,3859320.82,99,5,63,2
CLI-01214,39,5482995.71,2402067.84,26,1,46,1
CLI-01215,19,2453777.43,1613932.57,97,3,21,2
CLI-01216,27,7618795.8,3175389.8,44,2,87,2
CLI-01217,22,3779008.16,1387289.3,55,1,32,1
CLI-01218,27,3124680.45,2142783.39,51,1,8,0
CLI-01219,50,7448009.71,2699102.48,48,2,95,2
CLI-01220,55,7236094.86,6138379.78,99,1,101,1
CLI-01221,30,5673800.18,2274619.8,58,1,16,1
CLI-01222,48,7874995.97,4935874.42,71,2,40,2
CLI-01223,64,8637060.48,4545305.02,47,1,106,2
CLI-01224,53,8378092.97,3095810.35,32,4,27,2
CLI-01225,62,4337786.26,1367765.38,31,1,104,1
CLI-01226,41,7731030.85,4967208.62,13,1,105,2
CLI-01227,69,5965610.15,4436723.66,58,3,18,1
CLI-01228,32,9296997.09,7094618.56,68,3,35,2
CLI-01229,46,5227797.66,2956279.9,82,1,113,2
CLI-01230,25,4715762.4,3431191.11,77,2,52,1
CLI-01231,22,4149646.87,2780536.96,80,3,15,1
CLI-01232,46,5916433.37,4131682.02,96,2,63,1
CLI-01233,64,6526796.03,3726340.09,11,3,53,2
CLI-01234,21,6569117.02,4259260.82,58,3,91,1
CLI-01235,29,6268179.59,4657503.48,97,3,81,2
CLI-01236,62,6976281.43,3619548.02,40,2,104,1
CLI-01237,19,5010407.96,3724178.09,49,5,66,1
CLI-01238,44,3580466.31,2239972.89,57,3,113,1
CLI-01239,48,3388378.41,1325688.02,60,4,114,1
CLI-01240,68,7645112.41,2397325.96,52,1,31,1
CLI-01241,68,6534709.08,3264181.81,64,0,61,1
CLI-01242,53,1417156.9,851262.03,97,3,64,1
CLI-01243,53,7912857.54,6028815.61,58,2,101,2
CLI-01244,43,9636957.32,3566802.93,99,2,105,2
CLI-01245,60,3924982.93,2904932.82,89,1,105,1
CLI-01246,44,6239552.1,4833500.08,66,5,98,1
CLI-01247,22,4458392.19,1707020.81,86,3,34,1
CLI-01248,37,6882275.24,5288181.15,24,1,115,1
CLI-01249,28,2934780.44,2480768.33,36,6,55,0
CLI-01250,27,5342819.55,3738698.66,77,2,59,2
CLI-01251,57,7658891.08,5603423.36,89,0,3,2
CLI-01252,55,8218565.83,6960536.79,73,5,17,2
CLI-01253,23,6438290.8,4075532.64,39,0,78,1
CLI-01254,25,4754100.33,2231277.61,45,2,78,1
CLI-01255,40,1996277.61,1518452.51,76,3,46,1
CLI-01256,64,3833390.64,2445577.41,95,2,38,2
CLI-01257,43,4467598.51,2768380.85,95,2,35,1
CLI-01258,63,3964985.68,1742609.44,58,7,1,1
CLI-01259,60,5631016.53,4031716.88,85,2,112,1
CLI-01260,29,4747846.98,1637613.14,64,5,29,1
CLI-01261,43,5878667.02,4752066.86,94,3,4,1
CLI-01262,30,8145780.06,3903481.46,65,3,61,2
CLI-01263,57,4605783.11,1705411.22,77,2,97,1
CLI-01264,35,2457692.65,1335268.33,53,2,17,0
CLI-01265,42,3956243.28,1279284.7,40,2,28,1
CLI-01266,50,6783894.63,4589605.97,67,5,50,1
CLI-01267,64,6991476.33,5568627.21,96,2,90,2
CLI-01268,57,6393387.43,4862136.96,62,5,8,1
CLI-01269,60,8361622.07,3094245.09,93,5,34,2
CLI-01270,29,5090001.25,1880496.51,88,2,59,1
CLI-01271,61,10014765.53,7484925.25,32,3,18,2
CLI-01272,53,7300011.7,5900890.37,37,4,95,1
CLI-01273,65,1400000.0,774715.77,25,3,59,1
CLI-01274,21,9461448.99,5434979.07,46,2,27,2
CLI-01275,22,3812629.46,1811167.22,30,6,16,2
CLI-01276,54,3224977.38,2553684.84,88,1,10,2
CLI-01277,25,6652296.44,4355235.85,26,3,104,1
CLI-01278,59,1676002.96,768511.66,46,3,76,2
CLI-01279,66,3969967.69,1843377.4,86,3,22,2
CLI-01280,45,8925616.79,7052665.72,28,2,16,2
CLI-01281,48,6723678.67,2067522.54,39,5,12,0
CLI-01282,26,7286927.52,3479505.09,54,2,75,1
CLI-01283,68,4054796.68,2452731.0,27,1,84,1
CLI-01284,46,2115586.0,807137.53,87,2,51,2
CLI-01285,31,7054998.34,2473865.61,71,1,1,1
CLI-01286,57,7546563.54,5647863.11,45,0,27,2
CLI-01287,58,7446985.45,5897434.69,93,3,67,1
CLI-01288,39,5959952.31,4487745.94,61,3,12,1
CLI-01289,28,3372449.86,2678849.36,28,4,30,0
CLI-01290,40,10863093.09,6563606.68,53,1,9,1
CLI-01291,18,6555532.37,4895291.13,16,3,53,1
CLI-01292,63,5117449.39,2616160.14,53,3,61,1
CLI-01293,54,5127211.68,3417016.5,77,0,54,2
CLI-01294,38,5829114.45,4918953.85,43,1,37,1
CLI-01295,43,7853138.18,3330910.51,75,4,65,2
CLI-01296,63,5917181.87,3044063.8,78,1,42,2
CLI-01297,53,7388728.94,4167435.65,64,2,49,1
CLI-01298,40,5833074.91,2192702.54,19,3,4,1
CLI-01299,18,5252821.44,1809971.17,51,1,64,1
CLI-01300,68,6910750.87,5226929.67,50,3,79,1
CLI-01301,57,6827229.27,5716008.3,86,2,51,1
CLI-01302,32,5126804.94,2679262.03,78,5,91,2
CLI-01303,38,3851744.69,1341206.04,19,1,72,1
CLI-01304,64,6251803.61,2101834.29,19,1,60,1
CLI-01305,26,5672367.07,4482446.34,69,5,87,1
CLI-01306,26,4279282.23,2375420.31,60,0,79,1
CLI-01307,27,3646718.94,1735893.0,30,2,91,2
CLI-01308,69,6403046.86,3598856.17,17,2,31,1
CLI-01309,43,6710209.13,3187800.61,74,3,103,1
CLI-01310,58,4707929.35,2678669.04,87,1,111,1
CLI-01311,52,4224138.52,3264228.46,94,4,72,2
CLI-01312,69,3673438.58,2298712.06,39,4,94,1
CLI-01313,42,6340960.87,4324913.08,94,2,58,1
CLI-01314,43,3731250.44,1867747.82,58,2,119,1
CLI-01315,28,10430496.05,7365789.27,18,2,106,2
CLI-01316,55,4597380.84,3064795.19,26,2,82,1
CLI-01317,19,1400000.0,512062.74,78,5,4,0
CLI-01318,24,5433622.33,3341425.45,67,4,111,1
CLI-01319,35,5339326.34,2355758.42,66,0,107,1
CLI-01320,44,7945780.85,5897776.64,71,3,22,1
CLI-01321,51,6133877.72,3277120.72,61,3,3,1
CLI-01322,44,3665562.6,3105011.17,70,2,79,1
CLI-01323,34,4869937.88,1708740.63,49,2,99,1
CLI-01324,60,6220323.5,4535805.93,47,3,47,0
CLI-01325,61,1400000.0,938750.33,52,6,38,0
CLI-01326,68,8444967.82,6098316.96,72,1,33,2
CLI-01327,41,3671426.25,1722418.01,28,0,78,1
CLI-01328,42,8617496.41,4917401.71,59,1,48,2
CLI-01329,24,6363423.31,4696713.48,42,1,65,1
CLI-01330,69,6885107.1,2946121.72,22,0,117,1
CLI-01331,23,8028731.56,3406737.39,87,1,113,2
CLI-01332,41,6760890.52,4077344.5,71,4,26,1
CLI-01333,50,6980349.68,4104166.18,52,1,8,1
CLI-01334,66,5138283.83,2339174.73,58,6,50,1
CLI-01335,46,6318771.1,2931540.82,45,1,80,1
CLI-01336,60,4207504.81,1905220.62,19,2,38,1
CLI-01337,39,4744495.58,3436588.24,15,3,10,1
CLI-01338,43,9822329.11,6468450.4,66,0,42,2
CLI-01339,45,3721974.11,2820621.6,10,6,37,1
CLI-01340,67,5839497.68,4884799.17,80,4,26,1
CLI-01341,38,5749631.88,3224338.15,67,1,92,1
CLI-01342,66,4816340.16,1621573.28,30,2,12,1
CLI-01343,24,6631682.06,2164917.72,89,7,84,1
CLI-01344,34,6797388.6,3144579.17,65,2,49,1
CLI-01345,37,3463197.8,2815231.84,96,2,14,2
CLI-01346,58,5722984.77,3363782.62,29,5,46,1
CLI-01347,66,3118791.85,1401842.62,63,4,35,1
CLI-01348,37,7234806.96,3758784.17,34,1,29,1
CLI-01349,39,5888272.08,3705061.6,37,4,12,1
CLI-01350,45,5681125.75,3744556.74,14,2,116,1
CLI-01351,57,6949868.97,2673306.92,30,5,82,1
CLI-01352,66,4893877.36,4097973.47,27,2,44,1
CLI-01353,24,7510848.31,4503690.35,56,1,66,2
CLI-01354,18,3413421.28,1278765.15,79,0,2,2
CLI-01355,49,8606128.34,6811745.33,66,2,59,2
CLI-01356,30,4287995.4,1462425.71,28,1,17,2
CLI-01357,47,1768406.05,1413406.47,74,1,10,1
CLI-01358,40,4777223.2,4051616.08,12,1,18,2
CLI-01359,68,4527669.97,3102529.2,51,3,22,1
CLI-01360,36,4760637.23,3445492.02,30,6,83,1
CLI-01361,49,6009625.63,2917772.76,49,2,58,1
CLI-01362,47,7915253.19,6473626.51,76,0,53,2
CLI-01363,46,5078246.99,3002984.19,34,1,1,1
CLI-01364,66,3978441.35,2796102.87,64,2,88,1
CLI-01365,62,3021597.01,2442233.71,93,5,61,2
CLI-01366,46,4469997.86,3738478.18,61,4,100,2
CLI-01367,47,1400000.0,1061567.35,53,1,89,1
CLI-01368,33,3904707.19,1822169.21,94,2,100,1
CLI-01369,57,8236918.57,6849830.82,65,4,31,2
CLI-01370,36,3688609.75,2380871.23,64,3,31,1
CLI-01371,35,6883174.89,5588128.68,96,2,66,1
CLI-01372,18,2801739.4,1882370.37,79,2,19,2
CLI-01373,31,9396410.98,4406742.25,86,2,53,2
CLI-01374,68,9542734.81,4804895.69,96,0,76,2
CLI-01375,64,6800247.42,4098913.58,82,5,74,1
CLI-01376,67,9880755.72,7257495.73,90,3,95,2
CLI-01377,19,6282744.54,2983615.09,75,3,109,1
CLI-01378,45,7190737.65,4450003.39,28,2,22,1
CLI-01379,66,8276254.53,4056140.59,92,5,23,2
CLI-01380,67,5895380.6,4413713.3,16,2,116,1
CLI-01381,47,2084769.58,1160592.17,72,2,87,1
CLI-01382,55,7235719.38,2476045.48,51,2,15,1
CLI-01383,68,4461908.89,1746073.84,51,0,26,1
CLI-01384,21,4625434.39,1543079.91,68,3,3,1
CLI-01385,18,6155368.82,3536977.23,29,4,87,2
CLI-01386,25,6745817.94,2418278.01,82,1,20,1
CLI-01387,46,5830296.19,2115097.26,26,4,109,2
CLI-01388,56,6898604.98,5640137.61,36,3,40,1
CLI-01389,20,3944914.31,3076876.51,56,2,39,1
CLI-01390,49,5406051.65,2966017.42,11,5,72,1
CLI-01391,27,7367987.99,6205267.37,72,3,18,1
CLI-01392,27,9400140.59,2821006.54,71,2,41,2
CLI-01393,36,10178158.3,6490496.54,28,4,70,2
CLI-01394,63,6452548.7,4123407.67,26,2,27,1
CLI-01395,51,7348021.62,4053122.29,78,2,100,1
CLI-01396,50,9859474.16,5110376.3,48,3,15,2
CLI-01397,40,4024160.72,2215142.43,91,5,37,1
CLI-01398,45,6885339.68,3637030.86,80,2,58,1
CLI-01399,49,7190354.49,5045981.27,90,2,5,1
CLI-01400,67,8685295.16,3252169.6,48,2,103,2
CLI-01401,24,2998288.96,1225405.41,45,4,73,2
CLI-01402,46,3433307.28,1370868.19,49,4,7,2
CLI-01403,25,5547040.86,2464876.54,54,1,41,2
CLI-01404,18,6331000.86,3728276.58,13,1,84,2
CLI-01405,20,7970300.7,2878592.15,34,1,10,2
CLI-01406,41,6638596.31,5161462.91,78,0,62,2
CLI-01407,40,5166890.89,2395106.29,39,5,26,1
CLI-01408,25,6416215.18,2498447.84,85,0,68,2
CLI-01409,64,6162297.85,4138548.21,77,3,102,1
CLI-01410,54,9339036.15,2997339.98,97,4,24,2
CLI-01411,20,5864449.68,3759010.85,38,3,78,1
CLI-01412,68,4657216.49,3185578.63,82,1,41,1
CLI-01413,50,6489139.87,2713784.85,77,3,65,1
CLI-01414,45,5936667.7,1918020.03,60,2,17,1
CLI-01415,64,2043814.62,1021917.42,33,2,109,2
CLI-01416,25,5465565.46,1936049.91,23,1,24,1
CLI-01417,51,5278375.86,1921660.39,78,2,27,1
CLI-01418,52,4303481.9,1892859.3,27,3,7,1
CLI-01419,49,7778283.23,3597513.23,51,3,73,2
CLI-01420,41,3771504.89,2230783.62,66,3,107,1
CLI-01421,31,6502360.96,4376840.19,92,1,99,1
CLI-01422,49,5174714.6,3239495.62,21,5,12,1
CLI-01423,63,5736929.01,2189201.7,91,3,85,2
CLI-01424,60,6405929.84,2528083.03,26,2,3,1
CLI-01425,33,2623336.36,2054919.94,39,2,79,2
CLI-01426,21,5921653.96,3594999.25,97,5,85,1
CLI-01427,69,10535684.48,8201670.13,84,3,10,2
CLI-01428,54,2075120.64,1046588.3,32,4,33,0
CLI-01429,38,5373262.48,3427711.62,90,3,46,2
CLI-01430,31,7971126.51,4687140.99,10,5,59,2
CLI-01431,48,6163562.35,2930884.34,88,2,52,1
CLI-01432,65,7013527.29,3916728.54,41,7,6,1
CLI-01433,35,1400000.0,806917.98,18,4,2,0
CLI-01434,24,6816148.62,2797511.23,24,1,29,1
CLI-01435,27,3824285.95,1809865.14,37,1,119,1
CLI-01436,24,6181730.03,4545273.79,33,2,40,1
CLI-01437,50,5435243.59,4368215.76,69,2,97,1
CLI-01438,40,10512332.66,5233951.16,44,3,61,2
CLI-01439,38,6702729.71,3142472.64,95,3,68,1
CLI-01440,36,5252227.58,2139539.24,36,2,68,1
CLI-01441,65,2178675.93,1466619.59,92,3,29,1
CLI-01442,36,5766523.18,2754696.01,85,3,101,1
CLI-01443,53,7311103.53,6165177.59,29,2,62,2
CLI-01444,46,5322785.84,2550288.5,74,4,60,1
CLI-01445,35,4387556.01,2267378.49,94,2,84,2
CLI-01446,19,4240309.34,2679170.8,58,6,41,1
CLI-01447,18,6677311.16,4947395.86,10,8,87,2
CLI-01448,64,7170653.47,4002911.65,19,2,109,1
CLI-01449,22,8494662.25,4523074.82,56,5,82,2
CLI-01450,37,3311000.23,2806406.47,68,2,113,1
CLI-01451,28,6657150.63,2035566.95,71,5,89,1
CLI-01452,59,5232251.3,4145438.98,95,3,65,1
CLI-01453,19,5297084.75,2023631.8,27,2,118,1
CLI-01454,20,6384016.88,4674753.19,55,3,64,1
CLI-01455,40,6396843.76,4093099.53,41,1,79,1
CLI-01456,29,6663289.83,3251792.1,36,3,63,1
CLI-01457,37,3173563.38,2477382.67,27,0,98,2
CLI-01458,22,3850414.9,1182458.47,48,1,48,1
CLI-01459,54,8768910.21,3723979.55,58,2,20,2
CLI-01460,55,5014740.57,3067973.34,91,2,118,2
CLI-01461,47,6173231.68,3045553.0,53,0,37,1
CLI-01462,26,7820265.89,4971402.64,81,0,64,2
CLI-01463,51,6519574.76,2042325.94,63,3,91,1
CLI-01464,61,6702349.79,2440006.61,43,3,86,2
CLI-01465,52,7468070.89,2762461.32,80,1,115,1
CLI-01466,69,1400000.0,565748.41,45,3,5,1
CLI-01467,39,4422109.66,2443800.6,27,5,34,1
CLI-01468,61,6530932.75,4660935.9,47,4,39,0
CLI-01469,41,8552817.48,6825544.87,68,0,67,2
CLI-01470,34,5645410.23,4287434.41,18,1,81,1
CLI-01471,27,3641623.78,1486832.49,82,3,62,2
CLI-01472,47,3700210.69,2007855.7,81,3,88,2
CLI-01473,63,7444494.65,3049833.61,60,2,24,1
CLI-01474,40,5020898.12,2236606.76,44,7,3,1
CLI-01475,49,5484159.9,3164090.66,91,1,109,1
CLI-01476,34,6853066.43,2312635.55,14,4,71,1
CLI-01477,67,1400000.0,587994.23,23,2,89,0
CLI-01478,68,9900808.53,8063792.6,39,3,67,2
CLI-01479,34,3891637.56,2165166.89,13,1,79,1
CLI-01480,31,6032260.01,3287356.03,48,6,93,1
CLI-01481,26,1749666.57,538918.19,93,5,50,2
CLI-01482,57,4570409.56,1993017.86,73,2,29,1
CLI-01483,19,8238313.7,6396727.97,34,4,74,2
CLI-01484,62,1400000.0,546763.89,37,0,32,1
CLI-01485,42,7977640.19,4214736.63,85,3,87,2
CLI-01486,56,4897868.59,1507965.57,75,2,39,1
CLI-01487,26,6571761.77,3700457.29,87,4,9,2
CLI-01488,39,6946553.71,2164279.45,31,2,101,1
CLI-01489,60,6471127.3,4858426.95,40,3,116,1
CLI-01490,63,3597108.57,2711031.28,32,6,104,1
CLI-01491,21,4697991.88,3444841.09,57,2,14,1
CLI-01492,43,2284576.41,1041424.7,29,3,68,0
CLI-01493,46,6581951.93,5005445.9,47,2,64,1
CLI-01494,62,9244521.34,5534223.21,64,5,20,2
CLI-01495,51,1486230.05,751429.68,77,3,28,1
CLI-01496,40,3824379.01,2462638.03,88,3,14,1
CLI-01497,54,5100094.39,1564645.59,97,4,44,1
CLI-01498,28,5881351.13,2226847.05,98,3,98,2
CLI-01499,23,7434187.86,5265348.64,10,8,77,1
CLI-01500,35,5165160.04,2243171.59,16,4,95,1
