temperatura_c,presion_bar,flujo_l_min,rpm_motor,concentracion_reactivo,eficiencia_proceso
108.82,4.04,47.3,2023.8,0.304,61.59
176.95,7.13,62.36,3255.2,0.129,20.87
56.47,5.72,53.81,2884.0,0.924,70.51
73.48,11.36,43.64,3038.8,0.406,77.32
134.18,7.88,26.76,1954.9,0.861,23.6
67.73,3.16,33.23,1746.6,0.924,77.75
126.62,6.77,62.55,2176.2,0.869,34.24
123.81,10.56,26.81,1258.1,0.459,36.2
176.23,8.55,56.63,3405.0,0.751,20.0
164.84,10.35,54.23,2128.8,0.188,27.54
172.92,4.13,82.78,3572.5,0.135,28.68
64.77,10.83,14.56,3027.5,0.839,69.9
162.86,9.43,18.11,1393.2,0.078,20.0
66.78,9.15,47.96,2784.5,0.925,67.52
132.28,5.14,49.53,1850.0,0.655,41.1
143.61,10.82,12.99,1784.9,0.428,26.09
70.91,8.2,71.94,1815.8,0.177,65.82
132.25,10.44,47.1,3398.6,0.701,32.31
56.82,5.29,36.0,2400.0,0.557,79.82
88.12,3.03,33.91,2806.7,0.69,77.67
169.75,4.99,74.61,1874.3,0.426,32.27
72.33,6.28,24.75,2455.1,0.11,62.25
58.49,7.1,22.03,2040.2,0.333,67.2
107.68,6.86,25.99,1970.7,0.334,43.42
160.58,7.23,56.88,1792.7,0.058,20.0
59.97,10.34,70.82,2181.6,0.059,75.36
96.22,3.29,34.82,2784.1,0.348,69.81
166.97,4.82,23.01,1732.9,0.705,23.98
65.36,10.83,25.69,3517.1,0.612,70.6
90.39,7.38,56.44,1499.1,0.265,56.17
151.19,7.63,28.45,2352.5,0.592,20.0
120.62,6.52,75.8,1404.1,0.633,43.65
158.2,7.26,17.79,1254.4,0.52,20.0
64.51,3.58,12.43,3414.4,0.519,76.71
169.67,7.24,16.63,3144.9,0.383,20.0
171.54,11.97,73.42,2866.0,0.161,36.07
70.19,7.44,58.84,3276.5,0.397,68.34
54.4,1.97,81.83,3126.8,0.361,94.49
178.68,9.86,35.22,2753.4,0.583,24.95
112.69,5.66,25.95,3233.6,0.821,41.03
124.37,3.11,52.15,2137.9,0.388,57.84
130.07,10.56,50.34,2526.6,0.689,42.77
152.66,3.58,54.33,3063.1,0.781,38.28
155.56,11.17,36.07,1403.5,0.241,23.62
75.21,6.14,10.44,3260.7,0.861,52.45
80.76,9.3,12.63,1576.4,0.113,53.39
163.99,7.24,59.79,3274.9,0.862,20.0
156.54,4.19,49.24,1947.2,0.197,28.29
130.29,8.55,71.58,1984.3,0.353,38.17
179.31,11.56,32.53,1377.5,0.595,29.47
145.57,9.58,71.16,3326.2,0.865,24.7
78.06,7.84,41.91,1618.8,0.28,62.24
160.06,11.9,17.25,2712.1,0.737,29.05
103.92,4.29,83.34,2745.5,0.689,68.79
54.7,2.15,48.4,1874.8,0.194,89.57
91.78,1.84,57.21,3565.6,0.482,81.68
149.26,8.96,60.31,1354.0,0.483,20.0
174.83,10.22,37.18,2658.9,0.324,24.17
85.9,8.17,66.06,2350.9,0.752,65.92
82.05,11.0,75.27,1789.2,0.883,74.16
123.27,8.83,39.04,1592.5,0.695,37.02
155.52,5.4,59.28,2969.0,0.926,26.37
147.05,3.4,66.78,3399.2,0.095,39.15
122.79,11.21,24.26,1458.1,0.084,37.48
132.08,2.59,34.94,1665.6,0.854,45.3
81.47,7.2,18.16,3567.0,0.858,47.83
106.23,4.8,55.17,1236.1,0.146,47.51
83.2,4.35,70.07,2419.8,0.372,77.16
164.97,8.28,55.81,2438.7,0.802,24.01
64.63,3.93,23.48,1831.6,0.166,74.72
138.37,11.12,50.98,2791.3,0.291,40.8
83.84,5.76,72.62,3467.9,0.663,63.76
111.83,8.61,32.7,2280.5,0.934,37.22
88.92,9.14,72.45,2998.6,0.767,67.3
92.02,8.67,68.85,2750.6,0.75,62.5
83.85,10.99,11.63,2335.1,0.358,67.21
147.86,3.93,27.96,1319.5,0.645,28.07
97.54,2.4,50.72,2980.2,0.152,72.33
144.43,2.08,63.82,2071.8,0.943,47.99
109.29,10.72,76.04,1738.8,0.483,56.98
121.14,11.72,58.08,3475.8,0.625,49.37
120.63,4.68,38.53,3056.4,0.839,45.13
176.86,8.78,23.85,3509.4,0.051,20.0
97.72,1.59,67.0,1814.9,0.928,80.91
77.0,3.48,25.51,3205.9,0.373,79.24
168.53,8.74,62.16,2658.5,0.356,24.38
72.73,2.19,23.59,3555.6,0.181,79.01
158.47,6.42,16.83,3471.2,0.822,20.0
69.53,8.46,28.83,3535.1,0.834,56.01
135.63,9.54,31.37,3484.2,0.068,20.9
69.57,6.27,58.54,1218.4,0.1,65.03
170.0,8.12,22.07,2978.6,0.877,20.0
123.45,7.17,79.77,1852.6,0.161,41.18
92.81,2.05,51.58,2892.1,0.609,83.75
68.24,9.3,46.82,3553.5,0.608,62.46
98.25,3.31,42.6,1294.5,0.833,66.12
141.65,1.83,52.5,2560.8,0.565,51.98
100.04,6.24,11.68,2963.9,0.441,47.91
81.99,10.59,84.26,1808.1,0.927,75.3
125.06,3.08,51.81,1740.3,0.256,49.9
104.32,1.64,12.64,1344.8,0.286,65.57
71.55,2.65,54.25,1425.4,0.126,80.99
70.02,5.32,42.78,2776.2,0.928,71.15
141.97,7.59,11.8,2412.5,0.686,22.1
176.71,3.53,79.33,1272.2,0.061,33.17
80.3,9.92,10.79,3527.2,0.684,53.7
150.51,9.41,53.34,2774.5,0.414,27.34
61.39,8.81,82.13,2437.1,0.921,72.02
99.6,6.62,27.82,1854.5,0.3,44.01
115.87,5.33,29.06,2779.4,0.689,44.24
84.94,5.44,10.03,2074.0,0.615,62.25
118.85,6.78,14.98,2886.0,0.061,27.78
164.74,2.31,13.37,2838.2,0.847,34.92
172.78,8.66,71.7,1422.6,0.176,22.94
63.07,5.19,72.76,3382.2,0.647,77.75
85.34,3.86,64.5,2368.7,0.748,79.55
177.29,4.42,36.46,2143.1,0.618,32.58
85.15,3.39,71.59,3493.1,0.137,75.56
140.05,10.97,50.48,2251.7,0.928,32.47
82.95,3.27,32.82,2930.9,0.263,81.54
96.33,10.77,42.8,2772.3,0.615,63.88
74.87,7.51,14.93,1596.3,0.767,55.58
161.32,10.61,80.87,3578.7,0.895,28.85
164.74,6.48,56.43,2312.7,0.594,28.42
88.6,11.24,64.84,2147.5,0.283,76.41
157.07,3.72,60.74,3407.1,0.803,32.17
96.57,7.32,60.08,2470.2,0.197,63.23
62.87,2.82,11.29,2892.2,0.07,74.87
148.55,6.2,49.4,3231.0,0.867,20.0
127.54,7.48,71.63,1765.2,0.568,38.76
85.67,7.86,13.34,1606.7,0.113,47.62
82.89,5.34,81.71,1364.4,0.572,66.57
176.83,2.3,41.81,3353.1,0.181,38.42
162.13,8.38,31.74,1680.9,0.078,20.0
155.27,6.63,49.89,1938.6,0.155,20.13
66.64,2.94,70.09,1885.9,0.748,93.52
148.17,11.33,45.61,1931.0,0.73,32.86
77.89,11.53,58.38,2803.3,0.594,81.11
177.06,10.49,47.49,3489.9,0.238,26.38
56.77,10.36,57.35,1990.7,0.715,81.04
95.78,2.54,20.35,2178.4,0.417,73.37
105.72,11.93,12.9,3050.8,0.51,58.24
157.15,5.7,20.27,2237.6,0.858,20.59
149.61,3.21,31.44,3422.5,0.462,32.76
98.75,10.03,29.0,2407.7,0.614,56.93
123.52,3.87,56.14,2034.6,0.916,49.16
158.63,7.02,44.19,3531.8,0.456,20.0
52.37,2.84,12.91,2221.9,0.555,83.7
154.28,6.48,12.61,1754.8,0.576,20.0
173.1,7.36,16.79,1626.5,0.267,20.0
54.17,6.18,36.48,3588.4,0.713,65.42
55.93,2.23,10.46,3007.2,0.704,83.85
94.79,6.59,47.05,2180.8,0.242,55.68
61.41,6.42,37.05,3183.3,0.062,63.36
112.31,4.25,51.66,2512.3,0.949,50.78
144.73,11.18,64.06,1961.7,0.573,35.61
123.7,5.89,28.82,2984.1,0.213,36.53
75.54,10.57,21.78,2990.1,0.305,66.21
135.13,2.65,30.85,2400.4,0.606,45.69
139.03,4.85,10.13,1308.4,0.174,20.0
171.22,3.35,19.0,1384.9,0.084,24.52
69.08,5.79,66.31,3093.0,0.769,77.97
140.0,2.67,26.71,3176.3,0.694,41.64
168.49,6.13,84.57,2827.9,0.329,32.63
115.2,5.22,22.59,3213.8,0.103,36.88
97.03,3.84,69.16,2926.8,0.488,74.92
72.2,8.24,62.88,3352.6,0.299,66.02
162.68,11.48,34.16,1561.0,0.408,30.26
101.25,3.67,34.81,2130.6,0.297,62.69
170.23,8.97,52.27,2313.9,0.208,22.31
160.21,9.29,73.93,1914.4,0.398,28.83
98.96,6.73,38.96,2940.9,0.918,48.78
124.61,10.93,14.59,3389.9,0.29,30.63
53.53,11.65,38.08,2190.0,0.352,82.23
84.22,5.3,25.55,3459.7,0.346,61.71
142.34,8.34,80.44,2440.2,0.482,34.45
138.13,8.45,62.3,2454.0,0.809,33.82
95.94,5.74,13.81,2640.5,0.412,53.22
155.12,4.83,31.97,1844.0,0.776,20.8
80.66,11.3,13.77,2120.1,0.154,65.82
109.97,9.79,72.25,2527.8,0.855,45.71
111.43,2.7,77.97,3460.8,0.217,67.83
94.31,2.76,18.42,2742.5,0.085,68.0
174.11,11.19,43.02,1999.5,0.193,30.78
140.57,2.35,79.89,1225.1,0.222,50.29
120.1,8.73,20.89,3556.0,0.508,31.36
116.37,3.88,31.89,2383.2,0.455,48.06
70.71,1.87,32.82,3452.4,0.694,80.8
98.38,2.13,12.25,2518.4,0.096,66.1
137.46,5.42,12.72,2653.1,0.498,27.83
170.19,2.31,81.46,2908.6,0.349,51.61
156.14,7.76,52.83,1970.3,0.618,22.83
89.05,8.3,33.0,2877.6,0.089,52.63
106.41,5.42,38.4,2464.3,0.081,45.08
60.78,9.3,63.61,2814.0,0.435,74.35
63.28,6.65,37.49,3206.0,0.78,64.61
111.13,6.02,27.08,1642.1,0.654,41.99
118.93,5.77,17.64,2672.5,0.065,32.29
84.32,6.03,64.67,1325.1,0.211,63.33
133.56,11.66,23.54,1445.1,0.254,31.66
141.44,8.65,15.22,2819.0,0.431,20.0
88.89,4.81,42.02,1370.3,0.578,65.65
148.6,9.21,12.97,2628.9,0.245,20.0
76.73,4.97,82.37,1728.0,0.394,79.71
120.75,2.82,57.05,1929.8,0.576,60.59
154.56,6.49,21.45,1511.1,0.395,20.0
119.81,9.39,22.93,1796.8,0.179,32.12
168.04,5.47,52.74,3171.1,0.492,25.25
57.61,10.63,36.74,2733.3,0.342,75.87
126.48,5.56,68.07,3479.4,0.828,37.3
123.03,5.17,50.94,1317.0,0.748,39.37
135.85,11.98,42.5,3101.8,0.221,37.27
158.34,6.57,82.22,2877.8,0.187,31.74
144.36,9.95,39.3,1826.1,0.363,25.98
152.74,9.95,40.05,2950.0,0.421,26.47
87.55,11.23,59.93,2919.7,0.889,67.56
100.37,2.39,70.71,2302.4,0.321,84.7
131.48,4.35,56.97,2852.7,0.831,43.99
121.95,9.56,62.4,2267.0,0.505,45.81
174.94,7.41,37.97,2005.3,0.847,20.0
74.29,7.38,45.96,2319.6,0.682,62.63
95.67,3.25,24.78,3348.3,0.688,70.03
124.46,4.45,61.02,2123.0,0.517,53.25
162.84,6.97,26.61,2168.9,0.806,20.0
170.82,4.41,10.09,2660.2,0.279,26.38
93.68,3.71,80.03,3007.2,0.867,71.87
58.72,2.42,32.95,2963.1,0.623,85.64
104.81,3.14,24.75,1247.5,0.445,59.09
101.26,9.57,30.11,2849.8,0.934,44.42
178.24,9.05,34.78,2281.3,0.826,20.0
106.04,1.98,45.59,2457.8,0.745,73.0
89.74,3.63,15.2,2548.0,0.297,66.62
97.5,7.38,13.95,2956.1,0.926,42.06
101.6,4.89,31.97,3195.2,0.719,51.83
156.8,10.14,32.18,2751.0,0.595,27.12
60.53,9.74,18.82,2553.4,0.88,65.34
91.15,10.86,40.36,2097.0,0.196,66.06
175.62,7.41,31.3,1530.9,0.175,20.0
69.9,5.2,11.95,3500.6,0.557,65.68
146.54,7.86,76.43,2308.4,0.101,30.09
96.33,2.44,76.45,2558.9,0.648,85.22
125.63,1.6,25.69,3002.6,0.267,56.7
62.94,1.68,22.22,1364.2,0.157,83.55
89.83,5.78,51.05,3252.0,0.419,63.29
115.11,3.89,57.31,3112.9,0.469,61.92
80.12,3.15,81.82,3058.6,0.203,93.07
120.44,7.96,38.3,1252.8,0.087,26.9
78.57,11.95,56.37,2463.6,0.423,81.56
134.51,3.37,75.86,1330.2,0.734,49.07
167.57,7.24,43.75,2522.1,0.837,20.0
61.11,2.76,19.18,2924.3,0.138,80.85
78.16,11.31,38.31,1492.4,0.522,71.65
159.77,4.56,20.24,2867.7,0.287,30.69
132.1,10.72,11.25,2278.9,0.387,36.92
60.23,4.47,66.37,3147.7,0.89,82.94
113.23,9.96,27.88,2480.6,0.367,47.26
77.27,3.7,10.15,2006.7,0.379,72.51
75.88,4.57,75.43,1996.8,0.238,82.14
172.28,3.52,43.28,3354.0,0.914,34.03
149.0,4.27,27.91,2286.9,0.461,34.56
140.51,10.27,29.71,2173.8,0.563,32.94
81.06,8.21,28.04,1295.7,0.458,51.46
65.41,5.76,24.59,2074.4,0.278,71.06
163.21,11.7,73.09,3239.1,0.779,33.17
50.76,6.38,22.77,3026.4,0.076,61.49
100.45,11.68,52.14,1730.2,0.671,69.47
86.09,3.56,15.8,2191.3,0.585,74.02
124.15,11.0,81.21,1671.8,0.18,50.57
82.57,1.65,55.25,3490.1,0.199,83.93
90.46,7.23,77.74,2635.5,0.643,61.03
160.51,5.94,39.84,3010.5,0.331,20.0
128.41,7.01,70.8,2913.1,0.289,38.97
68.94,7.31,74.02,3296.9,0.103,67.79
144.44,5.58,62.72,3478.4,0.74,31.59
76.97,11.98,16.97,1277.9,0.844,67.78
106.29,11.75,11.21,3540.7,0.788,45.96
134.06,11.6,22.64,3289.3,0.469,36.0
85.35,11.78,18.86,2119.1,0.531,74.5
99.93,9.83,64.39,3209.0,0.268,52.59
145.44,11.88,51.78,2967.7,0.206,38.88
171.93,10.87,49.45,3103.5,0.791,24.38
118.8,5.87,28.97,1729.7,0.769,37.53
51.3,9.74,21.6,2756.6,0.75,70.06
94.0,11.08,25.49,1262.2,0.467,59.31
101.82,8.98,40.02,3235.7,0.828,49.39
94.09,5.94,65.51,3482.5,0.884,56.09
106.71,2.19,29.09,2789.1,0.346,70.04
132.25,10.0,62.4,2430.4,0.252,39.84
65.75,11.5,46.86,2941.8,0.468,80.12
85.44,5.31,76.41,1983.3,0.211,72.35
115.99,3.1,27.47,2703.3,0.846,48.41
91.02,4.93,43.81,2925.5,0.354,67.21
178.84,7.62,17.25,1542.4,0.569,20.0
106.09,4.83,35.14,1536.2,0.585,55.17
163.07,7.91,48.02,2918.7,0.513,24.92
166.55,11.65,64.96,2236.3,0.191,37.99
158.68,8.54,24.86,3334.1,0.942,20.0
56.1,5.31,26.36,1948.7,0.205,74.28
173.21,11.33,57.37,1301.8,0.726,28.3
66.74,7.44,38.68,2759.7,0.762,63.15
54.47,2.85,46.16,2842.2,0.181,88.75
103.87,6.74,72.71,2528.6,0.89,51.29
75.3,8.36,47.43,2840.0,0.489,67.42
73.95,10.3,58.94,2457.0,0.616,77.56
87.42,11.33,59.26,2862.3,0.628,73.93
82.29,4.83,70.27,1305.4,0.504,71.23
139.02,3.13,57.86,2084.2,0.178,41.3
74.28,2.28,14.86,1706.0,0.727,81.6
120.61,9.25,35.66,1438.4,0.574,33.55
178.24,9.85,84.2,1761.8,0.157,29.17
106.21,5.8,24.74,1659.1,0.68,48.02
133.44,5.66,54.0,3535.5,0.682,35.65
176.02,11.52,73.22,1887.7,0.544,39.56
67.89,11.13,53.99,1754.3,0.131,77.53
104.42,3.95,37.92,3203.7,0.367,60.77
160.53,9.7,16.02,2205.9,0.096,20.0
171.2,8.04,37.12,2211.5,0.48,20.0
128.16,3.12,23.66,2264.6,0.866,43.11
68.64,5.25,82.06,2199.7,0.052,76.2
167.19,3.36,63.63,1983.8,0.29,35.77
72.68,4.6,66.2,1887.2,0.77,80.01
95.87,7.96,42.7,3316.7,0.059,43.17
98.82,5.44,18.25,1588.1,0.059,46.94
108.15,5.64,30.0,1634.5,0.6,41.1
152.72,7.17,29.48,2572.1,0.76,20.0
154.28,2.42,46.51,2024.8,0.749,43.27
143.56,9.26,44.57,2211.7,0.752,24.8
52.88,5.72,42.51,3135.7,0.375,75.43
123.43,6.54,47.2,3368.7,0.844,29.3
147.17,11.73,84.03,3097.3,0.062,39.71
107.8,5.12,32.38,1763.8,0.331,49.19
172.84,8.31,56.15,3551.9,0.353,21.48
157.1,5.62,27.96,2071.6,0.199,20.71
132.96,10.89,45.0,1605.8,0.353,38.88
58.12,10.39,25.0,2398.8,0.577,75.83
134.81,4.04,51.86,2940.7,0.518,47.31
168.51,8.76,29.88,1399.9,0.337,20.0
99.33,2.18,12.76,2722.3,0.724,66.83
158.96,11.61,71.15,3259.4,0.693,37.38
90.71,5.16,19.62,1828.3,0.303,60.25
124.11,10.23,37.6,2863.5,0.341,32.06
134.3,4.84,45.79,2159.8,0.309,34.7
138.14,8.14,42.44,2193.9,0.166,26.27
164.73,11.83,64.42,1874.0,0.728,41.28
80.5,10.71,54.76,2698.5,0.092,70.19
84.11,3.18,32.15,2066.4,0.186,78.65
141.53,7.25,13.88,3194.2,0.145,20.0
73.04,5.16,67.57,3511.0,0.793,72.01
110.36,6.06,36.44,3444.2,0.09,37.34
52.6,5.02,76.73,1591.5,0.648,82.72
68.33,5.03,39.63,1234.1,0.09,66.37
138.25,7.2,63.82,2252.3,0.758,29.59
147.17,3.52,80.47,2949.3,0.871,46.67
64.99,7.14,58.84,3545.9,0.488,64.78
79.6,4.43,41.01,3080.2,0.774,76.46
62.86,4.53,52.55,2593.3,0.686,82.01
106.34,9.26,50.76,1263.2,0.766,43.81
66.4,1.81,53.86,3181.3,0.74,91.84
106.85,5.5,21.01,1625.1,0.235,46.0
145.17,5.78,62.39,1333.5,0.5,27.1
138.84,6.59,20.88,3240.9,0.914,20.0
86.46,8.52,11.1,2559.0,0.359,56.62
137.59,5.38,56.86,1508.5,0.923,31.43
170.6,3.74,18.77,2127.7,0.575,29.57
95.18,10.79,67.78,1405.3,0.465,67.6
92.79,11.8,74.95,2731.2,0.642,81.35
124.29,1.71,80.86,1877.8,0.784,62.14
81.92,7.24,59.84,3278.6,0.405,61.63
134.71,5.09,46.15,2058.7,0.08,35.95
158.19,4.41,36.42,2387.1,0.688,32.25
109.71,5.02,46.82,1352.5,0.911,49.39
138.34,8.21,24.28,1861.4,0.612,22.11
134.75,3.5,36.13,2824.2,0.22,41.42
55.03,11.09,63.84,2967.0,0.273,86.4
73.84,6.39,26.31,1782.8,0.869,58.63
166.16,4.92,29.81,2409.2,0.062,21.32
172.06,9.54,66.2,3162.1,0.544,27.97
151.46,1.67,23.34,2111.8,0.193,44.17
169.76,6.03,28.44,1521.1,0.304,20.0
89.8,5.23,11.32,2236.5,0.326,60.52
82.2,5.05,64.0,2641.5,0.247,73.66
99.96,5.04,56.34,1217.8,0.763,51.08
57.19,1.83,62.08,2036.6,0.349,98.5
155.28,3.1,26.07,2657.8,0.361,33.55
177.94,2.99,61.55,3484.6,0.458,39.43
157.12,11.88,54.73,2180.5,0.862,32.48
122.15,1.73,37.46,1591.1,0.669,60.8
88.39,3.25,42.84,2482.1,0.106,75.55
75.7,11.73,52.59,1885.8,0.085,80.82
97.33,8.1,47.0,1715.5,0.56,51.04
136.71,6.23,58.14,2617.0,0.848,31.31
108.12,2.33,23.57,3398.1,0.341,58.99
171.43,8.53,50.55,3204.5,0.273,20.0
161.05,2.95,43.77,1637.5,0.723,36.74
63.31,8.55,44.58,3038.1,0.592,73.93
67.1,11.78,45.2,1751.7,0.559,83.76
137.91,7.09,76.11,1897.7,0.184,30.94
80.0,3.75,71.4,3408.1,0.208,81.8
152.83,8.07,57.22,3386.5,0.304,21.14
126.88,6.89,63.74,1604.7,0.236,34.35
79.88,7.1,13.21,1354.1,0.924,50.58
112.23,6.52,65.8,1903.5,0.067,43.49
102.79,8.57,46.46,2596.3,0.613,59.38
163.51,7.51,33.83,3304.5,0.516,20.0
54.18,11.86,20.48,1485.2,0.341,76.13
166.46,10.17,15.64,2195.9,0.849,20.0
134.77,4.28,13.37,1852.2,0.653,35.96
145.88,9.12,22.13,1235.8,0.949,20.0
50.34,3.75,12.26,3092.3,0.202,77.02
131.67,9.71,64.95,3151.9,0.129,30.94
126.5,3.05,28.65,1730.9,0.175,45.52
119.84,6.47,37.66,1563.0,0.292,39.65
152.16,9.8,71.7,1546.9,0.425,29.52
122.26,4.44,18.6,2313.5,0.826,39.56
161.42,10.29,72.67,1791.6,0.305,30.39
80.24,8.26,57.97,2427.3,0.874,62.53
154.78,5.67,35.65,2123.6,0.467,27.86
73.31,5.95,18.84,1706.1,0.632,62.74
155.71,11.22,16.86,3002.9,0.288,25.36
172.26,3.79,35.16,1560.9,0.19,27.87
93.64,8.78,20.53,3117.4,0.833,53.49
118.89,8.93,30.08,2547.5,0.149,36.32
135.58,11.19,13.97,3196.9,0.747,31.52
60.33,8.99,54.63,1211.4,0.573,69.17
114.23,7.64,20.9,2998.1,0.825,32.75
96.88,10.98,66.75,1323.6,0.696,67.09
163.42,10.21,26.36,3480.2,0.303,20.0
163.97,9.03,69.85,2886.6,0.567,31.21
141.1,1.84,24.24,1968.4,0.062,41.53
135.24,5.42,64.1,1967.6,0.478,41.18
145.38,8.13,34.98,3267.6,0.127,20.0
97.58,6.98,53.73,3366.8,0.436,53.68
102.59,4.85,12.9,3339.8,0.149,42.58
121.98,3.02,47.14,3141.0,0.91,48.61
171.94,7.31,21.15,3165.7,0.521,20.0
144.12,4.5,46.47,2574.6,0.872,30.14
121.63,3.95,20.6,1267.8,0.07,38.6
150.15,5.69,42.78,1408.3,0.624,29.66
98.22,9.75,18.3,2758.9,0.326,53.32
144.96,6.62,26.5,2162.8,0.439,28.47
103.39,3.77,54.63,2561.5,0.836,67.23
86.36,2.73,83.25,1754.6,0.932,84.66
129.26,6.74,43.69,2758.6,0.272,33.33
139.29,9.84,61.54,1782.8,0.903,28.48
109.71,8.35,50.46,2306.0,0.67,46.64
123.52,3.94,47.38,2348.9,0.906,46.19
140.23,6.09,14.85,1626.4,0.556,23.01
149.8,10.48,20.82,3302.9,0.915,22.77
166.42,3.37,76.23,2462.0,0.853,45.91
96.09,7.09,40.76,3280.3,0.166,49.29
173.69,5.24,56.07,1830.1,0.33,31.01
132.85,2.8,49.62,1613.6,0.269,48.82
152.4,2.02,38.42,1243.2,0.565,43.85
140.97,7.34,39.09,1425.3,0.773,20.0
76.72,1.72,51.66,1553.9,0.733,94.37
59.29,2.59,20.59,1389.3,0.704,81.37
144.42,5.15,39.04,3352.5,0.388,26.56
116.44,1.96,43.52,3387.5,0.176,56.15
141.29,5.7,83.88,3449.7,0.24,32.82
111.99,2.87,36.36,3503.7,0.718,55.27
90.59,5.17,58.34,2380.4,0.183,70.02
87.05,9.81,20.31,2472.1,0.251,60.92
144.97,8.08,14.91,1514.0,0.432,20.0
85.98,6.18,75.37,1528.9,0.115,61.21
142.91,2.46,64.81,3054.6,0.241,47.78
99.91,8.0,33.81,3253.7,0.185,42.37
150.22,3.22,47.84,3083.3,0.906,35.45
68.57,2.3,20.18,3203.0,0.222,81.11
76.65,8.47,63.04,1863.8,0.826,69.23
139.17,11.08,15.27,2318.6,0.153,27.97
122.83,6.34,66.78,2302.1,0.833,42.62
76.5,1.93,51.01,3588.7,0.589,88.02
167.37,10.74,30.91,3478.0,0.815,20.0
85.87,2.2,74.69,2636.4,0.831,91.08
104.74,10.61,83.96,1531.1,0.587,57.96
76.3,5.61,29.08,1820.6,0.876,61.44
100.44,5.34,70.47,2073.0,0.577,66.24
113.91,7.2,66.26,3295.7,0.691,43.65
88.38,11.55,66.04,1609.5,0.424,74.63
149.98,10.94,81.79,1727.4,0.873,30.25
101.21,6.44,46.5,2038.5,0.792,54.53
144.84,8.81,60.56,3424.6,0.2,22.83
76.92,7.59,71.79,2409.1,0.569,69.9
99.01,8.78,45.97,2752.4,0.857,48.55
51.05,10.21,46.11,2129.3,0.764,77.85
148.62,1.86,33.9,1652.5,0.916,40.73
131.37,4.92,68.56,1734.7,0.258,38.68
156.32,11.57,61.46,3126.4,0.381,34.41
109.23,11.47,43.84,3344.4,0.506,60.35
153.97,1.62,41.45,2383.4,0.259,49.74
134.19,3.62,15.44,2056.8,0.405,40.64
50.47,11.93,10.49,3138.8,0.534,77.6
82.98,6.67,49.67,2815.4,0.222,57.87
114.21,7.52,41.31,1298.1,0.281,38.63
130.43,3.25,69.7,2041.8,0.162,51.47
58.53,10.89,50.7,2837.2,0.692,78.2
141.66,3.93,80.25,2576.8,0.375,50.12
120.66,3.49,24.71,3547.4,0.248,42.46
118.35,3.9,84.26,3278.7,0.507,55.18
87.97,11.16,32.34,1343.4,0.111,60.86
127.33,8.88,58.18,2941.8,0.881,28.86
53.57,9.57,47.64,2007.2,0.315,73.46
58.41,5.46,36.97,2837.0,0.848,72.36
145.4,11.05,20.45,2681.3,0.498,29.95
91.85,9.79,20.11,2407.3,0.815,54.5
95.11,9.38,63.36,3247.1,0.272,61.91
77.09,11.69,38.32,2900.9,0.208,79.92
107.93,5.35,82.1,3334.9,0.814,52.67
56.76,7.92,34.42,1875.8,0.242,64.49
89.05,11.05,83.76,2035.5,0.722,75.53
118.53,9.8,25.41,2692.7,0.36,39.76
110.53,7.42,17.71,3519.5,0.723,32.89
179.96,2.3,33.44,2091.8,0.867,45.32
100.54,8.35,76.42,1277.5,0.933,47.33
100.31,7.03,49.14,2270.1,0.374,51.8
115.47,3.43,20.17,2505.4,0.381,53.6
74.74,10.76,25.19,3122.4,0.933,65.41
163.92,5.1,33.34,2948.6,0.825,22.05
124.39,5.57,54.26,3515.2,0.091,33.71
74.97,8.56,34.93,3078.4,0.566,63.07
153.15,6.63,66.03,1916.7,0.213,27.04
54.46,2.44,56.22,2739.3,0.945,90.43
177.73,5.57,75.54,2813.4,0.175,28.04
162.47,2.49,47.57,3595.2,0.553,37.13
125.35,3.5,34.84,1533.0,0.649,52.46
64.47,1.58,84.72,1659.2,0.893,98.5
77.99,3.4,36.67,1573.2,0.813,73.49
86.33,4.97,42.15,2613.7,0.271,73.12
81.33,7.15,70.68,1524.7,0.565,66.85
114.68,11.15,16.65,2774.4,0.908,41.81
172.79,7.17,38.99,3129.1,0.712,20.0
107.74,8.91,16.43,2238.7,0.67,42.83
136.0,5.26,20.45,2545.6,0.729,33.08
139.52,9.39,10.35,3390.5,0.34,20.0
163.31,8.01,10.72,2567.0,0.706,20.0
54.4,6.33,38.52,1700.7,0.26,71.76
102.56,3.53,70.69,2023.7,0.435,72.39
152.02,4.69,54.03,2471.6,0.851,32.53
155.93,8.02,57.62,1571.8,0.067,20.0
170.55,5.97,48.94,2670.0,0.423,26.45
141.36,10.84,71.48,3598.2,0.29,34.48
81.87,3.97,76.03,2766.1,0.229,80.84
115.74,2.27,73.73,2093.8,0.805,71.57
54.2,7.69,70.91,1996.2,0.677,73.57
134.1,10.8,23.7,3435.8,0.151,27.74
122.06,5.33,54.54,3291.6,0.495,43.5
136.69,8.3,53.66,2333.7,0.47,29.41
170.92,3.93,49.6,2048.2,0.178,38.1
139.35,7.36,46.06,2905.1,0.77,29.22
91.66,9.76,16.69,1954.8,0.38,53.75
75.84,10.6,17.66,1486.6,0.736,66.08
161.1,2.6,77.67,1944.4,0.223,47.11
75.26,5.24,57.26,2242.3,0.334,74.7
71.01,8.22,29.67,1813.0,0.136,61.23
76.86,1.86,30.95,1720.4,0.179,86.66
116.15,8.75,55.76,1214.7,0.845,35.02
66.14,7.04,40.52,2714.0,0.148,65.01
171.96,4.53,43.1,2674.7,0.136,32.01
175.61,10.05,14.55,1651.3,0.896,20.0
176.59,4.55,20.41,3464.8,0.631,21.39
55.09,11.91,39.5,2183.0,0.141,82.29
173.01,10.07,62.48,1261.2,0.925,20.0
179.66,8.93,13.6,1727.5,0.182,20.0
172.52,2.14,35.09,2861.0,0.74,45.45
137.22,11.0,62.13,1683.9,0.081,35.88
141.16,9.8,69.4,1329.4,0.612,27.53
65.89,3.9,24.27,2682.5,0.542,84.87
163.66,5.62,64.86,2444.1,0.237,34.09
57.75,4.32,81.66,3027.0,0.629,87.86
91.3,11.84,78.01,3054.3,0.605,79.77
178.85,10.47,69.2,3503.8,0.769,29.56
104.9,11.27,63.42,1336.8,0.838,58.61
67.05,9.78,27.64,1293.6,0.509,64.8
176.01,6.29,57.54,3569.3,0.491,25.74
177.94,3.66,58.25,2747.6,0.609,37.59
74.32,3.68,40.51,2916.9,0.706,76.84
162.42,3.09,46.98,1431.6,0.371,36.64
100.76,7.24,62.05,1367.6,0.504,55.89
99.58,11.16,81.41,1584.6,0.577,71.8
84.15,11.91,32.15,2225.3,0.94,66.85
55.81,4.52,28.48,1464.4,0.579,82.23
84.84,8.82,55.14,2271.2,0.252,65.53
56.99,7.77,19.81,2547.7,0.579,63.25
170.17,6.63,53.69,1200.8,0.788,20.0
136.02,8.49,16.66,1474.2,0.822,20.0
165.26,5.4,46.79,2100.5,0.77,29.02
143.25,11.42,56.53,1328.0,0.849,31.7
67.07,8.91,15.26,1520.5,0.351,62.16
172.28,9.42,25.52,1756.3,0.507,20.0
166.99,4.05,35.15,2231.0,0.752,31.66
95.25,3.27,37.64,2915.6,0.288,73.26
64.5,5.64,60.71,1518.5,0.384,78.54
141.54,9.55,49.68,2971.1,0.798,24.0
144.69,11.36,38.66,3252.1,0.743,30.78
166.59,5.99,43.8,2763.5,0.924,20.0
56.85,9.63,10.97,1304.9,0.946,53.79
68.42,6.44,67.79,2257.6,0.267,72.19
127.77,4.6,13.08,2784.2,0.86,34.37
130.49,9.26,72.2,3548.4,0.135,27.15
54.37,9.88,50.57,3484.3,0.689,67.56
101.6,3.63,49.59,2149.7,0.248,67.44
125.94,4.7,62.84,2678.2,0.32,45.65
145.93,6.7,74.47,3338.0,0.902,24.6
91.1,3.46,80.7,3194.5,0.287,78.54
112.91,11.25,50.75,2350.6,0.656,53.67
155.83,7.71,21.3,1827.0,0.21,20.0
174.01,2.77,75.9,1529.0,0.134,37.06
79.94,3.43,13.05,2371.2,0.355,78.47
82.9,11.52,70.55,2934.8,0.612,81.57
172.18,9.25,61.03,3527.4,0.273,20.0
101.47,9.21,77.85,3268.4,0.32,54.22
143.39,2.26,77.31,1690.2,0.688,57.57
129.59,10.9,13.99,2927.5,0.143,36.91
87.13,6.16,55.71,1893.8,0.452,65.05
134.96,8.43,19.35,2840.3,0.898,20.0
135.22,11.58,15.89,2797.9,0.407,39.7
127.02,2.55,43.62,1853.8,0.441,55.15
62.96,6.56,17.32,1762.5,0.714,65.32
179.37,2.02,64.59,1449.5,0.751,47.86
102.05,6.75,82.67,1321.3,0.743,53.59
132.97,4.15,52.72,3260.3,0.948,37.12
165.15,11.07,27.64,1319.6,0.114,20.0
105.03,5.68,73.24,1413.0,0.934,47.72
150.61,8.16,73.98,1773.2,0.905,20.88
176.34,10.53,64.96,3330.4,0.817,27.85
96.66,11.83,56.13,1999.1,0.459,71.29
102.69,6.79,75.08,1660.3,0.834,59.88
167.72,6.29,22.25,2917.3,0.249,20.0
70.75,2.3,79.87,1965.8,0.762,92.73
53.72,1.63,81.04,2000.1,0.217,95.36
168.16,7.89,75.4,2973.5,0.784,25.68
156.81,2.19,28.8,1804.0,0.603,41.8
176.44,5.49,74.36,3352.2,0.138,30.05
57.57,1.54,47.32,2547.4,0.856,93.63
70.3,7.96,54.62,2490.8,0.57,70.59
63.69,5.97,73.05,1835.4,0.641,78.92
138.84,2.83,12.22,3204.2,0.305,38.17
128.78,4.61,37.22,2574.6,0.834,38.98
96.71,7.48,71.18,1573.2,0.541,59.48
57.47,8.4,71.05,1695.1,0.429,72.28
133.16,6.35,73.65,2323.8,0.531,40.75
124.12,9.94,22.69,3071.1,0.683,38.45
64.68,2.68,62.94,3454.3,0.676,93.96
168.16,2.39,20.99,2792.4,0.372,34.69
75.86,1.96,68.88,2414.7,0.397,96.01
146.66,7.13,28.38,1801.8,0.556,20.98
165.06,8.92,65.34,2814.9,0.882,24.86
125.33,2.87,44.13,3557.4,0.721,49.21
82.09,8.21,83.97,2342.9,0.401,75.2
90.2,6.51,53.49,1589.1,0.353,58.09
165.15,11.87,57.44,1448.0,0.521,35.79
88.77,9.03,37.61,1846.2,0.833,56.91
147.0,8.4,65.09,2566.7,0.058,26.37
178.72,7.49,47.12,3472.3,0.689,20.0
179.98,11.97,11.35,1918.0,0.315,32.73
119.35,11.79,55.64,1932.9,0.238,56.05
157.45,7.15,72.28,2354.8,0.061,20.0
178.73,6.28,27.76,3404.5,0.857,20.0
98.71,6.35,26.58,2205.7,0.871,46.51
82.81,6.0,55.67,1735.8,0.105,61.57
64.85,7.08,71.35,1591.5,0.52,72.78
68.32,4.37,28.72,2296.8,0.187,70.16
160.96,11.23,79.92,3121.6,0.733,35.8
126.53,6.65,79.55,1899.2,0.649,39.84
163.58,10.34,25.04,2430.1,0.317,20.71
152.63,6.49,29.78,2647.2,0.155,20.0
137.59,9.04,62.54,2281.1,0.798,30.21
129.21,5.04,81.38,1660.1,0.657,46.64
56.28,8.06,63.24,3412.2,0.056,62.53
163.4,6.73,43.37,2557.1,0.615,21.72
104.32,5.35,22.68,2949.9,0.779,55.23
122.77,10.76,44.58,2726.5,0.582,47.31
52.85,2.68,55.51,3595.3,0.432,86.32
171.69,6.61,34.82,2295.1,0.576,24.61
167.36,3.54,48.27,2219.9,0.608,42.88
120.63,10.54,19.77,2064.3,0.626,42.27
125.05,4.16,43.91,2067.9,0.92,41.62
141.65,8.15,16.81,1861.8,0.211,20.0
84.41,3.24,13.68,3553.5,0.611,67.52
78.85,5.75,74.29,3289.9,0.219,73.82
137.62,10.94,25.38,1960.0,0.239,31.26
63.57,3.24,53.14,1932.5,0.652,88.94
109.03,8.46,21.17,1448.5,0.874,35.42
114.06,3.65,29.69,3304.9,0.193,53.79
99.57,5.87,37.1,2092.2,0.916,56.98
74.08,7.18,20.78,2574.3,0.337,62.69
96.19,7.56,13.45,3360.9,0.402,43.94
93.88,7.83,75.79,2179.4,0.188,58.53
114.9,8.22,10.89,3136.5,0.604,29.57
137.71,4.35,14.6,2232.7,0.587,32.18
175.87,5.71,70.38,2882.3,0.448,32.3
68.74,1.89,31.15,2234.8,0.478,95.21
163.49,9.57,64.21,2142.6,0.611,25.81
86.94,10.29,20.97,3577.7,0.575,58.41
126.88,3.59,27.8,2669.6,0.387,45.54
121.08,3.62,52.96,2081.7,0.846,51.21
122.4,1.94,84.15,1818.8,0.651,66.28
144.04,11.69,15.51,1295.4,0.235,29.5
99.62,9.98,40.04,2895.8,0.338,59.87
91.48,5.29,13.23,2093.2,0.759,55.66
160.87,6.56,24.94,3171.0,0.144,20.0
78.61,4.57,78.06,2073.3,0.725,83.34
73.43,7.77,17.23,2096.0,0.373,65.93
52.03,9.03,74.26,3070.0,0.547,80.62
77.38,6.2,23.34,2374.7,0.303,63.26
117.41,10.67,74.63,3323.7,0.938,45.23
120.01,6.93,50.35,2616.3,0.865,34.19
83.07,3.01,75.87,1777.5,0.886,83.01
59.4,8.03,21.38,2563.9,0.216,64.31
146.8,6.35,67.15,1209.6,0.808,20.0
148.54,11.32,61.05,1949.8,0.532,37.27
179.72,5.61,50.72,1699.1,0.687,27.52
167.0,5.73,70.79,2770.1,0.246,25.37
170.39,8.33,58.62,1526.5,0.691,21.07
153.77,7.03,75.78,1896.2,0.873,26.83
130.02,5.43,38.58,1995.1,0.291,37.46
66.71,11.89,54.24,1207.9,0.26,77.55
130.9,4.67,75.3,1312.2,0.144,42.28
57.27,4.41,26.11,1946.7,0.29,80.88
165.09,10.58,46.43,1733.7,0.532,28.38
112.64,1.54,82.06,1480.6,0.799,72.71
140.67,3.61,45.52,1570.0,0.301,38.07
56.79,7.7,28.96,3205.3,0.609,63.67
119.45,3.21,36.33,2840.0,0.482,59.04
89.16,11.85,76.38,2361.9,0.31,85.72
87.05,6.37,81.62,3381.3,0.509,65.74
100.66,7.77,81.26,1270.9,0.201,50.84
50.08,3.18,62.42,2027.8,0.626,91.35
110.67,4.54,48.22,3176.1,0.154,50.33
113.25,7.95,23.7,2707.9,0.708,34.98
162.21,7.27,19.24,3556.0,0.21,20.0
108.31,9.74,14.48,3466.8,0.948,30.73
97.26,4.33,11.33,1607.9,0.791,54.19
179.32,8.36,75.86,3532.8,0.359,22.9
124.26,4.56,70.68,3469.3,0.434,43.84
111.44,7.66,52.59,2096.7,0.283,43.2
114.47,7.85,84.9,3558.9,0.74,40.0
155.19,2.78,81.48,1286.0,0.393,47.6
94.29,7.26,59.13,2785.8,0.73,61.8
100.59,1.63,44.84,1838.8,0.067,70.83
148.26,6.76,21.41,1510.7,0.172,20.7
59.49,8.82,48.67,2586.1,0.378,70.19
162.47,2.26,21.83,1935.2,0.148,35.33
105.93,11.36,39.88,2800.4,0.591,61.0
125.57,6.32,80.7,2496.0,0.096,42.12
148.47,11.35,35.65,2142.2,0.824,30.52
84.59,2.63,21.46,1636.4,0.735,78.98
165.74,11.47,53.68,2643.0,0.245,37.15
177.3,2.65,55.18,3190.2,0.485,44.28
114.26,6.35,24.54,2640.0,0.457,41.27
171.8,11.35,24.74,2665.3,0.702,27.24
50.15,3.94,84.22,2428.4,0.411,91.17
166.25,1.87,28.25,2131.8,0.08,36.52
90.44,9.83,72.86,2297.9,0.296,69.81
90.49,7.76,45.27,3574.9,0.47,52.83
79.65,6.9,42.62,2999.2,0.927,58.28
91.21,1.86,32.12,2233.3,0.843,77.62
77.75,8.36,68.04,2297.5,0.213,67.41
167.76,3.3,76.05,2399.1,0.701,45.18
166.87,11.28,29.58,2782.4,0.893,24.78
63.29,8.7,17.13,2318.3,0.058,60.18
68.57,8.92,20.27,2846.8,0.699,62.75
162.06,3.94,69.46,1990.1,0.463,38.83
101.86,10.75,42.69,2185.5,0.662,59.75
72.01,7.15,19.89,3273.7,0.595,61.71
116.39,10.5,35.52,1989.4,0.936,39.86
104.17,4.34,48.57,3514.6,0.31,50.57
78.49,9.43,73.9,1614.0,0.758,66.24
143.7,7.53,58.13,1780.0,0.261,27.76
132.07,2.01,23.2,2312.8,0.442,55.14
62.96,5.76,21.9,3113.8,0.928,64.79
170.3,3.43,40.93,2955.8,0.74,36.95
122.6,5.27,15.64,1618.7,0.334,37.78
82.53,5.53,66.67,1768.0,0.607,71.33
76.82,6.49,40.11,2580.6,0.095,63.25
67.67,7.8,35.73,1908.4,0.29,63.56
105.2,7.5,48.18,2213.6,0.697,48.9
67.62,1.91,63.17,2367.8,0.563,98.5
104.06,9.38,52.7,2626.2,0.473,52.61
69.34,11.47,70.18,1802.5,0.672,82.0
135.38,5.16,57.2,1591.5,0.409,36.22
152.08,3.39,69.1,2156.6,0.074,39.45
121.44,7.17,62.26,1396.9,0.447,38.0
138.41,8.9,24.48,2464.2,0.862,23.57
171.99,8.63,13.93,3215.1,0.821,20.0
132.99,7.93,77.75,1485.5,0.418,38.65
97.34,3.04,80.92,1470.6,0.07,75.95
108.43,10.29,64.52,1392.5,0.623,50.61
161.87,5.97,64.32,3234.9,0.717,24.43
66.99,3.83,30.26,1393.7,0.315,77.93
92.35,2.41,50.68,3560.3,0.479,74.45
125.05,5.88,84.42,2060.0,0.943,36.77
137.93,7.99,74.21,1989.0,0.569,38.28
149.25,8.49,32.83,1419.9,0.366,20.0
91.37,11.61,32.58,2605.5,0.615,72.17
68.96,3.11,46.27,2606.1,0.212,88.66
174.13,11.85,40.34,2385.1,0.229,32.61
59.93,8.37,37.84,1946.4,0.882,69.62
62.45,6.27,57.02,2084.6,0.265,74.26
114.34,10.83,10.86,1969.2,0.33,44.5
156.51,8.79,67.25,2222.8,0.539,23.67
150.69,5.16,65.5,2020.3,0.86,25.65
171.9,10.78,72.27,2821.2,0.753,33.2
68.41,8.5,73.11,1909.9,0.089,72.79
98.84,8.84,52.48,2042.0,0.674,50.75
86.68,10.91,68.51,2245.1,0.504,76.76
161.91,6.21,46.93,1209.5,0.478,20.0
113.49,8.4,81.36,2381.0,0.672,53.82
53.49,9.32,24.3,1814.0,0.227,68.42
142.04,6.27,78.67,1334.8,0.933,25.36
100.53,2.38,29.39,3386.5,0.631,68.14
119.05,9.6,17.7,1973.8,0.379,34.98
166.19,2.0,42.93,2222.6,0.59,43.28
83.38,9.04,56.12,3185.6,0.245,60.98
81.23,11.06,27.32,1600.3,0.62,65.61
84.22,5.14,51.68,3240.7,0.075,63.39
93.95,2.57,70.59,1779.9,0.357,82.77
63.96,3.95,29.28,2613.7,0.723,80.03
140.64,7.4,53.52,2845.6,0.777,26.21
76.96,11.4,35.45,3372.0,0.278,70.17
170.4,6.88,49.73,2658.3,0.535,25.61
78.04,2.68,60.02,2287.8,0.526,91.92
83.23,8.09,36.28,2573.4,0.429,60.6
88.61,9.19,84.59,1685.0,0.256,63.58
149.91,5.63,52.28,2853.8,0.683,28.54
105.59,9.08,71.83,1648.5,0.277,55.27
156.51,4.91,64.39,2537.4,0.87,32.62
152.03,9.79,73.96,2754.2,0.526,34.48
170.83,5.08,23.04,3356.6,0.833,20.0
148.36,4.19,26.69,2280.5,0.312,35.92
56.75,10.73,46.56,3060.8,0.776,78.35
158.85,7.26,73.92,1602.1,0.152,21.65
171.95,4.49,24.82,1574.9,0.74,23.44
179.18,11.32,82.83,2459.5,0.398,45.21
66.28,8.75,19.57,2631.2,0.473,59.75
129.73,3.82,23.13,2717.6,0.2,44.37
75.93,7.95,22.54,2989.6,0.067,57.03
84.13,10.64,53.95,1907.8,0.65,75.71
146.93,8.81,78.82,2694.3,0.579,29.16
177.1,4.07,29.13,1651.5,0.61,33.7
127.33,8.31,51.48,1725.6,0.28,34.07
160.58,8.0,23.18,1361.5,0.265,20.0
51.15,10.12,57.34,2992.8,0.797,74.82
54.76,3.37,19.24,2416.8,0.735,82.48
127.57,8.85,46.85,1771.6,0.353,32.44
100.57,1.79,59.14,2535.0,0.624,78.36
165.67,8.81,53.43,2050.2,0.795,23.98
89.26,11.58,20.5,3209.3,0.85,60.05
106.17,3.33,22.1,2467.6,0.055,54.58
118.63,4.77,60.35,1271.5,0.782,47.73
85.5,7.62,70.67,3564.2,0.365,56.96
168.1,9.19,78.11,1378.3,0.697,23.18
110.39,5.12,71.02,2870.3,0.384,55.53
105.14,8.47,83.04,2249.4,0.596,61.7
160.47,10.94,40.62,1798.4,0.632,31.42
90.56,9.13,34.84,2823.5,0.414,56.36
156.27,8.97,12.11,1502.2,0.512,20.0
65.9,5.51,43.74,3259.8,0.704,73.14
73.76,11.07,58.85,1801.5,0.479,80.83
173.61,4.41,71.16,2067.5,0.063,32.43
159.52,3.66,30.06,2718.3,0.062,28.05
100.43,5.32,48.52,1202.5,0.645,52.58
133.0,8.33,59.65,2334.6,0.813,33.7
172.59,10.55,51.37,3346.2,0.757,28.74
77.54,2.89,30.55,2833.0,0.329,87.4
57.67,10.04,69.72,2131.0,0.474,79.55
119.87,10.03,23.0,2785.0,0.261,38.15
68.54,7.66,77.87,3447.8,0.94,68.32
74.35,9.49,81.44,1650.7,0.284,71.77
165.9,3.41,37.42,2476.3,0.425,36.17
50.96,3.28,38.21,1763.4,0.663,87.98
156.19,10.56,65.75,3250.1,0.838,26.16
117.2,6.73,44.22,2930.5,0.096,32.71
122.71,4.08,12.15,3122.6,0.321,39.45
137.33,8.73,78.99,3463.2,0.562,33.3
106.09,10.86,42.31,1757.5,0.606,56.56
65.03,8.14,25.26,1316.9,0.113,52.36
63.37,5.15,51.67,1898.2,0.648,76.65
148.07,6.57,26.42,2157.9,0.525,26.8
78.73,9.4,25.45,2700.4,0.795,61.59
53.65,2.21,50.93,3114.5,0.25,92.15
177.35,3.78,39.33,2039.5,0.226,34.91
177.45,6.36,52.97,2336.4,0.764,25.69
99.16,7.84,84.76,3085.1,0.683,57.71
53.32,5.06,74.43,1740.8,0.763,84.89
144.54,4.63,10.58,1721.1,0.754,24.14
158.03,1.93,13.79,2614.2,0.144,39.92
66.25,1.84,55.76,2246.5,0.301,98.5
67.61,4.43,56.97,3477.4,0.284,78.05
156.89,7.07,75.86,2056.9,0.891,21.26
169.85,7.34,57.18,3022.9,0.489,23.02
152.8,6.69,27.08,2599.4,0.15,20.0
76.1,5.8,45.14,1331.0,0.311,67.34
103.5,4.15,70.67,1402.5,0.835,62.07
128.11,5.71,79.21,1687.6,0.812,40.38
70.84,2.96,27.77,1543.6,0.86,76.12
77.38,2.71,50.47,1990.5,0.4,83.87
86.78,4.65,21.92,2589.6,0.627,65.29
116.24,11.95,47.27,2645.7,0.3,58.64
116.4,4.93,16.76,2610.6,0.213,45.68
155.86,11.33,80.63,1482.3,0.07,31.25
147.89,5.62,57.85,2640.5,0.251,28.07
168.79,6.11,74.07,2183.4,0.594,30.95
158.28,9.87,84.87,3367.3,0.864,27.61
83.0,2.48,23.7,3388.8,0.17,76.62
93.07,3.41,62.06,3043.6,0.876,73.74
115.06,11.73,76.52,2887.5,0.361,67.25
51.86,6.81,53.2,1475.9,0.434,73.1
167.51,1.97,57.98,1403.3,0.378,41.29
55.76,2.0,40.58,3218.0,0.418,88.85
91.92,11.03,60.61,2224.8,0.283,68.09
123.99,10.67,39.67,2283.3,0.679,46.12
117.32,6.31,45.75,3234.7,0.732,34.81
135.08,3.21,17.72,2691.4,0.791,42.0
118.58,10.22,10.59,1630.6,0.357,35.74
79.77,4.91,14.14,1706.4,0.738,61.36
76.14,5.9,24.44,1215.3,0.624,60.45
167.94,8.67,44.25,2905.6,0.912,20.0
84.32,5.21,11.57,2365.5,0.432,66.04
86.53,8.1,21.7,3479.9,0.943,41.64
103.68,10.8,68.61,2913.6,0.716,59.96
68.13,9.87,67.16,1447.6,0.749,70.24
115.95,5.51,69.23,1587.7,0.073,46.12
136.45,4.52,79.12,2404.1,0.498,47.01
152.18,4.5,18.93,3419.7,0.526,27.27
142.49,5.16,22.24,1793.4,0.087,21.85
69.19,6.68,35.02,3181.4,0.331,65.73
109.29,5.87,78.64,1949.5,0.91,55.82
55.02,2.9,68.16,1847.8,0.434,91.05
52.31,3.22,34.31,3363.3,0.218,81.54
107.22,5.1,16.57,1313.4,0.512,45.0
82.88,7.4,56.23,2785.8,0.08,58.46
138.84,7.72,29.26,1303.6,0.514,20.0
144.15,6.61,49.84,3121.8,0.585,26.54
166.4,9.26,80.64,3190.6,0.372,25.47
148.89,9.24,52.95,3344.1,0.736,21.93
56.27,5.99,79.29,1646.6,0.172,73.71
98.31,2.81,39.48,1498.8,0.84,67.01
85.49,7.07,57.5,2408.5,0.91,63.1
100.2,5.51,77.04,1851.9,0.051,60.83
70.81,2.95,54.1,2655.1,0.808,91.28
62.7,11.81,56.12,2433.0,0.505,88.03
117.73,5.38,63.72,1547.6,0.465,47.01
143.65,8.07,76.16,2974.2,0.265,30.81
141.25,6.65,16.61,3129.1,0.453,23.24
108.62,3.0,35.26,3511.3,0.905,55.05
117.9,2.08,39.83,2149.3,0.24,66.36
117.12,8.07,78.23,2010.6,0.211,46.63
139.9,4.09,81.7,1661.4,0.268,43.19
56.23,4.06,19.03,1634.1,0.547,76.38
142.29,11.55,18.93,1970.5,0.887,29.42
125.69,6.35,80.11,3556.4,0.566,34.55
75.75,1.81,32.18,1421.4,0.269,83.13
56.38,5.07,28.14,1822.5,0.446,77.59
64.11,7.64,12.67,1406.3,0.401,62.38
118.21,4.95,30.67,1856.7,0.092,41.07
148.59,1.78,62.01,1421.8,0.51,50.28
93.51,6.17,41.95,2419.9,0.163,56.33
99.29,2.61,48.77,2252.1,0.808,72.73
171.44,8.0,78.8,1617.7,0.544,27.02
77.69,8.01,18.6,1619.5,0.81,54.13
63.49,1.9,15.34,2702.7,0.91,89.43
94.64,4.55,73.89,2129.1,0.899,70.04
146.97,5.84,68.11,1334.9,0.14,25.5
131.39,7.28,29.78,3408.5,0.9,20.0
104.05,4.61,34.32,2171.9,0.766,51.34
175.42,4.52,33.27,2618.5,0.75,30.74
145.55,11.82,58.59,3325.0,0.131,33.6
58.04,1.94,14.59,2165.2,0.212,90.72
146.8,11.88,46.71,3169.6,0.928,30.02
53.13,2.0,20.04,3395.4,0.242,83.64
134.54,4.53,71.48,1617.8,0.202,44.15
77.36,6.68,38.55,3342.0,0.376,63.08
140.54,3.0,49.57,1487.6,0.872,37.84
90.27,2.92,12.2,1860.3,0.479,72.79
163.49,4.19,14.37,3139.7,0.879,26.54
93.8,11.72,60.63,3361.6,0.351,70.47
130.56,5.49,67.51,2841.9,0.254,40.17
87.17,7.44,63.25,1451.6,0.496,63.24
169.24,8.9,65.28,2455.2,0.604,27.57
151.53,9.29,17.85,2574.3,0.402,23.47
81.63,8.72,62.01,1876.5,0.361,68.84
173.34,5.04,23.63,3579.1,0.246,20.0
96.43,2.67,17.35,2005.5,0.298,74.33
134.74,4.46,66.79,1704.6,0.656,42.54
146.57,3.71,76.71,1464.3,0.383,41.23
52.98,2.93,63.75,2108.4,0.122,87.95
174.67,1.76,70.42,2862.3,0.174,49.21
94.78,11.33,84.33,1755.4,0.385,71.41
74.67,11.17,20.11,3046.9,0.882,68.49
160.59,2.03,82.39,1525.0,0.391,48.78
141.38,3.32,55.09,2257.1,0.105,45.2
61.28,2.96,70.99,2885.7,0.426,97.53
65.22,4.45,58.76,1524.7,0.652,79.56
142.97,3.64,52.75,2634.8,0.584,46.47
59.72,11.43,62.77,3117.5,0.301,84.34
169.23,2.38,34.02,2629.3,0.669,37.62
146.4,3.72,79.32,2427.5,0.618,45.12
93.61,2.35,18.65,3211.9,0.205,68.62
97.18,11.79,33.85,3565.0,0.196,58.74
115.84,11.14,12.34,1635.2,0.542,42.94
96.93,9.02,30.35,2859.2,0.643,51.28
151.85,5.97,26.37,1393.6,0.916,20.0
176.72,3.5,13.72,1302.8,0.43,30.02
125.99,3.83,46.88,1874.0,0.738,46.79
107.98,6.15,45.15,3530.2,0.155,39.2
78.96,9.57,15.83,2525.3,0.851,62.8
134.95,4.28,29.64,1843.9,0.62,44.79
139.12,4.76,81.5,1518.2,0.616,38.72
139.07,7.8,18.31,3408.4,0.178,20.0
53.51,4.0,32.88,2069.7,0.086,77.59
166.89,7.63,12.69,1936.1,0.681,20.0
93.95,5.56,21.17,3259.1,0.155,48.99
146.74,1.86,62.45,2650.6,0.164,47.5
148.77,5.73,37.5,1604.7,0.219,20.0
134.57,11.16,43.91,2211.6,0.138,35.88
101.33,4.58,21.77,3427.8,0.613,52.84
129.09,4.89,61.16,3362.9,0.43,43.68
55.23,2.19,66.36,1368.3,0.289,91.63
149.05,7.96,23.58,1844.7,0.447,20.0
62.95,10.42,13.37,1570.9,0.81,70.63
101.58,5.21,16.07,2481.1,0.884,49.97
63.47,4.02,59.28,3000.0,0.489,86.96
158.82,11.54,20.16,1909.3,0.56,31.05
121.54,9.32,47.04,3019.2,0.281,36.64
139.82,7.46,21.45,2804.9,0.512,22.27
138.74,4.71,22.76,2947.7,0.723,30.32
159.41,3.82,10.33,3475.8,0.493,24.53
67.23,9.02,34.06,2219.1,0.322,70.38
135.76,6.98,16.73,2022.2,0.574,25.76
124.77,6.97,39.55,2841.2,0.902,24.55
54.02,2.27,54.83,3138.1,0.849,93.78
76.18,6.88,37.56,1659.5,0.742,61.32
84.78,10.14,62.88,3232.3,0.299,68.69
59.43,11.44,65.61,1338.8,0.267,80.12
96.11,2.62,62.25,1215.3,0.805,72.14
53.54,8.13,80.25,1580.2,0.213,76.08
121.91,7.47,27.8,3548.8,0.595,28.83
77.5,10.85,24.21,2456.6,0.445,74.93
87.31,9.39,55.73,1311.8,0.471,60.38
168.36,11.64,54.62,3593.2,0.459,30.11
115.37,11.58,48.26,2987.8,0.86,51.52
84.97,3.87,10.33,3211.2,0.128,60.67
127.8,9.12,51.64,1711.1,0.755,26.45
76.22,7.07,79.96,1453.1,0.802,65.6
59.67,3.75,35.09,2436.2,0.899,83.13
52.72,3.55,82.57,3053.2,0.457,97.6
173.7,2.35,36.76,2730.7,0.5,38.92
144.2,9.85,20.49,2714.5,0.915,22.96
153.99,4.91,39.88,3017.0,0.463,27.53
177.52,10.5,47.1,1744.8,0.503,25.44
171.11,7.89,57.21,2787.6,0.349,25.54
145.8,8.57,47.87,2141.1,0.078,20.0
140.22,4.56,50.25,1367.4,0.44,40.86
93.79,6.3,11.81,1685.1,0.64,48.98
63.52,5.83,29.02,3105.6,0.671,68.16
124.58,3.97,33.3,3350.2,0.056,35.85
124.91,10.24,84.03,1878.8,0.771,47.09
173.79,8.03,32.17,1656.9,0.493,20.0
107.53,1.89,77.24,1264.1,0.519,69.79
139.8,10.11,32.86,3474.5,0.916,21.63
124.75,2.61,17.21,2841.3,0.306,50.09
72.98,5.74,28.57,3496.9,0.735,60.2
126.97,7.5,30.46,3273.2,0.567,24.61
120.22,1.58,83.37,2017.1,0.681,74.79
114.21,8.36,60.57,1470.4,0.426,43.12
116.74,8.43,79.88,2397.7,0.301,46.41
71.32,8.35,72.62,1264.4,0.542,70.09
110.25,3.22,53.39,1559.8,0.387,64.59
128.73,4.19,60.65,1760.2,0.251,48.56
113.63,4.1,56.86,2797.6,0.805,60.75
113.53,11.58,59.97,2423.7,0.478,61.27
60.08,2.21,29.86,1925.8,0.813,93.5
74.8,6.0,40.61,2555.4,0.477,74.08
91.73,10.65,54.45,1500.5,0.551,67.1
104.52,9.58,12.69,3013.7,0.946,35.27
127.21,10.14,46.21,2908.9,0.906,34.76
162.23,11.71,74.48,1719.6,0.295,39.07
70.69,5.57,46.93,2655.3,0.832,72.17
51.96,4.75,51.42,2407.9,0.401,82.27
108.4,1.82,25.14,1346.0,0.114,61.42
106.17,3.08,69.58,1867.6,0.568,74.51
121.75,7.4,36.92,3598.8,0.929,20.0
158.32,3.16,81.74,1438.9,0.927,42.15
154.31,9.23,84.53,2415.4,0.164,25.69
63.01,1.89,78.7,3238.4,0.744,97.18
171.42,4.22,16.37,1921.6,0.773,23.83
64.35,8.8,34.99,1825.7,0.382,65.8
132.49,4.18,80.89,3337.9,0.643,49.84
137.41,9.15,70.34,1931.6,0.489,35.09
138.38,11.96,78.34,2763.6,0.255,50.32
84.5,9.87,52.94,2976.8,0.735,67.59
92.94,5.09,46.03,3092.7,0.286,58.1
121.33,10.96,17.99,3587.4,0.356,34.19
75.95,2.04,72.96,3127.7,0.221,94.92
52.64,9.11,65.89,2776.8,0.697,77.25
123.08,1.74,14.42,3349.1,0.463,48.78
110.49,3.33,25.71,3373.8,0.449,58.55
135.38,11.87,51.8,3535.6,0.594,41.62
69.07,5.29,61.33,3063.5,0.192,72.53
159.32,10.12,20.33,1667.8,0.858,20.0
69.01,5.45,28.36,2903.5,0.469,70.74
165.87,10.32,24.48,1380.3,0.38,20.0
108.44,11.64,26.5,1963.1,0.164,49.18
121.47,6.07,79.05,1477.9,0.201,41.07
166.56,7.37,63.69,3479.9,0.878,20.0
88.99,8.1,65.28,2013.0,0.461,65.28
73.64,11.32,69.55,2911.7,0.7,84.64
107.95,4.2,36.74,2571.2,0.122,54.67
81.77,7.92,67.54,1458.0,0.629,65.51
118.62,4.91,83.38,2547.2,0.879,52.47
85.78,3.78,62.38,2786.5,0.32,77.77
162.38,2.39,41.26,3315.6,0.571,39.49
128.95,8.02,63.73,1368.2,0.896,30.97
50.03,10.76,77.56,1909.5,0.697,87.28
154.71,5.19,19.66,2861.6,0.106,20.0
92.93,7.3,29.9,1282.4,0.391,47.89
91.63,8.24,78.95,1688.5,0.127,56.96
99.8,5.85,80.97,1724.8,0.825,60.39
131.93,10.99,46.31,2806.4,0.609,43.69
107.47,5.31,38.09,1886.3,0.911,52.72
131.72,2.81,31.21,2639.0,0.068,41.19
69.08,3.01,47.41,3516.8,0.431,86.11
176.12,10.85,80.09,3103.8,0.144,33.05
144.85,11.87,21.24,1999.0,0.365,34.05
82.53,4.53,41.49,2333.8,0.196,69.7
144.14,3.01,78.37,1681.6,0.346,54.01
124.75,6.56,36.18,1237.7,0.787,23.13
64.19,8.95,67.61,1895.3,0.195,71.28
73.17,7.93,39.19,2086.6,0.476,67.46
55.37,11.49,70.37,2554.5,0.879,86.51
155.2,10.09,83.58,3465.8,0.949,27.16
121.72,10.62,39.09,3474.8,0.276,35.89
91.18,7.19,73.38,1368.2,0.892,57.11
66.42,4.94,84.13,2675.1,0.285,85.19
112.93,8.87,83.79,1301.6,0.422,47.24
118.28,6.11,42.53,2755.4,0.84,38.37
141.25,4.52,46.43,1482.5,0.758,32.97
176.09,3.1,32.76,3471.4,0.822,30.99
106.54,7.04,33.55,3274.4,0.77,40.52
102.78,7.74,46.94,1253.6,0.262,42.4
98.09,7.47,25.04,3077.1,0.553,49.55
157.5,2.72,63.33,2726.2,0.397,43.49
70.32,7.48,50.22,2388.9,0.464,69.82
94.7,3.27,77.36,2646.3,0.189,77.3
144.25,8.47,70.79,2827.8,0.334,29.3
52.04,6.01,34.19,3322.7,0.822,65.51
87.62,10.41,47.94,3041.7,0.858,65.44
133.39,9.67,66.29,2580.9,0.599,40.23
74.17,9.11,24.49,3179.1,0.498,63.27
89.35,8.86,12.37,3568.6,0.692,47.55
113.19,7.39,73.92,1920.4,0.598,48.33
104.86,2.14,20.32,1484.2,0.935,59.61
63.78,8.38,76.71,2955.5,0.221,69.14
171.97,6.4,78.52,3548.6,0.454,26.34
55.76,6.43,44.55,1480.1,0.876,65.96
147.47,5.48,70.51,2236.1,0.873,34.61
59.28,11.26,37.24,1349.4,0.496,74.72
110.75,4.12,74.37,3063.7,0.171,63.36
72.8,4.82,71.85,3476.9,0.783,74.74
68.34,11.61,15.89,2397.6,0.577,76.25
66.37,10.01,53.7,2182.9,0.746,78.97
108.86,1.65,58.0,3378.5,0.466,72.83
117.01,11.01,10.06,1520.1,0.233,43.15
67.34,3.88,83.49,3339.8,0.072,83.44
177.32,8.91,40.49,2141.1,0.553,25.07
83.51,7.31,48.8,2542.6,0.195,64.44
109.65,7.14,24.61,2467.9,0.218,40.15
78.12,9.04,55.82,2678.4,0.443,70.43
114.21,3.68,70.8,3461.1,0.448,59.81
148.28,3.17,53.94,3482.7,0.297,40.52
117.74,8.35,69.1,3194.8,0.169,36.98
87.13,4.55,64.83,1659.7,0.9,70.88
82.29,11.73,27.82,2000.4,0.168,73.71
148.66,6.24,42.69,2370.8,0.366,24.45
65.37,2.67,21.15,3373.1,0.324,79.99
98.1,8.7,13.15,2450.1,0.83,41.87
69.69,4.71,14.73,3545.8,0.419,72.06
83.54,3.06,80.69,3561.2,0.162,78.86
69.85,5.94,83.84,2636.6,0.059,78.67
165.28,11.62,17.12,3306.0,0.7,24.17
145.15,5.82,35.14,3598.1,0.693,22.56
122.92,5.15,18.58,3239.3,0.426,37.9
79.18,6.17,72.57,2776.6,0.164,75.71
116.33,1.63,47.22,3228.3,0.384,69.13
117.71,2.9,56.59,1398.4,0.581,59.65
126.75,10.42,50.49,2723.6,0.684,42.54
57.81,11.77,63.27,1719.7,0.12,85.06
176.48,3.16,33.93,1478.6,0.551,42.55
110.51,7.12,20.31,3342.9,0.299,36.31
170.45,11.65,11.32,2735.1,0.606,25.14
51.28,3.14,43.43,1784.5,0.633,88.85
82.18,3.46,78.09,2128.3,0.87,82.68
63.52,11.23,32.89,3535.9,0.419,73.95
150.05,8.91,24.7,3269.2,0.534,20.05
91.62,3.1,79.45,1237.4,0.291,78.99
159.26,5.63,17.91,3551.5,0.308,20.0
158.21,2.09,13.89,2084.5,0.091,34.78
136.81,6.04,75.96,2869.0,0.307,34.22
136.55,9.67,62.57,2910.4,0.107,33.83
141.02,7.32,41.66,3388.0,0.918,20.0
137.59,8.3,66.43,3324.1,0.612,25.9
100.3,4.93,65.61,1876.2,0.206,68.9
138.77,3.19,13.0,2744.5,0.155,36.39
166.66,1.64,60.72,2144.9,0.383,51.57
93.23,10.12,58.07,2461.3,0.327,64.62
172.84,8.18,82.28,2531.2,0.301,29.5
51.77,3.91,82.5,2151.2,0.471,93.91
95.38,5.89,38.33,2313.3,0.872,51.99
67.17,9.92,54.24,1700.0,0.561,77.03
66.46,7.16,20.6,2658.4,0.519,63.45
156.01,4.65,14.98,3021.5,0.776,25.1
169.39,4.31,42.46,2231.4,0.054,27.23
151.11,3.78,61.74,3546.4,0.228,33.99
176.96,10.15,52.58,1337.3,0.497,25.93
78.12,7.61,42.22,2614.0,0.685,64.84
68.3,8.95,71.36,2600.6,0.487,78.04
117.69,10.53,69.58,1287.1,0.197,43.03
157.77,11.86,64.9,1739.0,0.887,37.4
55.18,4.12,15.78,3373.3,0.346,71.47
179.42,3.4,69.74,2506.8,0.759,42.34
128.29,6.35,78.96,2247.3,0.852,41.02
177.26,1.87,14.46,2197.2,0.362,44.77
97.46,9.81,40.13,3331.6,0.811,52.11
109.54,10.78,84.13,2080.9,0.69,65.91
147.81,8.7,54.94,3262.0,0.864,20.0
153.05,4.31,48.52,1942.1,0.276,30.85
80.29,2.79,23.31,2475.6,0.888,80.02
170.87,5.51,52.41,1545.2,0.109,21.51
162.77,10.25,42.93,3180.1,0.764,24.39
52.37,5.15,19.56,2966.3,0.442,70.01
66.71,1.86,44.82,2472.2,0.21,92.46
114.49,4.38,22.33,1262.2,0.121,44.62
109.92,11.89,64.8,2355.0,0.401,65.35
142.09,8.61,83.02,1740.5,0.4,36.01
61.66,10.96,45.22,2192.1,0.257,81.2
133.83,9.64,57.43,3255.4,0.244,30.54
130.13,7.17,42.32,3047.0,0.41,34.09
80.37,3.06,20.38,1780.7,0.419,79.07
120.51,5.16,82.79,3563.9,0.448,47.71
78.89,7.63,19.72,3367.7,0.832,52.71
69.1,10.64,18.37,2468.8,0.6,73.34
124.51,4.32,44.44,2472.4,0.068,40.5
177.07,2.77,59.42,3363.0,0.517,45.15
80.8,7.37,36.62,2726.7,0.736,62.5
96.19,3.35,24.44,2488.1,0.101,64.13
83.35,7.91,71.42,2998.0,0.43,63.91
84.64,4.27,37.23,1764.2,0.456,71.75
102.54,3.93,24.57,3308.1,0.909,54.17
141.24,5.69,37.38,2475.4,0.478,31.11
55.04,7.73,26.09,2648.4,0.725,66.29
174.43,7.23,48.96,1415.9,0.323,20.0
56.02,4.07,60.12,1942.8,0.751,82.84
164.56,10.86,69.97,2224.2,0.34,34.99
166.27,2.65,27.07,2193.4,0.437,40.66
118.18,1.91,22.52,3067.9,0.482,60.91
67.81,7.83,11.47,1877.6,0.884,59.6
123.47,2.8,27.11,1637.1,0.098,46.8
131.72,6.8,11.79,2598.3,0.227,24.31
161.51,11.49,35.91,2676.0,0.685,29.82
121.62,8.84,20.93,1491.8,0.57,31.35
103.39,7.98,53.49,1205.9,0.276,42.07
158.98,7.54,38.78,3402.4,0.31,20.0
177.52,3.39,17.02,1391.1,0.381,33.17
133.86,6.04,39.99,3354.9,0.455,30.04
163.67,5.1,25.7,2158.1,0.786,26.35
127.84,11.51,61.01,2767.3,0.062,43.29
139.67,4.04,37.33,1645.5,0.858,30.8
139.46,6.45,21.03,3177.4,0.422,21.73
141.62,11.35,36.22,1632.5,0.257,31.27
91.73,9.79,26.83,2127.6,0.508,57.96
124.84,11.63,69.68,1771.3,0.644,47.05
127.24,7.89,83.75,3210.0,0.09,34.53
90.96,5.0,11.91,3260.0,0.694,56.75
95.48,10.18,61.75,2092.9,0.735,65.92
149.09,4.56,29.8,1937.7,0.2,29.82
125.75,3.23,14.98,3056.6,0.201,43.44
69.4,8.92,11.08,3308.4,0.233,59.98
158.89,8.21,76.08,2697.6,0.767,27.87
164.8,10.73,36.52,3425.8,0.295,20.94
110.6,11.6,84.59,2119.3,0.766,65.84
77.16,10.5,43.18,1564.5,0.536,74.18
173.19,2.13,24.07,1631.1,0.74,39.01
164.7,8.48,68.29,2807.6,0.548,23.67
81.77,9.74,79.49,2178.1,0.352,71.78
62.43,11.81,71.17,1575.2,0.87,80.17
107.28,5.43,65.89,1901.3,0.694,51.59
137.93,3.28,35.1,2473.5,0.486,44.17
72.8,10.46,14.84,1491.5,0.624,64.69
116.72,4.83,25.1,1208.3,0.604,37.53
105.3,7.78,43.51,3401.5,0.372,42.31
165.77,5.59,81.71,1931.7,0.431,30.95
105.84,5.72,64.21,1731.6,0.336,51.41
119.39,9.19,72.12,2876.4,0.95,39.74
174.19,5.3,30.8,3248.2,0.572,24.64
88.96,8.78,61.29,2717.5,0.133,59.06
87.57,1.65,74.68,1810.8,0.517,95.3
153.95,4.91,45.96,3267.9,0.095,23.87
86.08,4.85,42.24,2425.0,0.31,72.44
158.14,9.36,63.96,2114.9,0.451,28.01
62.42,4.8,51.99,2651.3,0.531,83.52
64.46,8.15,84.49,2881.5,0.929,68.39
167.17,8.73,41.88,2625.2,0.934,20.0
120.31,8.41,23.2,3408.6,0.138,26.23
143.45,7.83,45.4,2707.2,0.534,28.38
79.29,5.84,27.64,3308.6,0.785,59.63
71.62,5.42,52.09,2608.7,0.264,79.18
158.54,7.43,19.43,1991.2,0.726,20.0
96.62,2.17,81.25,2477.5,0.841,81.97
109.15,10.7,74.49,1407.2,0.646,58.91
53.64,10.17,21.67,1752.4,0.345,67.32
100.16,5.14,22.93,3039.0,0.881,47.83
150.16,7.45,48.43,2787.5,0.845,23.47
156.77,11.29,67.97,1599.6,0.694,35.34
140.84,4.35,26.43,2251.2,0.377,35.56
139.98,9.3,14.57,1540.8,0.763,20.0
115.81,2.37,50.92,3254.0,0.334,64.89
119.98,7.0,61.87,1462.0,0.278,37.12
146.54,10.78,28.33,2770.2,0.514,30.51
82.15,7.29,65.48,2656.8,0.947,59.66
80.1,7.97,81.3,2334.7,0.774,70.19
173.49,11.03,20.28,1867.8,0.707,25.6
53.6,9.01,48.33,2169.5,0.457,74.74
68.13,8.81,14.26,3135.3,0.331,61.97
124.14,7.66,25.5,3027.7,0.82,26.91
145.92,8.15,16.74,2973.1,0.561,20.0
119.93,9.94,40.3,2999.6,0.782,41.73
96.16,11.78,71.56,1545.3,0.489,69.05
177.14,9.85,53.28,1437.8,0.729,22.59
141.5,8.93,26.69,3267.6,0.831,20.0
158.08,2.92,13.01,3209.2,0.402,30.57
55.23,10.08,51.5,2835.2,0.062,73.99
80.67,9.23,19.96,2654.2,0.279,61.98
98.64,9.59,35.71,2080.5,0.873,53.86
73.74,3.93,48.26,1737.8,0.669,86.0
59.48,10.99,77.78,2802.4,0.713,86.81
79.26,2.52,16.14,3391.3,0.343,76.58
119.37,4.16,60.15,2248.8,0.681,57.72
140.45,8.46,11.06,1927.7,0.632,20.0
150.62,8.57,57.24,1849.8,0.211,23.76
55.58,4.79,51.36,1256.9,0.922,73.41
105.64,8.87,70.89,2448.8,0.369,57.52
65.89,5.57,49.87,3571.8,0.346,73.04
106.06,1.5,36.45,3156.6,0.382,70.98
106.42,3.21,28.21,3353.9,0.133,58.1
114.77,10.77,16.39,2690.8,0.612,45.87
166.07,3.84,50.1,2355.5,0.265,37.03
154.66,2.69,76.62,3577.1,0.773,42.51
132.77,8.66,48.61,2273.2,0.405,33.83
165.1,6.13,65.43,3400.4,0.463,23.89
138.2,9.86,32.38,3028.4,0.632,24.47
156.45,10.55,43.61,1994.3,0.736,27.73
123.29,10.38,34.35,2407.3,0.258,41.26
118.28,4.79,18.19,2122.4,0.92,39.42
144.13,6.81,41.27,1526.9,0.61,23.25
52.56,8.33,67.32,2056.2,0.055,69.33
139.75,4.88,39.62,3333.5,0.424,30.83
171.49,1.93,58.76,3006.3,0.443,51.97
142.81,6.7,66.9,1866.2,0.778,34.16
54.78,1.63,34.21,2083.0,0.325,97.02
99.13,11.48,69.81,2679.4,0.348,69.77
155.25,9.87,35.42,2198.7,0.113,21.01
174.62,3.52,29.21,2407.3,0.305,35.98
98.12,4.52,26.68,2875.6,0.695,62.01
159.36,11.82,24.99,2321.4,0.621,33.05
162.3,5.42,65.28,1658.3,0.123,26.71
66.03,9.73,76.56,2449.4,0.153,81.45
159.95,6.19,27.3,2054.7,0.389,20.0
92.15,10.57,16.39,1897.8,0.719,57.01
127.12,8.89,33.53,1987.5,0.8,32.55
120.07,1.74,59.34,2253.6,0.063,62.81
136.2,4.59,37.64,3327.9,0.346,35.52
146.26,7.36,51.19,2961.7,0.432,24.31
107.31,11.22,65.82,2802.9,0.87,63.22
165.48,2.57,40.64,2331.0,0.501,46.25
155.23,7.81,84.98,1204.4,0.293,22.76
152.1,4.67,32.35,2017.3,0.401,34.38
109.57,10.84,83.37,3151.7,0.443,61.77
54.88,9.53,25.23,2131.6,0.653,69.91
113.99,5.38,18.32,2553.2,0.087,43.48
166.8,3.25,66.31,1691.4,0.401,38.48
74.76,1.62,62.67,3398.1,0.632,93.02
177.74,8.02,70.84,3415.6,0.305,22.94
155.0,5.76,35.77,1550.6,0.583,21.23
142.28,4.8,79.81,2938.0,0.372,39.55
138.03,11.85,18.96,1380.6,0.733,31.72
126.31,6.39,12.27,2636.5,0.105,22.43
143.69,9.37,32.54,1628.8,0.876,22.83
104.85,3.36,69.8,1549.7,0.204,71.22
159.89,1.64,60.47,1209.9,0.193,42.0
140.52,5.88,42.72,3458.1,0.807,22.1
150.26,8.49,29.22,3190.2,0.832,20.0
153.02,6.82,14.45,1385.9,0.134,20.0
61.97,10.85,35.31,2638.5,0.868,77.97
57.23,6.06,44.5,1759.0,0.296,71.78
154.13,4.77,61.53,1833.6,0.607,32.82
83.72,11.12,58.45,3298.0,0.112,68.86
125.66,5.77,81.05,1474.4,0.393,41.8
107.68,4.33,17.53,2643.6,0.456,50.92
52.87,2.53,35.23,2163.0,0.59,91.19
55.24,9.83,46.12,1657.9,0.523,70.79
157.53,10.16,60.3,2284.6,0.465,32.04
129.0,1.85,47.16,3457.2,0.914,51.67
118.1,5.27,78.46,3075.9,0.217,48.3
172.77,9.37,55.65,1517.1,0.192,20.69
72.5,11.44,12.97,3238.6,0.692,70.31
83.54,5.47,18.52,3449.9,0.117,52.92
148.38,10.66,66.51,1864.7,0.485,29.89
150.78,5.63,63.68,2000.2,0.486,29.42
102.64,3.38,21.51,1503.1,0.329,58.38
173.63,1.54,14.42,2027.9,0.887,38.57
171.97,4.97,53.4,2815.5,0.304,31.22
51.61,5.47,57.68,1853.2,0.31,80.74
72.4,11.42,20.15,1216.4,0.261,65.05
156.63,3.66,45.52,2012.5,0.181,33.03
93.58,5.51,32.94,2287.6,0.378,59.35
62.41,1.76,79.85,2559.3,0.663,98.5
152.05,9.52,26.44,2841.2,0.718,20.81
109.1,11.11,64.99,1348.3,0.782,55.29
114.01,4.0,48.86,2327.4,0.228,52.0
74.23,6.0,10.86,1839.3,0.082,61.08
135.92,2.78,48.77,3475.1,0.927,41.92
121.66,6.3,17.46,2063.8,0.063,31.51
76.87,2.9,59.43,1440.3,0.915,74.91
94.24,7.0,52.41,1299.6,0.796,53.11
127.59,9.21,10.78,1837.0,0.871,21.55
170.23,7.31,25.35,1629.3,0.398,20.0
169.65,4.07,68.22,2759.5,0.227,41.19
87.43,5.21,30.68,3232.7,0.596,64.15
145.63,8.21,47.45,1950.1,0.717,21.73
150.82,7.69,33.4,2586.7,0.168,20.0
155.15,2.94,79.11,2952.7,0.768,47.31
124.2,10.37,50.24,2156.4,0.238,41.26
51.37,6.49,62.21,1359.2,0.493,72.76
149.02,3.2,16.26,1750.0,0.821,31.42
63.86,2.79,13.03,3319.4,0.224,80.35
65.19,11.64,29.44,3178.8,0.268,77.76
128.73,4.46,33.19,1407.7,0.106,34.9
177.86,11.04,61.58,1737.5,0.182,36.7
81.53,5.81,52.68,3046.0,0.182,68.16
133.96,5.55,38.09,2366.2,0.233,35.57
89.47,8.86,59.06,3023.9,0.308,59.94
166.83,1.6,22.27,1706.6,0.783,35.4
127.16,5.05,14.76,3486.5,0.874,26.57
76.97,4.68,74.09,3080.7,0.416,79.36
84.08,10.62,52.3,1673.9,0.165,68.56
106.22,7.06,58.68,2540.3,0.251,50.21
65.87,5.33,33.04,1471.4,0.713,72.58
60.24,4.29,37.9,2067.4,0.66,76.94
138.41,7.7,16.18,2783.1,0.92,20.0
102.93,3.09,74.27,1992.3,0.063,71.63
144.41,4.09,54.43,2776.2,0.726,36.94
64.31,4.58,16.27,1787.5,0.505,76.37
129.28,7.88,70.34,2930.9,0.862,35.29
107.63,5.42,43.31,2063.0,0.569,52.6
57.54,6.81,67.38,3097.2,0.452,81.32
120.82,8.33,10.95,1528.1,0.649,25.06
60.76,11.54,12.16,2068.7,0.8,71.53
157.6,9.53,22.81,2313.4,0.304,20.0
132.15,5.76,25.82,2217.2,0.147,29.4
122.41,9.36,67.3,2239.4,0.44,40.61
67.35,11.47,63.0,2267.5,0.243,86.18
87.37,6.74,56.21,3573.1,0.437,64.38
114.07,5.81,76.36,1663.6,0.942,42.52
132.33,2.32,28.54,3044.8,0.567,50.57
73.82,10.87,77.83,2524.3,0.674,85.59
51.15,4.09,78.21,2192.7,0.66,92.96
94.82,2.17,42.57,2720.5,0.789,83.56
112.77,7.14,17.08,3248.5,0.9,29.95
73.98,10.38,64.49,2319.9,0.643,83.16
113.98,5.77,35.27,3275.5,0.478,42.61
94.0,9.72,69.62,1425.1,0.336,59.59
109.16,10.28,22.28,2767.4,0.374,52.61
95.17,6.27,50.46,1999.6,0.351,58.36
131.7,7.71,48.11,2128.1,0.342,34.16
55.58,7.11,17.52,2570.4,0.675,64.37
72.22,11.36,37.25,2351.8,0.579,76.09
106.26,9.12,16.36,2116.3,0.232,39.55
96.32,11.22,44.86,1940.0,0.923,62.95
100.91,3.81,73.22,2684.0,0.435,71.04
154.49,4.76,30.27,2413.4,0.559,29.13
165.22,2.24,67.36,1975.9,0.682,46.8
82.33,6.75,23.76,1691.9,0.602,56.42
158.73,10.68,60.53,3058.7,0.33,28.65
109.64,4.93,78.67,3119.3,0.768,58.37
85.6,2.85,34.29,1713.1,0.149,68.17
178.11,2.22,77.53,1828.0,0.562,54.59
157.22,6.2,47.91,1773.9,0.296,20.0
179.25,3.22,33.76,3323.0,0.604,32.98
71.86,5.13,77.24,3057.9,0.246,75.42
68.7,10.11,12.4,1379.0,0.745,62.45
115.44,5.53,12.1,3198.4,0.255,40.7
133.02,7.9,54.99,1288.4,0.851,22.97
72.24,6.77,69.76,1807.7,0.825,71.02
161.86,9.04,66.37,3405.6,0.376,23.37
119.16,3.14,15.96,3274.4,0.397,51.55
103.42,11.16,81.27,3075.4,0.681,63.96
128.27,8.26,62.73,2298.1,0.131,37.6
132.54,4.35,81.18,1971.4,0.123,45.18
55.56,2.79,34.68,3315.7,0.173,84.3
179.99,3.07,62.05,2777.0,0.556,46.04
97.31,9.72,74.5,1909.2,0.184,59.9
58.0,7.68,38.53,2311.7,0.3,71.26
160.8,5.5,82.36,3315.6,0.632,32.2
179.09,5.0,29.87,3368.3,0.064,20.0
156.13,10.49,33.67,2782.3,0.212,25.42
160.74,10.69,79.02,2958.1,0.887,36.31
131.37,7.6,82.72,1294.3,0.647,33.46
169.9,7.01,31.39,2651.0,0.325,20.0
54.65,10.07,20.23,2853.6,0.091,65.06
149.67,9.37,66.93,1248.9,0.577,22.68
137.19,5.7,79.72,3225.3,0.251,32.97
56.45,2.37,55.05,3427.9,0.914,86.35
120.72,9.57,57.59,1771.0,0.668,41.55
116.96,3.27,67.22,3229.9,0.927,57.46
139.9,1.67,21.48,2797.2,0.814,44.64
60.08,10.35,83.01,2593.7,0.485,90.57
154.69,7.57,37.32,3223.5,0.653,20.0
68.12,10.86,57.12,1885.5,0.781,78.47
104.43,6.59,45.15,3098.1,0.57,47.89
164.57,11.23,45.11,1954.8,0.105,26.22
122.87,5.22,62.71,3089.9,0.473,45.53
99.35,9.11,84.6,2282.5,0.168,60.85
56.27,4.66,59.43,1480.7,0.693,81.69
137.4,1.51,69.55,2115.6,0.663,58.74
178.25,5.49,12.07,1760.4,0.944,20.0
168.53,9.25,70.78,1441.3,0.616,27.48
143.25,3.08,32.5,1464.7,0.77,34.65
63.69,6.8,19.5,3072.2,0.291,62.76
81.13,3.73,18.5,3315.4,0.356,71.05
74.29,2.28,60.99,3425.1,0.875,85.42
96.21,7.98,84.82,3249.5,0.73,55.33
80.62,11.5,59.96,3192.5,0.64,79.8
81.78,4.76,29.68,1365.2,0.279,57.67
130.17,7.6,25.25,3096.3,0.679,28.04
91.43,11.51,49.45,3079.9,0.848,70.35
138.03,8.33,14.88,1515.1,0.258,20.0
173.23,8.57,39.95,2788.8,0.686,20.0
133.0,3.38,59.97,2286.0,0.404,52.44
147.72,6.67,82.57,3360.0,0.157,23.81
147.71,5.35,41.92,2869.0,0.737,28.13
92.99,6.45,25.02,3482.4,0.2,49.49
51.94,9.91,71.3,1451.8,0.278,72.74
57.16,6.34,65.81,1297.5,0.755,69.93
86.67,2.16,74.48,3536.6,0.718,83.49
139.64,11.01,26.1,1392.5,0.279,30.79
167.87,7.22,40.36,2126.9,0.897,20.0
174.64,11.21,83.62,2759.9,0.244,40.71
53.36,7.51,21.85,3312.1,0.944,56.77
178.71,2.23,60.36,1811.0,0.714,47.48
91.92,7.31,27.79,1269.7,0.403,50.71
159.58,7.55,47.51,2451.1,0.167,20.0
73.44,3.75,70.04,2330.7,0.338,88.62
58.18,6.45,46.64,1936.5,0.224,73.47
99.19,6.32,70.41,3297.4,0.61,55.55
161.66,8.04,41.98,2998.4,0.371,20.0
78.71,4.23,84.95,3259.5,0.316,84.66
70.01,7.61,42.69,1588.3,0.731,65.1
168.27,4.03,21.2,2861.8,0.258,31.61
171.98,6.19,40.14,3540.2,0.578,20.0
51.63,2.79,65.69,2668.6,0.225,96.17
144.57,1.89,73.6,1611.3,0.693,55.77
90.2,4.87,44.51,3589.9,0.613,57.59
98.71,4.38,54.59,2468.0,0.768,65.39
110.98,5.77,73.37,3216.1,0.112,49.44
105.48,11.6,71.02,1558.5,0.239,65.53
116.95,6.98,59.33,2798.6,0.189,42.22
125.71,7.31,71.13,3390.3,0.222,37.47
110.53,11.39,53.19,2476.8,0.143,55.18
141.2,11.17,10.35,1892.8,0.556,27.01
143.42,10.78,13.1,1505.8,0.584,26.64
107.25,2.53,83.49,1910.3,0.809,74.74
68.52,8.16,20.87,2051.7,0.426,62.07
133.28,9.99,40.34,2903.9,0.529,38.22
150.48,10.27,80.04,1628.7,0.942,30.13
132.95,7.57,24.63,1454.7,0.529,24.39
126.45,1.68,73.28,2128.7,0.566,71.02
79.82,11.72,71.37,2300.8,0.946,78.4
133.87,6.46,83.97,2708.1,0.945,37.92
93.53,5.63,31.13,2898.1,0.432,60.24
169.54,5.65,33.65,3334.3,0.621,20.0
134.98,5.95,77.72,1893.5,0.483,39.47
86.16,4.04,27.56,2468.7,0.699,72.29
111.48,4.94,51.09,2078.5,0.895,53.33
160.06,11.85,63.05,1203.4,0.329,29.33
93.61,5.37,30.39,2590.6,0.787,54.65
118.31,7.03,80.38,3157.9,0.639,43.05
138.36,10.41,59.93,1287.5,0.302,30.99
148.09,7.04,13.54,1208.4,0.768,20.0
72.61,4.91,20.18,2946.8,0.434,69.93
123.47,7.0,24.31,2841.3,0.158,30.38
168.59,2.7,28.37,2174.0,0.944,38.23
175.89,2.87,64.8,2787.9,0.433,42.72
135.3,8.79,16.67,3488.1,0.537,20.0
177.88,11.13,36.29,1794.9,0.777,34.52
124.2,9.12,78.35,1790.2,0.915,36.36
107.54,2.28,51.75,1647.0,0.836,65.48
121.71,5.73,29.91,2937.6,0.523,40.18
65.04,1.53,81.78,2047.7,0.541,98.5
102.22,6.87,28.32,3572.9,0.303,44.44
109.59,3.53,77.88,2915.2,0.467,75.54
160.32,10.62,64.43,2081.7,0.902,28.69
148.62,2.6,65.54,1558.0,0.704,52.94
128.19,1.52,67.37,2620.9,0.061,58.7
95.15,6.24,47.99,1907.8,0.155,55.19
74.31,3.13,71.09,3373.2,0.881,81.19
95.21,9.25,72.71,2259.4,0.814,60.36
138.37,11.16,37.04,1902.4,0.488,36.24
84.19,1.94,40.03,2612.5,0.605,88.47
105.5,5.65,76.66,1528.7,0.311,53.47
100.28,11.97,49.35,2547.7,0.764,66.82
149.53,9.19,75.02,1334.7,0.593,24.82
164.89,11.51,57.01,2656.5,0.675,38.25
140.92,3.22,54.52,2472.4,0.387,48.12
94.41,3.82,12.32,2449.8,0.437,66.49
106.31,3.13,30.84,2842.0,0.237,63.15
68.64,4.67,47.65,1306.7,0.903,65.51
71.85,9.11,54.05,2303.4,0.902,71.43
71.36,3.23,57.28,2265.7,0.786,85.53
66.98,7.0,63.72,2303.5,0.892,72.22
73.35,4.33,59.22,3551.7,0.649,75.73
76.35,10.21,73.64,1534.3,0.261,71.89
64.54,1.57,32.16,2857.0,0.734,95.07
133.23,3.84,58.12,2164.8,0.343,45.2
178.75,7.86,13.84,2428.1,0.446,20.0
164.29,2.52,46.01,3029.7,0.297,41.91
55.93,6.4,30.1,1577.7,0.431,67.94
105.0,6.08,38.57,3032.6,0.661,51.63
161.71,10.45,36.6,1368.8,0.15,20.11
67.51,8.07,14.53,2359.9,0.145,59.91
160.19,8.22,45.0,2981.0,0.665,20.0
127.05,11.49,84.6,1662.1,0.752,50.99
171.07,11.81,32.42,3050.2,0.546,35.94
163.89,8.36,65.21,1600.4,0.213,20.0
138.01,6.98,51.08,3118.2,0.438,28.04
135.52,7.88,34.39,2325.4,0.732,27.98
77.71,5.52,16.72,2843.1,0.667,67.8
65.18,11.87,26.19,3401.8,0.149,71.82
104.0,8.9,68.64,2180.2,0.922,48.74
74.26,4.56,30.93,1759.1,0.251,69.24
63.31,2.11,20.82,3281.2,0.248,84.3
89.3,1.97,34.85,1587.9,0.464,81.26
161.86,3.65,53.8,2715.5,0.345,37.6
52.23,3.95,62.76,3415.8,0.936,80.76
88.04,5.86,39.05,2818.6,0.119,59.09
105.13,3.76,47.36,1669.6,0.326,64.38
116.37,8.12,44.12,1565.5,0.394,38.4
73.61,3.72,10.68,1805.5,0.494,71.45
175.35,3.47,39.67,2139.4,0.065,30.35
125.25,6.45,54.05,1582.0,0.124,35.35
117.87,10.83,52.75,3114.8,0.282,45.56
51.15,6.42,66.23,2056.9,0.549,79.48
113.14,5.85,60.28,3446.6,0.741,44.96
158.9,7.57,30.76,3222.0,0.668,20.0
78.55,4.2,29.17,3381.2,0.56,73.19
95.66,5.21,44.81,1906.8,0.408,61.36
52.67,3.75,64.97,2577.0,0.834,88.41
177.0,7.5,17.04,1971.5,0.464,20.0
58.66,8.82,81.12,1816.7,0.319,70.26
166.77,8.57,50.74,2657.0,0.616,24.25
90.69,4.18,32.98,3163.2,0.673,68.79
126.38,9.69,62.0,1424.6,0.409,36.2
138.31,4.19,13.35,1861.8,0.075,30.25
68.31,3.08,46.33,1692.3,0.135,81.28
107.69,5.17,46.45,3116.0,0.811,48.64
92.31,7.78,22.15,3440.1,0.101,44.42
57.36,2.99,72.8,1391.9,0.583,90.46
158.32,8.3,69.76,2110.1,0.215,23.97
55.87,10.56,21.45,3394.8,0.256,65.68
134.92,4.58,37.29,2027.1,0.296,34.58
90.83,6.23,17.53,2910.4,0.084,51.1
74.98,3.9,73.65,1441.6,0.21,81.85
136.72,5.29,34.25,2266.5,0.635,33.65
124.69,1.73,42.95,2407.9,0.499,61.69
90.98,11.51,34.29,3018.4,0.768,64.84
116.68,5.87,33.25,1893.2,0.105,35.2
82.01,9.78,66.05,1834.1,0.85,64.79
162.28,3.0,66.07,1927.1,0.947,37.62
90.8,10.03,48.83,2533.7,0.064,62.38
81.87,10.53,59.32,3302.4,0.921,66.34
147.74,9.01,48.37,3194.3,0.262,22.76
52.29,10.98,12.14,1339.1,0.673,65.48
84.84,3.26,14.95,3309.5,0.313,71.19
98.8,6.5,38.78,1428.3,0.52,51.34
164.69,8.01,66.23,2196.8,0.509,29.53
173.56,7.76,78.49,3037.0,0.375,26.42
143.14,10.54,12.23,1395.6,0.696,20.32
114.03,3.76,37.6,1297.0,0.59,49.85
133.28,3.34,26.78,1992.0,0.507,45.18
103.82,4.16,71.14,2951.8,0.935,62.01
88.85,10.86,73.45,2452.2,0.896,74.06
173.59,11.38,25.48,2200.8,0.91,27.98
65.0,7.48,63.31,3151.4,0.843,65.47
95.03,6.76,64.88,3040.1,0.28,58.66
166.88,7.86,23.28,3086.5,0.365,20.41
144.01,7.97,42.53,2303.3,0.258,20.0
53.78,3.29,56.53,1246.7,0.938,79.72
53.0,8.71,11.95,1613.1,0.187,61.57
117.15,6.25,40.34,2979.1,0.38,40.75
112.95,6.93,21.62,3007.6,0.229,35.84
107.59,1.82,50.64,3533.5,0.251,66.07
89.3,9.53,73.22,1656.4,0.272,62.31
178.26,10.27,49.36,1495.0,0.626,25.66
85.36,8.0,12.7,1533.1,0.118,50.67
113.71,9.36,12.22,1643.5,0.565,33.75
102.64,6.99,55.41,2468.3,0.787,52.83
72.13,7.99,34.6,3540.5,0.74,60.97
76.34,5.64,52.95,2614.6,0.186,70.83
169.38,9.81,22.27,2454.5,0.873,20.0
161.58,6.42,68.26,2816.1,0.743,27.73
75.88,8.64,74.55,1377.4,0.055,60.4
163.84,8.03,76.69,3156.8,0.714,24.71
77.19,8.87,32.81,2752.5,0.714,63.02
131.45,9.74,59.56,1610.9,0.497,36.14
60.57,6.88,30.93,2713.7,0.091,68.17
164.45,10.04,67.21,2630.9,0.572,33.78
56.7,6.72,19.04,1355.6,0.739,64.33
122.14,11.54,67.21,1840.6,0.294,51.11
151.36,9.4,42.98,2138.3,0.65,22.17
65.19,3.3,74.17,1787.7,0.369,93.79
102.58,10.21,65.42,1783.6,0.566,60.77
55.45,7.29,38.24,2575.1,0.396,65.11
138.76,11.84,77.77,2330.1,0.323,49.94
89.97,9.05,31.25,2801.5,0.82,60.17
122.72,2.39,82.52,3495.4,0.728,65.94
171.26,5.65,67.54,2785.3,0.361,28.82
89.76,6.93,84.3,2597.0,0.441,70.49
56.32,10.31,14.04,3234.1,0.673,65.37
137.83,9.16,30.55,2717.0,0.78,24.64
152.29,5.38,65.59,1597.3,0.666,27.91
174.52,8.36,79.17,1955.4,0.537,25.62
70.51,7.56,12.16,2960.1,0.909,58.24
100.98,2.82,10.0,2972.1,0.747,64.5
159.74,3.97,29.22,3568.8,0.154,24.07
154.89,5.08,73.96,2704.7,0.552,37.66
131.22,3.55,67.54,3358.9,0.419,49.67
85.02,3.08,35.52,1331.0,0.765,70.53
86.92,2.11,10.15,2558.9,0.09,75.14
66.12,10.67,51.6,3407.6,0.42,74.29
169.84,4.53,27.85,1889.4,0.336,27.12
72.48,4.55,65.92,1571.7,0.177,75.01
124.48,3.67,43.48,2041.2,0.391,47.92
125.97,6.49,60.9,3101.4,0.656,36.21
98.05,6.9,73.92,1403.3,0.376,57.64
95.83,3.69,50.18,2640.8,0.572,73.18
136.92,7.89,35.2,1525.5,0.584,27.56
100.48,9.09,67.72,2245.3,0.578,59.06
83.17,5.43,29.89,3518.3,0.527,61.55
101.89,7.65,76.86,1668.3,0.155,52.44
155.0,6.77,15.36,1281.6,0.247,20.0
175.64,3.55,72.66,2225.3,0.77,43.03
132.67,9.17,16.87,2586.5,0.502,24.93
151.67,9.92,14.21,1914.0,0.685,20.0
119.27,8.31,37.24,2500.2,0.563,34.06
131.23,4.9,81.74,3488.2,0.085,37.61
178.45,11.23,83.76,1948.2,0.767,40.04
106.99,6.28,25.16,1942.6,0.108,42.41
58.61,4.29,21.15,2358.6,0.899,71.05
174.41,5.79,36.47,2436.8,0.244,24.78
153.1,8.77,35.28,1203.3,0.511,20.0
101.78,10.38,66.97,2678.1,0.107,56.31
177.71,5.24,43.3,3593.7,0.855,21.81
94.92,3.94,68.49,1900.8,0.932,70.15
98.38,8.08,66.15,2713.9,0.182,55.23
129.27,11.17,53.37,1211.1,0.316,39.8
85.67,3.42,72.51,2650.4,0.064,84.03
140.81,9.93,24.67,2273.0,0.758,25.59
69.87,6.5,22.14,2472.7,0.33,64.71
64.04,9.89,66.3,2505.4,0.58,84.61
119.53,6.81,28.36,1624.7,0.085,29.11
122.21,5.46,10.21,3047.9,0.694,35.01
63.87,8.82,78.4,2533.1,0.526,77.93
175.34,10.96,56.72,1848.5,0.702,28.32
124.53,4.86,43.37,3449.7,0.761,37.26
69.63,6.34,64.43,1230.7,0.13,67.74
90.49,3.91,35.0,2942.2,0.57,69.17
154.03,3.43,81.52,2115.0,0.635,50.34
118.02,9.67,15.15,2454.1,0.515,40.49
74.46,3.61,58.07,1899.6,0.214,81.04
63.37,9.83,68.3,1971.0,0.766,73.84
106.0,6.01,45.18,1236.4,0.948,37.4
93.86,11.95,66.62,2951.6,0.922,70.03
135.27,3.57,79.52,2905.9,0.75,48.11
170.28,2.48,65.8,2770.5,0.426,51.38
82.2,2.29,33.2,3307.1,0.354,78.36
161.18,10.27,52.14,3363.0,0.112,20.0
169.66,6.1,78.37,2535.5,0.425,35.49
167.26,1.53,43.68,2843.6,0.19,44.04
173.77,10.69,61.13,1226.4,0.279,26.85
159.47,10.71,44.91,3231.2,0.853,24.52
127.15,9.97,19.1,3159.4,0.922,22.72
103.28,4.11,14.39,1248.6,0.904,49.53
113.92,5.41,81.42,2502.8,0.224,56.75
163.44,9.32,55.94,3376.0,0.861,20.0
89.18,6.64,17.79,1635.3,0.177,49.04
70.7,3.12,74.31,2046.3,0.507,94.76
68.31,4.05,49.2,1994.5,0.629,83.06
157.51,11.71,67.89,2054.3,0.466,40.83
148.99,3.09,19.51,1300.5,0.907,25.95
114.69,9.12,78.02,1869.6,0.35,49.07
85.73,6.52,54.29,1907.7,0.525,67.61
138.09,9.36,65.37,3278.1,0.118,22.16
55.0,8.44,12.35,2045.1,0.817,60.82
123.87,6.11,33.65,2273.3,0.422,39.38
101.8,5.22,30.06,2113.8,0.68,52.79
177.12,9.42,81.22,1489.6,0.664,29.14
115.98,4.89,23.9,3576.9,0.659,40.84
121.79,9.77,63.03,3182.0,0.506,42.57
142.61,8.64,13.21,2498.2,0.3,20.29
112.99,7.57,24.83,2343.3,0.613,44.08
79.19,5.37,35.39,2758.2,0.916,63.13
119.85,3.65,69.59,1983.4,0.801,54.04
172.75,8.96,69.25,1320.7,0.148,20.0
103.29,2.46,81.45,2170.4,0.071,73.56
138.35,11.69,78.76,3561.5,0.499,43.8
177.14,11.78,16.11,1637.6,0.748,26.31
157.89,2.87,72.24,2466.5,0.333,49.29
135.67,2.59,43.84,1220.5,0.681,44.93
145.68,5.83,74.94,1492.9,0.889,25.45
171.74,11.62,16.7,2609.3,0.463,27.77
174.77,5.7,71.71,1913.8,0.27,26.78
175.97,5.32,21.97,3373.6,0.876,20.0
131.33,8.89,35.04,2174.8,0.475,32.47
100.01,3.38,12.16,1699.3,0.417,61.53
67.31,5.31,19.28,2509.4,0.368,72.85
100.12,4.56,43.43,3107.9,0.431,58.96
172.58,7.82,71.38,1246.6,0.656,20.0
165.67,3.21,68.03,2413.2,0.44,42.82
118.08,7.26,27.65,3056.2,0.342,35.49
119.81,10.5,21.38,1448.6,0.719,35.02
90.16,6.9,39.19,3366.7,0.233,49.37
109.09,8.68,76.25,1834.8,0.232,50.65
142.88,2.29,16.86,1609.4,0.677,42.18
102.32,6.21,50.72,2614.2,0.83,52.33
74.44,2.5,16.66,1620.1,0.267,83.37
120.31,7.79,45.27,2831.3,0.222,38.03
79.29,4.45,19.51,2376.2,0.653,74.57
176.66,4.52,16.03,1463.9,0.609,25.81
100.74,2.31,24.31,3390.0,0.453,68.55
168.26,4.76,29.14,2815.7,0.136,20.61
79.32,6.82,30.72,2510.4,0.133,59.13
74.6,7.64,58.4,2098.4,0.75,66.8
130.2,2.2,14.12,1523.7,0.457,45.1
151.32,8.34,16.06,2898.0,0.822,20.0
123.68,6.63,24.15,3152.8,0.567,27.9
79.87,7.14,75.4,1502.0,0.607,69.97
54.93,10.24,57.15,2387.0,0.891,73.05
130.38,5.09,64.78,2363.6,0.198,44.23
67.03,3.33,37.78,2039.8,0.539,89.77
94.61,7.29,25.99,3094.4,0.102,44.61
137.85,11.42,12.85,1438.9,0.373,28.56
62.74,6.94,46.64,1692.0,0.183,67.94
66.54,10.24,53.07,1203.8,0.219,67.45
58.02,9.45,77.28,2095.2,0.891,73.75
179.49,6.94,76.16,1898.8,0.6,30.4
100.32,8.3,41.85,3280.8,0.853,43.44
167.75,5.77,41.77,2989.9,0.449,29.38
88.17,7.07,22.08,1402.7,0.588,53.42
147.92,6.83,29.31,2978.3,0.079,20.0
78.48,8.95,79.42,2821.0,0.473,73.23
114.78,5.8,20.58,1876.1,0.558,46.13
157.2,2.55,82.65,1237.1,0.065,38.21
156.12,9.78,47.86,1476.4,0.761,22.7
153.26,8.69,44.25,1799.9,0.316,20.0
157.09,11.48,23.1,3159.9,0.457,33.71
77.49,6.0,59.62,2316.8,0.532,75.34
112.69,2.32,44.49,3404.1,0.943,55.16
113.03,2.78,37.8,3094.0,0.139,59.53
165.77,9.62,29.84,1889.1,0.55,23.34
88.6,2.21,14.99,3228.9,0.528,73.64
171.09,11.03,48.95,1480.1,0.112,23.35
108.6,4.46,33.47,1286.7,0.621,47.88
137.07,10.94,63.09,2660.5,0.308,42.42
84.95,9.62,64.26,2020.2,0.143,66.25
103.34,10.65,34.91,1990.6,0.211,54.34
142.27,3.75,60.18,2849.3,0.791,40.1
116.66,7.75,29.4,3240.2,0.144,30.78
170.99,2.48,64.54,1973.2,0.47,46.25
145.83,3.62,11.21,1980.0,0.226,33.26
123.37,4.75,21.37,2481.2,0.196,37.12
165.27,9.28,28.38,2767.6,0.235,20.0
136.52,1.76,67.97,1687.0,0.494,59.82
134.15,10.98,14.98,3390.4,0.264,27.17
82.03,2.24,24.1,2770.6,0.137,84.34
101.33,5.45,36.9,2700.4,0.771,55.21
138.83,2.35,10.69,3370.1,0.536,35.84
165.93,9.57,67.16,3377.4,0.191,20.0
91.02,2.98,52.01,1525.3,0.474,75.98
78.01,10.79,77.55,1548.2,0.112,75.7
127.18,7.07,12.33,3028.7,0.572,28.36
58.74,11.46,30.35,3496.5,0.356,73.66
142.89,4.55,64.84,2799.6,0.143,40.04
141.41,6.27,60.64,2187.2,0.215,31.14
96.15,8.79,28.23,2840.3,0.361,51.45
166.05,10.24,54.68,1749.1,0.776,28.29
115.28,5.92,69.53,3595.1,0.206,40.12
133.95,10.87,12.5,2234.6,0.149,31.38
77.25,2.74,63.82,3436.0,0.514,88.51
104.25,8.94,28.91,2233.9,0.553,50.06
162.11,5.16,81.09,3427.5,0.131,26.97
77.68,2.56,50.37,2005.6,0.306,90.54
100.77,5.56,12.5,3025.3,0.286,53.65
91.35,10.74,40.26,3482.4,0.218,58.53
69.64,11.8,82.47,2750.4,0.334,90.65
87.66,5.62,64.78,2826.2,0.083,67.1
80.26,10.81,32.54,1446.9,0.636,66.3
170.07,6.85,53.15,2338.1,0.94,20.0
146.34,9.03,54.93,3328.2,0.621,20.91
91.09,1.98,11.75,1778.2,0.375,71.52
149.23,7.35,23.41,3092.1,0.651,20.0
52.88,2.24,51.38,2821.7,0.564,98.26
118.45,4.32,40.21,1735.2,0.812,44.48
82.54,7.45,24.25,1878.7,0.61,59.68
64.86,9.98,67.95,2226.1,0.621,83.31
164.89,7.39,46.67,1500.3,0.249,20.0
75.91,11.33,33.25,3392.1,0.424,69.82
156.91,10.01,22.13,2974.5,0.36,20.24
103.72,3.14,55.84,2075.9,0.06,67.36
51.86,5.58,59.97,1919.2,0.332,79.12
145.23,8.52,60.22,2855.0,0.487,28.18
127.53,11.35,26.52,2218.1,0.59,44.39
94.74,11.87,54.65,1750.4,0.891,70.3
86.6,9.51,77.91,2232.4,0.265,68.74
59.58,7.52,36.49,3291.1,0.187,66.32
172.39,9.44,25.81,1364.7,0.833,20.0
114.22,4.37,67.91,2084.1,0.898,49.6
61.12,4.48,23.27,3509.6,0.489,71.86
162.93,8.37,29.03,1235.6,0.154,20.0
86.25,10.65,17.55,3337.5,0.487,63.44
76.47,11.68,30.09,2099.6,0.148,72.75
86.52,5.08,40.78,1654.8,0.845,63.5
123.39,9.86,14.81,1236.0,0.687,24.31
59.63,10.44,75.38,1369.3,0.267,75.68
112.63,8.04,48.53,1612.4,0.848,40.6
166.45,5.15,54.11,1261.0,0.624,21.3
74.46,8.0,37.85,2006.0,0.908,62.97
93.05,7.64,60.24,1307.7,0.932,52.49
101.5,7.87,42.38,2861.3,0.053,48.0
126.21,8.0,67.1,3165.4,0.158,37.18
169.5,10.39,71.61,3329.9,0.542,31.69
101.29,3.29,60.39,2517.9,0.91,70.45
58.99,5.36,46.85,3471.6,0.945,68.46
95.23,7.65,68.67,1213.5,0.561,54.52
74.71,4.47,47.07,1521.6,0.206,72.41
134.73,11.77,18.36,1903.6,0.197,37.79
53.8,4.26,18.73,3093.7,0.737,76.25
87.95,6.43,81.14,3324.9,0.583,68.51
120.87,10.71,26.02,2683.5,0.544,42.83
86.05,2.34,71.19,2119.8,0.469,90.68
121.63,10.12,28.5,2798.0,0.703,39.26
64.91,7.5,42.31,1634.2,0.822,63.75
172.56,1.83,59.12,2298.9,0.323,57.17
87.82,10.98,21.92,2418.1,0.249,69.88
169.99,1.91,65.29,1451.7,0.653,46.45
92.36,6.91,61.74,1281.3,0.873,52.19
151.64,2.01,50.73,3000.3,0.363,48.57
82.0,2.25,52.44,2483.3,0.295,87.87
137.07,10.82,17.93,1997.4,0.254,29.2
92.08,9.54,42.7,2249.3,0.279,60.08
116.19,3.57,16.49,3498.5,0.171,43.32
137.6,8.01,33.09,2123.8,0.587,26.25
126.55,9.84,77.52,1448.4,0.303,41.32
124.92,10.84,53.09,2312.6,0.603,38.93
58.54,6.42,65.7,2755.3,0.125,68.25
82.38,10.92,53.04,1229.1,0.154,63.22
124.34,6.83,24.57,1997.6,0.533,33.52
52.38,8.73,54.61,2144.4,0.51,72.0
82.58,11.78,66.65,2312.9,0.294,87.91
79.79,3.98,20.38,1924.0,0.794,73.75
82.48,3.27,71.27,2800.6,0.218,90.04
119.63,5.09,51.65,3467.3,0.375,45.36
125.65,3.23,10.32,3393.6,0.55,38.9
168.17,4.48,48.98,2794.5,0.83,27.12
100.18,9.3,39.68,2416.5,0.427,53.33
170.46,6.51,32.23,3182.0,0.409,20.0
134.75,5.44,67.84,3206.2,0.572,40.58
168.65,5.37,77.46,3191.0,0.335,30.6
158.35,3.54,67.2,1578.8,0.688,39.76
139.39,6.2,73.51,1261.0,0.274,32.16
96.29,8.06,78.16,3559.7,0.791,58.25
81.34,2.96,78.45,3503.2,0.295,84.05
78.91,11.71,18.6,2554.5,0.943,65.77
173.78,6.15,44.23,3583.4,0.335,20.0
174.61,11.45,10.02,3049.3,0.841,25.77
144.23,2.91,47.98,2441.7,0.408,47.66
164.89,9.56,79.32,2134.4,0.271,27.56
169.47,7.99,24.93,2622.9,0.254,20.0
116.5,10.11,57.98,2437.9,0.815,44.48
131.78,7.81,58.33,3585.1,0.328,22.23
104.44,11.61,22.03,2377.1,0.355,54.15
104.4,8.08,27.89,3206.2,0.227,37.99
55.0,9.74,44.65,3152.7,0.915,70.38
106.4,10.71,24.12,1371.4,0.27,46.27
137.55,9.0,53.87,1408.8,0.273,25.55
104.86,7.0,46.34,2783.5,0.9,46.2
163.41,4.36,48.94,1821.9,0.861,26.6
93.23,10.47,20.09,2778.1,0.274,57.07
67.25,6.55,48.79,1547.1,0.828,64.92
155.5,8.02,13.71,2153.0,0.275,20.0
137.61,2.33,76.12,1445.9,0.126,48.93
