id_sensor,temperatura_c,vibracion_hz,presion_psi,velocidad_rpm,desgaste_porcentaje,falla_inminente
SNS-00001,77.96,46.88,107.01,2552.8,6.75,0
SNS-00002,70.34,38.56,123.18,2584.3,5.0,0
SNS-00003,79.77,46.83,110.16,3414.9,9.23,0
SNS-00004,90.28,53.15,115.11,2800.2,9.56,0
SNS-00005,69.19,45.73,150.12,3034.6,11.86,0
SNS-00006,69.19,45.61,144.13,2562.7,5.0,0
SNS-00007,90.95,34.47,96.61,2566.0,5.0,0
SNS-00008,81.21,35.06,134.94,3124.6,13.88,0
SNS-00009,66.37,23.96,134.61,2395.1,10.79,0
SNS-00010,78.51,71.24,99.33,2675.4,14.06,0
SNS-00011,66.44,26.34,134.74,2810.2,9.14,0
SNS-00012,66.41,34.61,147.68,2833.4,5.0,0
SNS-00013,74.9,34.22,99.79,2746.3,5.0,0
SNS-00014,49.04,58.42,103.48,2918.7,6.53,0
SNS-00015,51.3,40.58,138.32,3007.9,10.68,0
SNS-00016,65.25,63.72,124.89,3020.4,14.81,0
SNS-00017,59.85,34.9,129.93,2504.3,9.3,0
SNS-00018,75.77,49.18,126.13,2714.8,5.51,0
SNS-00019,61.1,32.47,127.03,3158.4,10.64,0
SNS-00020,55.05,77.18,96.12,3068.4,19.6,1
SNS-00021,89.59,27.19,138.85,2388.1,9.84,0
SNS-00022,69.29,49.65,141.05,2905.4,10.68,0
SNS-00023,72.81,54.51,115.87,2206.5,5.91,0
SNS-00024,54.9,51.21,119.22,2814.1,7.55,0
SNS-00025,65.47,42.22,92.44,3369.3,7.55,0
SNS-00026,73.33,43.05,129.26,2515.6,7.49,0
SNS-00027,58.19,45.66,130.3,2549.7,6.84,0
SNS-00028,76.51,42.79,118.88,3029.2,11.1,0
SNS-00029,64.79,59.46,140.24,2337.2,16.59,1
SNS-00030,68.5,78.16,113.99,2610.2,17.46,1
SNS-00031,64.78,36.64,130.16,2978.9,10.33,0
SNS-00032,94.23,24.45,101.65,2609.7,5.0,0
SNS-00033,71.84,43.68,119.58,2729.2,7.72,0
SNS-00034,59.31,83.7,116.86,3023.3,30.5,1
SNS-00035,81.87,32.94,124.06,2926.5,5.0,0
SNS-00036,57.35,69.59,113.35,2880.0,16.34,1
SNS-00037,74.51,70.17,117.63,2698.3,15.36,1
SNS-00038,48.48,36.7,134.87,2911.0,5.29,0
SNS-00039,56.06,53.53,112.14,2762.9,11.75,0
SNS-00040,74.36,69.43,91.08,2937.3,11.75,0
SNS-00041,80.86,39.31,151.49,2650.9,8.0,0
SNS-00042,74.06,41.95,144.87,2745.2,9.73,0
SNS-00043,70.61,36.27,96.74,2503.0,5.0,0
SNS-00044,68.39,29.78,132.41,2789.5,5.56,0
SNS-00045,54.26,35.26,110.95,2556.7,6.14,0
SNS-00046,63.36,26.64,124.74,2465.8,5.73,0
SNS-00047,66.47,45.51,125.3,2877.6,5.0,0
SNS-00048,84.69,33.45,115.78,2863.8,5.0,0
SNS-00049,76.12,48.51,105.89,3034.9,5.82,0
SNS-00050,50.84,21.66,107.57,2670.7,5.0,0
SNS-00051,75.89,49.96,103.51,2922.4,5.0,0
SNS-00052,67.38,57.5,105.03,2965.2,18.16,1
SNS-00053,63.88,15.09,118.79,2933.4,8.41,0
SNS-00054,79.34,50.61,107.12,2552.3,6.88,0
SNS-00055,84.37,63.42,132.28,2844.8,22.07,1
SNS-00056,83.18,26.86,146.77,2909.2,19.66,1
SNS-00057,61.93,70.09,109.56,2802.2,18.27,1
SNS-00058,68.29,51.29,124.31,2174.1,12.0,0
SNS-00059,75.98,34.42,128.99,2848.1,7.45,0
SNS-00060,83.71,44.16,128.5,3463.8,17.48,1
SNS-00061,66.25,53.37,121.37,2692.0,6.47,0
SNS-00062,69.77,46.14,133.37,2581.6,5.0,0
SNS-00063,58.72,53.08,128.68,2912.0,7.87,0
SNS-00064,57.65,31.19,97.72,2893.7,5.0,0
SNS-00065,81.75,47.54,135.64,3157.8,14.24,0
SNS-00066,88.27,23.79,135.97,2422.6,5.0,0
SNS-00067,71.14,43.33,106.26,3019.4,6.35,0
SNS-00068,84.04,31.44,120.68,2977.1,8.16,0
SNS-00069,76.34,33.97,132.3,2757.4,7.48,0
SNS-00070,64.26,63.54,116.23,2901.6,11.31,0
SNS-00071,76.34,61.37,139.31,3108.8,29.58,1
SNS-00072,90.46,54.14,162.55,3061.7,26.6,1
SNS-00073,71.57,28.62,105.85,2457.1,5.0,0
SNS-00074,90.78,40.25,95.14,3046.0,8.64,0
SNS-00075,40.56,63.2,125.47,2780.6,13.18,0
SNS-00076,81.86,47.13,132.99,2821.9,7.17,0
SNS-00077,73.04,79.79,115.84,2822.0,19.41,1
SNS-00078,68.41,50.9,146.16,2754.9,12.93,0
SNS-00079,73.1,47.88,95.91,3157.5,5.0,0
SNS-00080,48.15,40.36,132.47,2774.9,10.58,0
SNS-00081,69.36,47.0,109.09,2464.1,7.61,0
SNS-00082,76.29,42.71,150.95,2681.9,15.4,1
SNS-00083,89.73,55.62,155.87,2853.6,16.32,1
SNS-00084,65.78,59.35,106.2,3168.8,14.12,0
SNS-00085,62.3,33.21,110.11,2980.9,6.15,0
SNS-00086,65.98,25.03,135.47,2544.8,5.0,0
SNS-00087,82.98,17.46,113.03,3545.6,14.09,0
SNS-00088,75.95,52.62,119.18,2879.4,15.31,1
SNS-00089,65.64,28.45,120.46,3182.6,8.7,0
SNS-00090,78.16,12.71,85.45,2754.5,5.0,0
SNS-00091,73.16,50.83,119.75,2960.0,6.54,0
SNS-00092,83.62,82.39,107.58,3051.8,24.67,1
SNS-00093,63.58,44.91,111.12,3165.5,5.95,0
SNS-00094,68.07,57.58,145.99,3117.2,16.68,1
SNS-00095,67.29,46.23,97.38,3061.7,5.0,0
SNS-00096,54.44,43.52,134.64,2705.5,7.2,0
SNS-00097,75.55,58.79,114.98,2628.5,5.0,0
SNS-00098,75.13,40.65,114.96,2899.8,5.0,0
SNS-00099,72.06,49.01,134.23,3079.9,14.46,0
SNS-00100,69.18,49.83,126.12,2733.2,10.14,0
SNS-00101,55.02,34.98,130.27,3119.6,7.33,0
SNS-00102,66.95,59.88,137.43,3235.8,14.85,0
SNS-00103,67.89,42.38,114.04,2525.1,5.0,0
SNS-00104,62.37,33.66,108.98,2548.9,5.0,0
SNS-00105,70.06,53.05,100.47,2757.9,7.75,0
SNS-00106,76.85,31.52,105.14,2892.3,7.0,0
SNS-00107,94.63,45.42,173.08,2642.6,17.33,1
SNS-00108,74.09,44.86,142.4,3205.7,10.06,0
SNS-00109,75.09,61.29,95.68,2927.2,11.09,0
SNS-00110,71.11,52.12,96.2,2811.8,5.0,0
SNS-00111,48.97,44.62,128.67,2369.2,5.0,0
SNS-00112,71.68,57.27,129.85,2405.3,15.84,1
SNS-00113,72.72,65.85,129.88,2884.3,19.95,1
SNS-00114,101.56,53.37,115.41,2160.2,17.02,1
SNS-00115,69.69,45.16,117.74,3103.8,5.0,0
SNS-00116,75.62,25.32,125.9,2752.6,6.66,0
SNS-00117,71.58,29.02,121.55,3772.9,23.83,1
SNS-00118,57.98,40.42,80.05,3492.4,6.43,0
SNS-00119,85.71,35.86,115.86,2745.6,11.29,0
SNS-00120,81.02,42.2,104.67,2768.1,9.34,0
SNS-00121,81.49,45.85,123.15,3098.7,17.2,1
SNS-00122,61.09,52.95,173.73,3311.0,22.92,1
SNS-00123,88.83,43.94,126.61,2308.6,12.13,0
SNS-00124,55.18,52.3,114.36,2264.1,11.75,0
SNS-00125,79.04,45.97,136.59,2613.4,11.04,0
SNS-00126,98.29,15.37,128.69,2974.8,13.85,0
SNS-00127,60.11,30.91,127.56,2949.1,5.0,0
SNS-00128,65.2,42.84,130.92,3120.9,10.78,0
SNS-00129,73.2,26.85,157.02,2440.1,5.02,0
SNS-00130,65.96,54.0,99.64,2105.2,5.79,0
SNS-00131,53.39,67.96,128.53,3057.4,22.97,1
SNS-00132,72.82,63.28,103.33,2551.5,5.0,0
SNS-00133,59.25,41.8,130.0,2194.5,11.92,0
SNS-00134,77.68,67.36,103.46,2843.5,18.36,1
SNS-00135,60.97,47.23,112.49,3038.0,5.54,0
SNS-00136,90.6,39.94,114.69,2763.4,10.27,0
SNS-00137,62.6,35.8,137.56,2662.6,6.21,0
SNS-00138,68.14,40.46,136.53,2752.2,11.63,0
SNS-00139,81.76,39.18,97.58,2688.8,6.47,0
SNS-00140,57.23,47.56,120.99,2395.6,5.0,0
SNS-00141,74.73,47.41,107.23,2585.6,6.72,0
SNS-00142,87.69,45.05,97.35,2956.4,6.61,0
SNS-00143,52.71,51.55,116.09,2896.5,8.26,0
SNS-00144,74.22,62.86,114.45,2850.4,10.49,0
SNS-00145,75.12,59.24,163.68,2501.5,23.65,1
SNS-00146,81.38,22.73,127.79,2745.5,11.12,0
SNS-00147,57.16,10.0,95.2,2146.9,5.0,0
SNS-00148,56.15,59.01,109.83,2853.5,5.0,0
SNS-00149,78.26,24.5,138.38,3228.7,11.63,0
SNS-00150,75.56,41.63,157.59,2357.8,12.65,0
SNS-00151,75.01,27.45,91.45,2624.2,5.0,0
SNS-00152,76.16,17.97,86.16,2898.7,6.36,0
SNS-00153,63.84,53.12,153.68,3175.9,19.73,1
SNS-00154,74.79,56.39,127.01,2665.5,14.38,0
SNS-00155,75.52,36.35,104.37,2592.3,5.0,0
SNS-00156,63.43,10.0,129.62,2209.3,5.0,0
SNS-00157,94.39,36.81,72.56,2831.0,5.0,0
SNS-00158,77.69,50.88,120.06,3412.6,20.1,1
SNS-00159,57.7,22.82,125.9,2883.2,5.61,0
SNS-00160,79.88,47.75,136.64,2793.3,12.61,0
SNS-00161,60.3,44.77,101.75,2896.6,5.0,0
SNS-00162,81.45,53.69,121.54,2796.7,7.3,0
SNS-00163,85.9,46.79,103.34,2556.1,5.71,0
SNS-00164,62.15,30.4,124.6,3047.0,7.79,0
SNS-00165,83.56,62.95,103.88,2867.7,11.1,0
SNS-00166,76.95,42.62,112.65,2805.3,5.0,0
SNS-00167,81.86,44.59,102.08,2507.4,5.0,0
SNS-00168,94.76,31.0,131.72,3191.1,19.5,1
SNS-00169,69.06,38.35,135.45,2999.4,7.75,0
SNS-00170,62.96,31.73,115.78,2634.1,7.7,0
SNS-00171,61.33,42.41,120.69,3100.5,13.3,0
SNS-00172,62.21,70.68,93.93,2650.7,12.29,0
SNS-00173,71.07,24.42,114.61,2565.4,5.0,0
SNS-00174,76.09,20.8,119.1,2572.1,5.0,0
SNS-00175,75.32,67.07,167.17,2268.7,17.62,1
SNS-00176,81.93,41.86,99.98,2941.5,5.0,0
SNS-00177,72.16,34.96,146.36,2250.7,13.34,0
SNS-00178,89.44,60.6,137.94,2431.5,17.97,1
SNS-00179,68.82,35.92,125.05,2177.3,6.83,0
SNS-00180,104.64,72.39,151.66,2774.2,25.07,1
SNS-00181,79.51,55.17,126.7,2754.9,7.43,0
SNS-00182,61.71,37.68,127.0,2702.0,8.05,0
SNS-00183,59.15,77.36,119.04,2487.2,21.81,1
SNS-00184,77.79,35.91,142.02,2448.3,7.68,0
SNS-00185,69.32,56.13,139.74,2939.3,15.76,1
SNS-00186,80.57,49.49,108.74,2634.8,12.37,0
SNS-00187,77.68,64.53,96.25,2894.9,11.32,0
SNS-00188,71.13,68.42,116.35,2534.4,15.14,0
SNS-00189,61.84,45.48,105.6,2854.3,5.0,0
SNS-00190,53.82,33.7,118.86,3191.0,16.28,1
SNS-00191,66.64,51.9,142.27,2975.8,5.31,0
SNS-00192,82.28,34.83,111.77,2676.3,7.14,0
SNS-00193,74.57,75.2,119.23,2877.2,21.31,1
SNS-00194,57.05,47.05,121.04,2727.8,8.03,0
SNS-00195,74.08,39.52,135.27,2802.4,5.62,0
SNS-00196,76.62,47.77,79.56,2702.3,5.0,0
SNS-00197,61.39,24.79,109.08,2750.7,5.0,0
SNS-00198,73.84,30.43,123.8,2863.6,16.75,1
SNS-00199,72.7,63.01,141.6,2502.0,18.59,1
SNS-00200,58.28,35.15,111.15,2495.2,5.0,0
SNS-00201,76.29,29.3,86.22,2383.4,5.0,0
SNS-00202,78.73,53.05,131.15,2319.9,9.41,0
SNS-00203,85.0,62.79,108.56,2434.8,6.77,0
SNS-00204,84.65,55.78,98.59,2847.8,8.2,0
SNS-00205,55.47,59.94,108.76,2532.2,11.16,0
SNS-00206,60.75,33.65,116.68,2954.1,5.0,0
SNS-00207,78.18,23.67,109.11,2810.4,7.97,0
SNS-00208,78.17,67.52,80.3,2209.4,12.51,0
SNS-00209,78.18,40.16,136.15,2996.5,7.8,0
SNS-00210,118.23,41.24,142.95,3043.2,26.86,1
SNS-00211,78.85,64.92,131.73,2501.8,21.89,1
SNS-00212,85.63,53.34,99.52,2926.1,11.95,0
SNS-00213,83.45,51.84,116.37,2543.1,9.07,0
SNS-00214,79.82,77.48,119.88,2829.3,23.23,1
SNS-00215,68.22,35.35,130.78,2420.7,5.51,0
SNS-00216,81.11,58.92,132.03,2262.1,12.5,0
SNS-00217,62.73,45.86,106.78,2685.2,5.0,0
SNS-00218,69.16,49.03,121.48,2762.9,14.38,0
SNS-00219,66.18,67.93,128.23,2680.7,16.8,1
SNS-00220,72.98,52.62,146.2,2444.8,13.29,0
SNS-00221,99.78,53.07,132.68,2680.0,17.19,1
SNS-00222,49.59,61.09,134.2,2880.8,12.28,0
SNS-00223,80.24,39.53,121.51,2786.5,6.17,0
SNS-00224,52.65,32.41,145.39,2854.8,5.0,0
SNS-00225,66.34,29.33,127.38,2599.0,12.38,0
SNS-00226,85.07,15.5,104.5,3151.5,5.42,0
SNS-00227,72.77,75.84,145.26,2447.1,20.83,1
SNS-00228,59.07,28.45,132.56,2946.3,5.36,0
SNS-00229,63.42,41.68,112.03,3154.6,11.75,0
SNS-00230,80.16,40.85,111.37,2944.3,6.7,0
SNS-00231,63.24,49.61,125.34,2739.2,5.0,0
SNS-00232,74.6,57.24,128.34,2641.5,15.84,1
SNS-00233,72.55,57.91,123.55,3110.8,16.84,1
SNS-00234,64.18,36.25,125.6,2373.1,6.29,0
SNS-00235,97.73,42.49,150.6,2509.0,18.46,1
SNS-00236,79.61,49.24,139.29,2680.7,19.48,1
SNS-00237,47.7,41.27,123.43,3171.3,17.44,1
SNS-00238,74.24,69.11,136.94,2913.9,18.1,1
SNS-00239,64.06,52.36,101.41,2509.6,9.98,0
SNS-00240,82.23,56.02,127.16,2706.9,13.73,0
SNS-00241,62.49,54.94,152.57,2615.7,14.77,0
SNS-00242,70.62,62.6,116.08,2587.1,5.63,0
SNS-00243,78.06,47.72,104.74,3093.7,7.78,0
SNS-00244,82.39,25.55,108.26,2388.5,5.0,0
SNS-00245,57.6,51.0,100.39,3282.6,12.64,0
SNS-00246,67.99,35.23,105.87,3048.5,8.18,0
SNS-00247,66.3,37.07,113.33,3127.3,5.0,0
SNS-00248,64.16,53.8,94.7,2661.1,5.0,0
SNS-00249,93.19,63.57,120.28,2755.0,22.14,1
SNS-00250,76.86,45.32,136.24,2370.1,8.25,0
SNS-00251,56.87,49.63,103.66,2642.6,6.44,0
SNS-00252,83.01,70.53,147.35,2948.1,26.13,1
SNS-00253,97.47,48.61,129.19,3188.8,20.11,1
SNS-00254,84.39,84.03,138.55,2467.9,31.17,1
SNS-00255,53.77,53.48,108.16,2690.3,5.0,0
SNS-00256,66.19,18.59,135.38,2754.6,5.0,0
SNS-00257,87.2,56.3,100.35,2381.3,11.91,0
SNS-00258,63.51,50.72,136.02,2977.4,11.25,0
SNS-00259,77.33,64.35,123.09,2582.8,13.99,0
SNS-00260,81.3,55.1,129.96,2741.4,10.9,0
SNS-00261,60.88,42.92,98.84,2664.4,5.0,0
SNS-00262,71.29,26.64,103.89,2563.2,5.01,0
SNS-00263,40.0,41.86,130.75,2797.9,7.45,0
SNS-00264,59.71,32.24,102.93,2735.3,5.0,0
SNS-00265,68.97,36.29,128.34,2688.4,7.93,0
SNS-00266,57.03,53.83,95.39,2581.5,5.0,0
SNS-00267,91.59,70.05,135.27,2895.9,24.79,1
SNS-00268,54.84,50.92,97.81,3296.1,15.27,0
SNS-00269,66.72,27.06,129.94,2842.0,5.88,0
SNS-00270,73.57,51.67,131.26,3098.8,13.96,0
SNS-00271,89.3,62.95,107.46,2382.9,10.11,0
SNS-00272,54.77,35.85,130.48,2847.3,5.42,0
SNS-00273,85.96,42.99,124.69,2470.8,10.56,0
SNS-00274,72.12,45.22,110.3,2356.9,5.0,0
SNS-00275,60.22,33.23,101.85,2578.2,5.0,0
SNS-00276,77.55,54.72,84.67,3157.6,8.81,0
SNS-00277,74.39,43.19,126.29,3085.0,9.94,0
SNS-00278,64.8,51.29,91.83,2872.9,7.54,0
SNS-00279,72.84,31.69,121.72,2340.2,5.53,0
SNS-00280,67.38,38.44,115.26,2741.1,8.88,0
SNS-00281,73.36,55.84,132.22,2890.5,9.11,0
SNS-00282,79.95,39.41,114.56,2852.7,6.6,0
SNS-00283,91.03,70.9,114.07,2246.9,21.25,1
SNS-00284,57.15,39.01,133.17,2532.9,5.0,0
SNS-00285,97.6,48.37,126.03,2780.8,17.81,1
SNS-00286,48.57,58.99,125.69,2960.9,21.49,1
SNS-00287,70.18,23.72,128.45,2141.2,6.33,0
SNS-00288,79.06,18.59,92.36,2751.4,5.0,0
SNS-00289,75.37,22.12,133.62,2842.9,8.19,0
SNS-00290,64.53,63.94,131.02,3054.9,14.55,0
SNS-00291,69.5,36.72,101.7,3007.9,5.0,0
SNS-00292,66.08,83.37,115.61,2974.8,25.1,1
SNS-00293,64.93,36.54,119.29,2560.0,5.0,0
SNS-00294,82.2,47.77,117.58,2227.6,14.33,0
SNS-00295,76.28,68.13,126.01,2682.1,16.79,1
SNS-00296,63.69,75.09,145.76,3100.5,25.59,1
SNS-00297,82.8,75.92,139.47,3218.0,33.66,1
SNS-00298,75.69,63.13,96.38,3013.2,8.17,0
SNS-00299,81.75,60.36,131.2,2928.8,13.57,0
SNS-00300,79.56,53.89,143.92,2913.9,15.02,0
SNS-00301,62.05,56.68,126.96,2633.2,13.54,0
SNS-00302,65.28,36.73,139.64,2761.0,8.88,0
SNS-00303,80.97,32.73,156.22,3300.7,17.97,1
SNS-00304,79.32,44.95,138.43,2517.2,9.7,0
SNS-00305,71.75,42.45,124.49,3284.4,13.16,0
SNS-00306,73.41,38.2,138.81,2703.4,8.38,0
SNS-00307,87.33,55.45,122.61,3197.6,13.57,0
SNS-00308,64.9,59.33,120.43,2378.0,10.38,0
SNS-00309,78.57,46.33,113.67,2975.8,5.0,0
SNS-00310,69.57,67.16,148.14,2579.0,19.07,1
SNS-00311,69.39,27.87,105.27,2375.4,5.0,0
SNS-00312,85.19,42.1,147.58,2865.6,21.7,1
SNS-00313,81.9,34.25,129.0,3102.8,10.39,0
SNS-00314,81.76,17.0,94.81,2546.5,5.0,0
SNS-00315,87.67,43.76,126.62,2350.3,9.09,0
SNS-00316,72.25,43.17,82.2,2772.4,5.0,0
SNS-00317,80.18,67.7,131.26,2773.8,24.7,1
SNS-00318,68.28,54.46,135.93,2964.5,10.61,0
SNS-00319,75.89,29.64,109.34,3084.9,5.0,0
SNS-00320,70.44,72.81,122.22,2782.2,22.2,1
SNS-00321,73.16,63.32,155.17,3356.7,20.53,1
SNS-00322,79.14,53.73,110.9,2867.3,7.79,0
SNS-00323,62.18,41.6,100.94,2696.1,5.0,0
SNS-00324,97.11,30.61,146.67,2316.5,13.98,0
SNS-00325,59.93,39.42,155.33,2721.2,11.91,0
SNS-00326,57.43,61.33,120.07,2699.1,8.9,0
SNS-00327,85.9,73.27,138.21,3088.1,26.56,1
SNS-00328,81.5,68.15,144.15,2938.7,22.45,1
SNS-00329,79.49,37.67,106.64,2446.2,5.0,0
SNS-00330,79.54,28.21,111.26,2851.7,5.2,0
SNS-00331,71.85,47.11,142.16,3001.5,13.41,0
SNS-00332,61.23,18.47,150.33,3258.4,17.33,1
SNS-00333,72.91,49.85,130.13,3066.3,13.09,0
SNS-00334,63.87,42.79,104.16,3028.3,6.39,0
SNS-00335,83.7,38.01,155.77,2818.0,7.16,0
SNS-00336,70.24,21.08,110.44,2916.5,5.0,0
SNS-00337,62.09,52.7,113.97,3174.9,12.47,0
SNS-00338,68.14,37.01,126.16,2400.2,7.3,0
SNS-00339,76.96,27.45,147.97,2695.2,6.64,0
SNS-00340,65.24,10.0,135.37,2568.2,6.38,0
SNS-00341,62.13,44.59,127.47,2913.7,5.55,0
SNS-00342,74.92,71.58,128.34,3169.1,25.55,1
SNS-00343,74.94,69.92,120.78,2620.9,20.75,1
SNS-00344,65.92,38.14,130.05,2082.9,5.53,0
SNS-00345,66.35,35.97,74.47,2676.3,5.0,0
SNS-00346,74.78,52.03,114.66,3074.0,10.9,0
SNS-00347,54.62,30.02,124.34,2961.3,5.49,0
SNS-00348,55.11,49.53,99.28,2928.5,5.0,0
SNS-00349,63.38,56.49,126.95,2716.0,12.79,0
SNS-00350,69.44,63.4,116.32,2416.3,13.03,0
SNS-00351,75.73,43.5,151.6,2954.6,20.47,1
SNS-00352,89.7,41.94,148.31,2549.7,9.84,0
SNS-00353,82.29,31.83,111.62,3455.2,15.19,0
SNS-00354,70.08,32.6,117.28,2971.2,5.0,0
SNS-00355,71.77,41.6,118.67,2625.8,5.0,0
SNS-00356,59.97,50.51,111.87,2616.6,5.24,0
SNS-00357,71.78,58.7,123.51,2772.1,12.03,0
SNS-00358,68.54,32.95,106.35,2728.1,12.12,0
SNS-00359,75.87,67.39,99.65,3135.1,15.78,1
SNS-00360,62.07,40.93,131.21,2855.9,5.0,0
SNS-00361,78.23,44.68,131.33,2580.5,9.11,0
SNS-00362,90.39,33.79,105.52,3367.1,5.82,0
SNS-00363,70.69,10.0,136.12,2814.8,9.86,0
SNS-00364,76.82,58.26,108.63,3030.7,11.97,0
SNS-00365,80.28,56.05,124.56,2617.5,14.09,0
SNS-00366,67.19,40.78,134.77,2908.9,11.48,0
SNS-00367,74.69,46.0,119.39,2893.3,5.82,0
SNS-00368,72.15,52.74,128.19,2233.1,9.29,0
SNS-00369,73.17,21.56,110.7,3404.6,8.54,0
SNS-00370,62.72,37.06,116.46,3187.2,5.0,0
SNS-00371,72.29,56.91,116.29,2680.8,10.41,0
SNS-00372,77.98,26.19,106.56,2469.3,5.0,0
SNS-00373,89.41,49.4,116.82,2904.3,10.04,0
SNS-00374,83.51,24.65,92.12,2826.0,5.0,0
SNS-00375,97.84,52.0,111.16,2906.7,16.28,1
SNS-00376,62.79,44.47,114.87,2857.5,11.53,0
SNS-00377,82.47,20.77,115.39,2951.9,5.0,0
SNS-00378,74.2,62.47,115.65,3234.2,10.7,0
SNS-00379,98.28,33.98,118.89,2970.4,12.06,0
SNS-00380,62.3,32.85,128.63,2485.1,5.0,0
SNS-00381,61.92,48.01,135.74,3208.8,13.76,0
SNS-00382,64.81,62.23,108.3,3292.2,14.38,0
SNS-00383,46.51,29.76,98.34,3745.6,15.47,1
SNS-00384,65.69,45.93,101.24,2463.0,5.0,0
SNS-00385,62.89,51.43,111.23,2872.9,10.43,0
SNS-00386,73.8,55.4,113.67,2175.4,5.0,0
SNS-00387,76.1,47.65,106.14,2965.9,5.59,0
SNS-00388,94.51,39.49,96.67,2635.5,7.11,0
SNS-00389,83.41,32.59,111.79,3377.0,9.04,0
SNS-00390,65.08,46.29,123.27,2567.6,11.85,0
SNS-00391,61.22,28.92,130.71,2293.2,5.0,0
SNS-00392,77.9,10.0,109.97,2658.6,6.4,0
SNS-00393,56.16,51.55,112.57,2207.4,8.48,0
SNS-00394,93.98,58.56,103.32,3025.3,13.49,0
SNS-00395,86.15,10.0,119.43,2180.5,5.0,0
SNS-00396,66.37,29.85,104.73,2808.5,5.0,0
SNS-00397,51.44,54.29,130.32,2176.7,14.28,0
SNS-00398,88.25,75.86,87.85,2703.9,18.23,1
SNS-00399,70.63,45.31,113.53,3293.0,7.8,0
SNS-00400,86.85,34.08,125.42,2908.2,12.46,0
SNS-00401,52.87,42.26,123.31,2541.0,5.0,0
SNS-00402,64.81,65.62,168.47,2790.6,19.6,1
SNS-00403,72.06,35.31,126.3,2805.4,6.35,0
SNS-00404,72.56,33.01,101.93,2941.8,5.8,0
SNS-00405,66.6,37.76,118.28,2389.9,11.9,0
SNS-00406,79.47,30.7,88.03,2977.8,5.28,0
SNS-00407,59.19,46.84,118.55,1988.7,11.73,0
SNS-00408,70.29,69.37,105.0,2611.0,12.03,0
SNS-00409,73.44,49.85,136.48,2653.5,6.17,0
SNS-00410,78.17,41.21,110.11,2990.0,6.79,0
SNS-00411,80.54,40.62,117.9,2806.8,7.01,0
SNS-00412,58.5,21.55,108.56,2378.3,5.0,0
SNS-00413,53.59,58.25,151.3,2504.5,13.67,0
SNS-00414,87.33,43.83,114.22,2859.6,10.09,0
SNS-00415,75.99,42.29,152.99,2776.3,12.46,0
SNS-00416,63.02,92.9,134.65,2626.3,38.82,1
SNS-00417,90.61,49.48,128.68,2655.7,13.28,0
SNS-00418,73.39,33.72,126.64,3008.9,5.82,0
SNS-00419,86.15,38.6,127.09,2644.7,6.49,0
SNS-00420,72.81,62.23,85.3,2773.6,5.0,0
SNS-00421,96.73,46.7,114.98,3451.0,26.51,1
SNS-00422,93.06,23.43,135.21,2372.9,11.3,0
SNS-00423,69.01,58.79,119.12,2244.4,9.77,0
SNS-00424,83.66,34.98,94.71,3035.1,5.0,0
SNS-00425,79.74,73.1,119.06,2596.4,30.04,1
SNS-00426,88.42,61.2,150.67,2704.5,16.09,1
SNS-00427,60.42,38.29,142.44,2565.7,5.46,0
SNS-00428,80.23,64.22,118.88,2722.1,16.19,1
SNS-00429,84.7,46.02,137.13,3279.6,18.85,1
SNS-00430,50.9,57.79,113.4,3040.6,14.88,0
SNS-00431,57.8,52.27,89.33,3058.7,11.84,0
SNS-00432,47.53,32.3,103.36,2375.1,5.0,0
SNS-00433,68.77,35.35,148.13,2454.7,5.0,0
SNS-00434,80.61,60.45,115.07,1948.3,13.95,0
SNS-00435,90.03,39.98,115.62,2557.2,8.76,0
SNS-00436,72.89,38.95,114.6,3087.0,14.35,0
SNS-00437,91.54,30.67,154.27,2955.1,10.3,0
SNS-00438,55.44,51.35,149.27,2733.5,15.9,1
SNS-00439,51.56,75.94,159.94,2793.3,27.72,1
SNS-00440,71.33,28.99,117.14,2593.3,6.24,0
SNS-00441,76.61,45.36,125.32,2861.4,8.02,0
SNS-00442,71.61,66.18,92.7,3029.8,9.91,0
SNS-00443,47.19,43.81,146.58,2315.2,12.3,0
SNS-00444,70.93,51.79,98.98,2889.9,8.05,0
SNS-00445,56.35,29.06,123.9,3079.7,10.42,0
SNS-00446,80.04,51.42,100.25,2675.5,5.98,0
SNS-00447,76.4,42.19,109.4,3010.2,5.0,0
SNS-00448,60.72,59.79,104.93,3644.4,15.48,1
SNS-00449,65.83,62.81,109.06,2768.7,13.73,0
SNS-00450,59.29,83.84,110.3,2918.0,27.97,1
SNS-00451,71.25,53.69,110.13,2578.6,5.0,0
SNS-00452,83.46,49.89,135.0,2854.4,10.54,0
SNS-00453,60.17,47.92,100.11,2938.1,5.0,0
SNS-00454,78.05,39.7,123.97,2858.5,5.0,0
SNS-00455,65.64,50.08,141.92,2494.1,6.81,0
SNS-00456,62.49,40.57,110.76,2861.9,5.0,0
SNS-00457,70.72,47.53,107.08,3238.7,8.11,0
SNS-00458,59.58,64.76,115.85,2934.6,11.35,0
SNS-00459,65.36,29.9,141.24,3088.6,5.0,0
SNS-00460,57.63,62.1,123.49,2728.9,19.4,1
SNS-00461,95.58,64.76,110.44,3025.0,24.7,1
SNS-00462,72.42,43.23,128.71,2883.8,5.22,0
SNS-00463,63.6,13.17,100.16,2514.7,5.0,0
SNS-00464,74.57,35.88,132.26,2895.6,9.2,0
SNS-00465,70.65,64.45,127.35,2502.5,18.34,1
SNS-00466,69.35,44.66,114.46,2610.1,5.0,0
SNS-00467,79.37,30.01,104.91,2856.8,7.71,0
SNS-00468,81.09,37.43,104.04,2889.2,5.0,0
SNS-00469,65.63,57.61,129.63,2443.2,6.06,0
SNS-00470,65.09,53.2,142.12,3116.2,17.09,1
SNS-00471,68.7,41.42,108.53,2971.6,9.44,0
SNS-00472,44.38,39.5,128.25,2588.6,15.32,1
SNS-00473,53.82,39.12,82.43,2338.7,5.0,0
SNS-00474,88.4,31.16,109.48,2756.5,8.57,0
SNS-00475,91.74,69.23,119.44,2666.2,19.11,1
SNS-00476,69.01,40.17,103.63,2833.9,5.63,0
SNS-00477,78.92,63.26,103.14,2691.1,6.33,0
SNS-00478,75.74,67.82,107.98,2197.8,10.37,0
SNS-00479,108.95,59.97,125.26,2683.5,20.58,1
SNS-00480,85.43,38.53,116.63,2708.3,7.02,0
SNS-00481,70.46,51.06,79.71,2990.1,5.0,0
SNS-00482,60.53,44.64,81.83,2590.5,5.0,0
SNS-00483,52.72,31.44,109.08,3303.6,11.69,0
SNS-00484,74.44,49.87,128.24,2226.5,11.28,0
SNS-00485,62.92,27.31,70.54,3193.4,6.16,0
SNS-00486,54.93,62.82,111.0,2732.7,12.39,0
SNS-00487,64.24,38.03,110.53,3057.9,5.0,0
SNS-00488,59.02,48.02,144.99,2823.9,15.17,0
SNS-00489,92.25,49.25,113.07,3141.9,12.13,0
SNS-00490,82.58,41.12,126.89,2683.8,11.1,0
SNS-00491,71.9,53.8,122.54,2470.4,14.14,0
SNS-00492,89.76,37.88,81.65,3226.2,9.04,0
SNS-00493,72.93,58.07,133.83,2766.0,7.68,0
SNS-00494,61.66,24.81,123.88,2866.5,5.0,0
SNS-00495,90.28,46.9,129.15,3170.4,20.36,1
SNS-00496,78.47,74.08,190.0,2490.4,30.16,1
SNS-00497,59.55,30.0,82.49,2978.6,5.0,0
SNS-00498,69.72,34.83,151.04,2623.0,11.12,0
SNS-00499,61.49,52.71,114.83,2760.3,9.48,0
SNS-00500,55.41,47.69,125.17,2821.7,8.4,0
SNS-00501,83.11,50.26,119.18,2349.9,8.33,0
SNS-00502,94.91,52.34,112.36,2566.3,10.89,0
SNS-00503,55.22,54.52,109.74,3205.3,14.36,0
SNS-00504,78.76,61.65,125.93,3065.9,18.8,1
SNS-00505,64.19,51.15,92.69,2781.2,5.0,0
SNS-00506,66.15,41.38,133.51,2872.9,11.43,0
SNS-00507,64.89,55.09,112.51,2711.7,7.03,0
SNS-00508,61.63,73.5,99.66,3207.0,17.12,1
SNS-00509,72.58,43.01,111.9,2739.9,5.0,0
SNS-00510,62.03,30.38,142.63,2869.6,5.0,0
SNS-00511,75.25,61.61,110.36,3143.8,13.9,0
SNS-00512,71.4,43.19,126.45,2566.8,10.37,0
SNS-00513,69.13,12.41,106.84,3267.6,6.99,0
SNS-00514,61.11,57.71,133.64,2340.9,12.11,0
SNS-00515,65.08,36.97,132.34,3288.9,9.29,0
SNS-00516,81.06,43.64,153.27,2688.2,11.14,0
SNS-00517,78.01,49.98,116.84,2727.2,5.0,0
SNS-00518,60.27,47.86,132.04,2233.0,7.3,0
SNS-00519,73.19,55.64,121.77,2663.6,8.98,0
SNS-00520,81.02,38.47,143.33,2488.1,11.17,0
SNS-00521,51.97,52.7,107.06,2617.7,6.42,0
SNS-00522,78.52,41.11,133.41,2758.8,5.0,0
SNS-00523,64.05,56.08,116.5,3087.3,15.24,0
SNS-00524,78.85,54.23,118.84,2862.3,11.35,0
SNS-00525,62.84,30.97,121.65,2892.3,5.53,0
SNS-00526,50.34,61.29,124.54,2471.3,11.96,0
SNS-00527,52.47,36.96,117.91,2535.8,5.0,0
SNS-00528,72.58,57.12,123.86,3339.6,18.07,1
SNS-00529,75.12,50.51,148.41,2579.4,13.5,0
SNS-00530,61.15,72.57,137.74,3296.9,20.4,1
SNS-00531,79.66,41.65,135.64,2727.1,7.0,0
SNS-00532,52.06,39.76,111.8,2800.7,5.0,0
SNS-00533,71.21,44.71,103.99,3121.1,7.71,0
SNS-00534,57.47,40.45,137.2,3181.6,15.31,1
SNS-00535,64.18,57.0,135.77,2766.8,9.29,0
SNS-00536,72.57,20.76,146.51,2683.5,7.04,0
SNS-00537,61.68,29.19,109.13,2783.2,5.0,0
SNS-00538,67.39,28.98,115.87,2901.4,5.0,0
SNS-00539,84.08,59.25,90.49,3067.4,10.32,0
SNS-00540,65.08,70.66,112.94,2801.3,18.9,1
SNS-00541,82.03,43.43,137.94,2985.7,8.23,0
SNS-00542,58.44,42.47,111.6,3291.5,10.76,0
SNS-00543,78.36,46.05,131.53,2914.4,5.0,0
SNS-00544,89.3,62.43,116.57,2893.5,14.77,0
SNS-00545,42.34,31.09,125.83,2344.3,5.0,0
SNS-00546,62.44,48.58,99.34,2010.8,10.95,0
SNS-00547,78.92,59.63,121.53,2916.5,12.82,0
SNS-00548,69.56,52.52,70.0,2771.6,5.0,0
SNS-00549,76.45,47.84,116.64,2645.6,5.0,0
SNS-00550,64.75,60.02,90.65,2873.1,7.43,0
SNS-00551,73.04,10.0,141.71,2781.9,13.25,0
SNS-00552,70.13,55.17,133.99,3138.3,16.07,1
SNS-00553,86.01,35.19,128.4,2825.8,9.51,0
SNS-00554,75.05,17.54,147.38,2575.9,13.61,0
SNS-00555,76.05,52.67,102.92,3097.0,7.51,0
SNS-00556,67.06,65.6,151.45,2734.9,21.79,1
SNS-00557,66.15,42.94,136.78,2958.0,5.0,0
SNS-00558,66.81,59.29,115.74,2656.8,6.54,0
SNS-00559,76.73,69.18,140.44,2605.1,13.54,0
SNS-00560,66.95,64.72,100.09,2825.3,10.0,0
SNS-00561,75.48,69.6,105.16,2803.8,15.28,0
SNS-00562,96.9,56.13,109.05,2943.9,16.0,1
SNS-00563,82.45,46.13,110.48,2719.4,6.87,0
SNS-00564,68.09,20.97,100.98,2249.1,5.0,0
SNS-00565,86.41,41.31,142.02,2670.2,10.44,0
SNS-00566,67.1,32.35,115.34,3038.1,5.0,0
SNS-00567,47.54,77.56,126.35,2710.8,28.04,1
SNS-00568,59.9,42.36,109.73,2726.1,5.0,0
SNS-00569,49.55,46.85,87.23,3095.9,5.0,0
SNS-00570,67.78,53.27,124.86,2586.4,14.0,0
SNS-00571,72.22,45.65,85.58,2337.2,5.0,0
SNS-00572,92.12,70.43,118.76,2751.8,17.74,1
SNS-00573,75.92,35.66,95.37,2654.7,5.0,0
SNS-00574,69.37,47.92,155.77,2510.1,11.14,0
SNS-00575,81.95,33.86,136.4,2747.4,10.11,0
SNS-00576,45.47,25.2,121.9,2947.5,9.12,0
SNS-00577,74.83,35.82,142.75,2797.2,17.67,1
SNS-00578,81.25,44.44,104.77,2892.1,5.0,0
SNS-00579,54.26,38.56,129.78,3344.0,14.47,0
SNS-00580,85.73,34.61,123.6,2697.1,5.46,0
SNS-00581,76.06,23.91,124.75,2883.5,5.0,0
SNS-00582,67.02,43.75,142.9,2647.2,6.24,0
SNS-00583,79.59,22.43,133.18,2546.1,5.0,0
SNS-00584,99.25,56.4,125.2,2624.5,23.11,1
SNS-00585,74.18,46.24,90.21,2656.4,5.0,0
SNS-00586,74.98,23.14,102.72,2907.8,5.0,0
SNS-00587,66.49,40.36,117.79,3504.7,18.56,1
SNS-00588,61.8,33.72,121.68,2585.2,5.0,0
SNS-00589,81.96,49.79,99.66,2675.0,5.0,0
SNS-00590,61.73,65.11,163.41,2781.1,12.55,0
SNS-00591,72.86,16.87,147.3,2918.7,8.61,0
SNS-00592,66.27,46.73,130.84,2879.1,9.06,0
SNS-00593,77.75,42.6,121.3,3185.2,11.09,0
SNS-00594,76.0,55.07,116.18,2072.1,11.09,0
SNS-00595,84.45,48.2,102.87,2083.9,5.0,0
SNS-00596,65.88,33.72,121.39,2651.2,6.53,0
SNS-00597,68.76,40.21,124.64,3129.2,9.71,0
SNS-00598,60.25,33.06,97.65,2330.3,5.0,0
SNS-00599,66.67,61.14,126.02,1897.7,8.89,0
SNS-00600,76.53,45.32,117.21,2971.4,9.14,0
SNS-00601,81.08,73.52,85.66,2873.1,12.46,0
SNS-00602,60.93,44.09,104.51,2472.9,5.0,0
SNS-00603,82.44,34.37,112.56,2504.3,6.42,0
SNS-00604,88.27,22.29,153.98,2509.1,12.89,0
SNS-00605,76.96,17.95,130.02,2833.2,5.23,0
SNS-00606,94.52,21.24,95.96,2612.1,6.11,0
SNS-00607,62.71,49.01,128.75,2948.2,5.0,0
SNS-00608,57.06,52.63,92.15,1943.6,10.08,0
SNS-00609,50.66,21.28,139.49,2542.9,6.27,0
SNS-00610,89.95,58.43,111.52,2462.2,16.61,1
SNS-00611,79.85,37.75,118.31,2723.1,5.0,0
SNS-00612,71.33,47.2,143.86,2638.6,7.95,0
SNS-00613,75.36,69.18,96.83,3039.4,13.22,0
SNS-00614,58.49,58.45,94.85,2242.2,9.45,0
SNS-00615,101.35,40.97,109.5,2813.6,9.44,0
SNS-00616,73.55,31.63,138.69,2967.5,11.18,0
SNS-00617,73.31,12.72,92.65,3357.0,8.18,0
SNS-00618,80.71,34.21,70.0,2655.5,5.0,0
SNS-00619,77.77,41.83,111.88,2897.3,5.0,0
SNS-00620,74.69,30.19,129.93,2258.8,5.0,0
SNS-00621,62.51,43.03,141.6,2082.4,9.49,0
SNS-00622,77.66,46.15,111.66,3053.4,5.0,0
SNS-00623,94.58,41.63,112.59,2798.3,13.08,0
SNS-00624,88.15,35.25,140.77,3153.6,14.25,0
SNS-00625,91.12,47.53,86.34,2388.0,5.0,0
SNS-00626,65.87,51.63,113.01,2956.0,10.24,0
SNS-00627,60.12,28.64,123.43,3360.6,14.31,0
SNS-00628,70.49,66.16,128.09,2925.9,16.97,1
SNS-00629,72.67,43.52,110.82,2883.0,5.0,0
SNS-00630,85.13,45.28,120.62,2802.6,5.0,0
SNS-00631,51.69,55.62,75.21,2328.7,5.0,0
SNS-00632,90.35,48.5,108.15,3206.7,11.4,0
SNS-00633,70.1,59.3,128.16,2616.7,12.11,0
SNS-00634,66.88,49.31,102.32,2951.3,5.0,0
SNS-00635,59.85,35.81,121.06,2331.1,6.12,0
SNS-00636,52.14,50.42,128.04,2446.2,5.74,0
SNS-00637,81.88,27.84,113.83,3230.5,9.64,0
SNS-00638,72.88,46.63,123.07,2695.8,11.03,0
SNS-00639,56.52,44.5,102.67,3236.0,8.76,0
SNS-00640,56.46,41.88,116.28,2776.5,5.0,0
SNS-00641,67.97,43.07,130.98,2247.4,5.0,0
SNS-00642,92.03,16.77,122.83,3067.6,10.96,0
SNS-00643,68.88,36.77,109.44,2623.0,5.0,0
SNS-00644,53.96,46.39,124.04,3009.6,6.64,0
SNS-00645,69.05,47.4,132.86,2807.6,11.35,0
SNS-00646,68.73,29.58,83.1,2337.1,5.0,0
SNS-00647,40.0,63.99,140.86,2849.3,13.87,0
SNS-00648,71.35,32.01,113.95,3458.9,18.15,1
SNS-00649,69.23,59.54,127.66,2947.9,14.68,0
SNS-00650,80.35,51.41,141.55,2782.7,7.85,0
SNS-00651,94.19,35.31,95.31,3122.6,7.7,0
SNS-00652,85.52,71.63,107.23,2863.2,19.91,1
SNS-00653,68.77,27.1,114.81,2862.9,9.96,0
SNS-00654,58.72,58.79,105.89,2472.5,5.0,0
SNS-00655,102.88,60.01,151.23,2870.2,28.87,1
SNS-00656,72.71,34.94,104.58,3110.6,10.32,0
SNS-00657,72.17,65.89,110.0,2549.2,10.37,0
SNS-00658,71.71,41.25,123.68,3227.3,9.57,0
SNS-00659,74.38,49.33,98.36,2772.5,5.0,0
SNS-00660,70.27,48.9,112.88,2533.7,5.0,0
SNS-00661,65.12,42.99,125.71,3099.3,8.8,0
SNS-00662,65.44,57.16,114.01,2714.0,10.92,0
SNS-00663,71.61,56.9,118.32,3027.9,15.81,1
SNS-00664,65.48,18.77,110.47,2712.5,5.0,0
SNS-00665,63.45,64.57,92.74,2782.1,5.0,0
SNS-00666,73.28,20.06,125.79,2948.1,7.47,0
SNS-00667,68.94,60.49,151.59,2887.3,18.1,1
SNS-00668,90.05,61.9,120.33,2201.3,17.47,1
SNS-00669,40.19,28.64,124.05,2463.6,5.0,0
SNS-00670,85.1,38.84,132.47,3078.8,12.43,0
SNS-00671,86.95,28.41,97.15,2760.4,9.21,0
SNS-00672,47.12,41.78,150.65,2642.9,11.08,0
SNS-00673,67.89,40.38,123.64,2392.4,5.0,0
SNS-00674,67.54,56.69,149.37,2476.1,11.65,0
SNS-00675,55.11,64.65,106.81,2193.5,11.09,0
SNS-00676,62.67,65.94,152.73,2769.6,24.73,1
SNS-00677,58.67,36.57,133.95,2620.5,5.0,0
SNS-00678,93.03,41.86,129.95,2510.0,11.0,0
SNS-00679,83.23,19.75,124.21,2779.6,6.26,0
SNS-00680,87.26,32.91,115.53,2909.2,11.63,0
SNS-00681,80.66,59.47,141.61,3428.0,30.8,1
SNS-00682,58.45,69.23,122.53,2346.4,17.52,1
SNS-00683,65.71,26.48,84.59,3147.8,5.0,0
SNS-00684,77.87,36.11,99.89,3091.9,5.51,0
SNS-00685,57.33,44.6,116.65,2566.3,5.0,0
SNS-00686,80.56,49.2,125.58,2861.0,12.81,0
SNS-00687,69.12,32.86,118.98,2662.7,5.0,0
SNS-00688,67.5,51.36,141.94,2855.7,12.99,0
SNS-00689,80.53,37.89,84.88,3252.7,5.0,0
SNS-00690,77.33,44.78,122.58,2981.7,7.61,0
SNS-00691,67.67,53.19,87.28,2952.6,5.0,0
SNS-00692,85.91,45.1,133.67,2670.9,14.1,0
SNS-00693,59.03,38.45,118.3,2354.8,5.0,0
SNS-00694,79.39,43.36,127.55,2737.5,15.29,0
SNS-00695,79.12,43.67,104.45,3162.0,9.88,0
SNS-00696,68.29,39.45,143.03,2341.8,5.0,0
SNS-00697,75.91,41.12,138.75,2483.5,7.62,0
SNS-00698,56.99,68.98,130.5,2837.9,15.64,1
SNS-00699,83.09,53.41,117.67,2504.6,5.0,0
SNS-00700,69.78,40.57,130.44,2562.2,11.57,0
SNS-00701,65.73,55.45,107.28,2672.9,9.2,0
SNS-00702,84.59,39.99,135.4,2390.3,11.12,0
SNS-00703,63.55,62.6,149.69,2507.8,16.6,1
SNS-00704,55.1,50.54,139.27,3011.0,7.16,0
SNS-00705,53.32,43.39,106.87,2407.8,5.0,0
SNS-00706,79.27,51.72,126.51,2320.6,12.87,0
SNS-00707,56.63,21.44,96.72,2611.0,5.0,0
SNS-00708,93.06,28.1,130.3,3019.6,5.0,0
SNS-00709,47.02,27.09,128.11,2740.9,5.0,0
SNS-00710,92.36,47.14,86.34,2660.6,5.3,0
SNS-00711,74.53,70.99,99.09,2813.3,15.82,1
SNS-00712,70.84,78.47,114.9,2276.3,24.67,1
SNS-00713,65.46,54.57,114.58,2948.4,11.41,0
SNS-00714,76.79,52.51,98.23,2915.0,7.83,0
SNS-00715,71.55,17.98,127.0,2677.2,10.37,0
SNS-00716,85.24,36.86,124.53,3101.8,5.55,0
SNS-00717,73.37,33.18,116.5,2461.8,5.23,0
SNS-00718,73.8,35.69,106.4,3138.4,8.44,0
SNS-00719,67.64,42.48,138.88,2846.3,5.0,0
SNS-00720,71.32,37.92,149.8,2699.0,5.0,0
SNS-00721,75.69,15.31,111.3,2794.0,5.0,0
SNS-00722,51.48,56.22,108.98,2767.8,5.61,0
SNS-00723,55.82,28.91,128.84,3166.1,11.5,0
SNS-00724,80.92,48.59,113.56,2477.0,5.0,0
SNS-00725,74.05,76.11,117.49,2571.2,17.67,1
SNS-00726,69.79,31.21,133.31,3110.9,7.08,0
SNS-00727,72.22,10.0,85.63,2621.3,5.85,0
SNS-00728,76.17,40.71,143.73,3070.2,12.08,0
SNS-00729,65.52,61.51,121.31,3309.8,17.22,1
SNS-00730,62.66,74.38,112.59,2679.5,17.61,1
SNS-00731,74.35,26.56,118.39,3004.4,10.95,0
SNS-00732,60.26,52.45,119.32,2453.9,5.0,0
SNS-00733,76.9,38.02,88.84,3026.4,7.64,0
SNS-00734,51.57,43.41,146.91,2859.8,10.86,0
SNS-00735,84.35,84.67,120.74,2941.9,31.37,1
SNS-00736,77.67,22.46,127.97,2606.3,15.08,0
SNS-00737,75.07,48.81,137.13,2301.7,6.23,0
SNS-00738,83.79,52.02,101.62,2951.0,7.75,0
SNS-00739,91.99,61.29,128.52,2181.0,13.93,0
SNS-00740,84.17,46.47,115.18,2704.8,11.12,0
SNS-00741,49.91,49.62,135.24,3082.4,18.18,1
SNS-00742,56.65,39.13,81.71,2857.6,5.1,0
SNS-00743,64.5,49.04,118.22,3384.5,17.84,1
SNS-00744,72.31,39.85,109.15,3107.5,5.91,0
SNS-00745,78.21,54.32,127.78,2603.8,9.39,0
SNS-00746,63.29,39.46,128.46,2808.2,5.0,0
SNS-00747,74.24,50.66,107.26,2785.8,13.46,0
SNS-00748,62.94,44.56,107.18,2325.3,5.0,0
SNS-00749,64.66,61.89,118.01,2517.9,9.23,0
SNS-00750,55.12,44.23,103.86,2631.8,7.14,0
SNS-00751,60.92,18.4,135.16,2189.1,5.0,0
SNS-00752,55.78,63.93,113.35,2814.2,13.71,0
SNS-00753,60.29,31.41,70.0,2725.3,5.0,0
SNS-00754,84.64,35.19,113.25,2298.1,7.88,0
SNS-00755,60.61,36.07,101.31,2921.3,5.0,0
SNS-00756,103.59,65.62,90.64,3014.8,15.82,1
SNS-00757,77.92,12.96,97.73,2868.1,5.21,0
SNS-00758,74.22,92.07,121.97,2702.8,39.21,1
SNS-00759,61.7,60.84,143.92,2977.4,16.39,1
SNS-00760,80.4,48.35,125.64,3004.1,13.87,0
SNS-00761,65.09,44.18,109.08,2892.2,5.0,0
SNS-00762,73.46,49.28,128.21,2552.6,8.05,0
SNS-00763,102.72,52.82,111.74,2883.0,14.33,0
SNS-00764,70.85,54.68,107.5,3158.6,13.54,0
SNS-00765,85.79,53.33,99.22,2621.0,7.82,0
SNS-00766,63.56,46.34,88.47,3429.4,11.52,0
SNS-00767,71.58,42.04,112.98,2642.3,7.79,0
SNS-00768,93.25,42.73,122.84,2809.7,13.63,0
SNS-00769,64.48,42.08,118.26,2598.3,5.06,0
SNS-00770,93.75,62.01,112.51,2867.0,13.62,0
SNS-00771,80.49,53.9,102.98,2277.3,7.6,0
SNS-00772,65.25,10.0,130.95,2636.2,6.3,0
SNS-00773,79.59,54.84,96.29,2472.4,5.1,0
SNS-00774,83.67,47.92,133.97,2840.6,10.32,0
SNS-00775,79.46,44.72,101.96,3098.3,5.0,0
SNS-00776,53.16,39.17,106.46,2993.8,5.0,0
SNS-00777,63.27,61.86,93.6,2088.5,6.57,0
SNS-00778,69.03,59.21,110.97,3412.6,17.89,1
SNS-00779,71.11,33.41,137.56,2888.6,5.0,0
SNS-00780,79.45,51.11,129.28,2567.1,9.95,0
SNS-00781,74.13,30.43,137.61,2847.1,14.5,0
SNS-00782,55.98,24.31,129.4,2852.9,9.58,0
SNS-00783,76.56,35.6,100.13,2599.9,7.49,0
SNS-00784,79.33,57.94,114.05,2859.4,12.88,0
SNS-00785,78.72,59.3,105.96,2617.8,13.74,0
SNS-00786,84.97,52.7,143.95,2678.7,11.62,0
SNS-00787,82.01,55.88,98.46,2594.1,5.38,0
SNS-00788,77.51,52.74,136.09,2370.2,5.0,0
SNS-00789,71.16,35.38,136.07,2843.8,11.6,0
SNS-00790,52.07,51.48,152.93,2975.6,19.6,1
SNS-00791,77.16,57.01,112.63,2954.5,9.33,0
SNS-00792,74.49,56.31,132.82,3046.0,13.61,0
SNS-00793,75.26,62.83,161.07,2897.3,17.89,1
SNS-00794,56.68,55.62,108.88,2640.2,8.18,0
SNS-00795,59.03,50.27,92.37,3051.9,9.13,0
SNS-00796,84.64,61.05,86.16,2392.7,5.0,0
SNS-00797,71.53,44.6,132.83,2529.8,8.74,0
SNS-00798,80.18,31.77,86.1,2510.7,5.0,0
SNS-00799,72.34,42.55,113.3,3124.0,8.31,0
SNS-00800,72.36,33.83,127.87,3082.8,10.06,0
SNS-00801,83.26,34.87,123.33,2946.2,7.73,0
SNS-00802,65.81,42.83,127.66,3121.6,9.14,0
SNS-00803,73.15,33.11,124.0,2536.2,5.0,0
SNS-00804,66.45,40.38,143.02,2904.6,12.56,0
SNS-00805,66.79,16.6,102.86,2762.4,5.0,0
SNS-00806,68.29,48.2,107.81,3054.1,8.01,0
SNS-00807,74.67,45.02,106.09,2765.4,5.0,0
SNS-00808,66.26,32.74,134.94,2684.5,5.0,0
SNS-00809,87.07,54.89,136.21,2962.3,19.33,1
SNS-00810,61.26,59.06,128.12,3062.9,14.28,0
SNS-00811,69.76,20.89,141.3,2599.5,9.74,0
SNS-00812,66.72,33.56,98.8,2781.7,7.12,0
SNS-00813,89.36,33.46,150.01,2482.5,15.55,1
SNS-00814,74.36,30.9,147.42,2050.6,10.5,0
SNS-00815,84.38,57.44,133.24,2860.1,13.49,0
SNS-00816,54.17,42.09,152.07,2982.7,5.0,0
SNS-00817,75.2,41.03,90.18,2878.6,5.0,0
SNS-00818,82.68,14.94,110.56,2215.1,5.64,0
SNS-00819,72.99,54.53,106.76,2694.7,8.42,0
SNS-00820,84.79,26.41,132.99,2134.5,8.92,0
SNS-00821,65.79,45.9,101.1,3210.9,6.29,0
SNS-00822,88.91,49.16,133.63,2474.2,5.94,0
SNS-00823,99.59,65.41,144.67,3176.6,25.86,1
SNS-00824,67.65,25.37,132.51,3083.8,10.42,0
SNS-00825,66.65,10.0,125.11,2529.8,13.2,0
SNS-00826,89.44,47.76,102.22,2460.2,6.86,0
SNS-00827,90.95,72.01,104.76,2905.1,22.41,1
SNS-00828,65.73,63.58,142.49,2546.7,18.92,1
SNS-00829,66.96,48.14,134.03,2830.7,6.24,0
SNS-00830,68.62,37.63,119.3,2655.2,5.26,0
SNS-00831,55.87,57.11,112.48,2265.7,5.79,0
SNS-00832,60.98,30.4,83.54,2130.9,5.0,0
SNS-00833,59.95,52.15,100.72,2868.0,5.92,0
SNS-00834,62.79,52.58,154.41,2631.5,13.5,0
SNS-00835,71.58,60.9,96.95,2634.1,5.29,0
SNS-00836,74.81,86.39,123.41,3008.8,35.11,1
SNS-00837,90.61,50.89,138.13,3152.0,25.44,1
SNS-00838,60.02,37.37,97.41,2718.2,5.0,0
SNS-00839,83.81,44.62,123.32,2697.8,7.25,0
SNS-00840,69.43,18.46,136.88,2950.0,9.88,0
SNS-00841,71.41,34.58,120.22,2392.9,6.72,0
SNS-00842,80.1,38.86,171.63,2866.9,12.78,0
SNS-00843,58.53,37.14,89.97,2965.6,5.0,0
SNS-00844,76.59,47.29,139.06,3004.1,16.92,1
SNS-00845,74.0,32.66,116.89,2219.0,7.02,0
SNS-00846,77.91,61.82,133.89,2571.6,8.74,0
SNS-00847,75.47,45.0,127.94,2536.5,5.08,0
SNS-00848,101.46,44.86,106.8,2830.0,17.96,1
SNS-00849,64.35,40.08,124.12,2944.2,11.57,0
SNS-00850,65.63,47.33,86.56,3249.0,9.44,0
SNS-00851,64.52,57.38,130.86,2651.5,10.34,0
SNS-00852,65.33,31.99,125.37,2650.7,5.0,0
SNS-00853,64.35,35.13,131.5,3144.9,8.73,0
SNS-00854,86.27,40.44,139.05,2889.0,15.64,1
SNS-00855,89.05,24.81,126.62,3180.3,9.99,0
SNS-00856,65.15,32.71,122.67,2886.6,5.0,0
SNS-00857,62.01,37.86,104.14,2452.9,5.0,0
SNS-00858,77.66,58.12,107.18,2400.1,8.9,0
SNS-00859,65.37,48.94,141.36,2334.5,14.32,0
SNS-00860,79.6,47.9,145.85,2998.6,11.5,0
SNS-00861,74.44,57.76,115.71,3156.6,13.68,0
SNS-00862,53.81,42.94,120.83,3354.8,8.73,0
SNS-00863,90.57,50.86,103.72,3052.9,11.79,0
SNS-00864,93.55,43.45,141.11,3148.9,12.28,0
SNS-00865,64.65,48.98,131.98,2626.0,6.24,0
SNS-00866,67.35,36.26,154.94,2453.1,5.0,0
SNS-00867,75.43,10.0,104.19,3055.0,10.53,0
SNS-00868,76.01,42.99,113.2,2925.3,8.93,0
SNS-00869,79.9,66.34,124.17,2832.2,11.22,0
SNS-00870,96.12,58.89,131.64,2916.2,24.35,1
SNS-00871,69.88,59.48,116.12,2897.0,20.18,1
SNS-00872,62.42,63.54,104.29,3185.1,14.53,0
SNS-00873,55.45,46.33,135.87,3188.5,10.11,0
SNS-00874,63.23,47.96,132.98,2963.3,19.61,1
SNS-00875,71.6,35.74,103.51,3053.7,5.0,0
SNS-00876,93.53,40.26,144.4,2954.2,15.26,0
SNS-00877,65.79,54.24,141.06,2661.6,11.92,0
SNS-00878,74.69,63.06,122.42,3027.0,20.67,1
SNS-00879,71.8,42.91,121.43,2381.7,6.64,0
SNS-00880,86.26,38.25,129.97,3116.2,10.54,0
SNS-00881,102.32,45.01,104.49,2441.6,8.14,0
SNS-00882,65.63,54.02,120.54,2885.7,8.15,0
SNS-00883,66.13,23.34,81.26,2546.5,5.0,0
SNS-00884,84.53,10.56,135.78,2966.0,13.74,0
SNS-00885,80.18,36.74,91.89,2789.8,5.0,0
SNS-00886,94.16,26.69,147.06,2321.6,8.07,0
SNS-00887,79.01,37.38,114.06,2926.2,10.56,0
SNS-00888,67.69,42.78,116.19,2626.6,5.0,0
SNS-00889,79.09,38.2,108.7,3064.3,5.0,0
SNS-00890,85.3,66.79,114.82,2800.4,16.56,1
SNS-00891,81.85,49.9,145.53,2918.6,14.38,0
SNS-00892,78.09,49.51,75.22,2512.7,5.0,0
SNS-00893,84.8,54.33,142.99,2623.2,15.57,1
SNS-00894,86.03,27.92,126.08,2662.4,5.0,0
SNS-00895,88.59,60.59,98.27,3057.0,20.4,1
SNS-00896,79.78,43.86,100.64,3303.2,11.88,0
SNS-00897,69.99,55.06,150.18,2558.4,11.68,0
SNS-00898,73.76,28.92,102.98,3123.1,5.0,0
SNS-00899,86.48,21.69,99.24,2149.1,5.0,0
SNS-00900,62.2,57.27,140.47,2441.7,14.22,0
SNS-00901,76.42,50.65,126.09,2512.4,8.59,0
SNS-00902,67.28,31.47,103.12,2394.2,5.0,0
SNS-00903,72.34,31.96,123.9,2324.9,5.0,0
SNS-00904,87.34,61.88,101.54,2923.9,11.78,0
SNS-00905,74.29,27.16,139.81,2735.8,6.41,0
SNS-00906,72.56,69.64,139.1,2913.8,13.64,0
SNS-00907,55.68,31.49,129.58,3007.1,10.53,0
SNS-00908,80.96,54.58,126.51,2879.7,13.49,0
SNS-00909,79.75,40.07,151.7,2997.3,10.28,0
SNS-00910,97.96,54.05,119.99,2779.1,22.25,1
SNS-00911,68.31,36.84,98.73,2443.9,5.0,0
SNS-00912,74.63,42.56,128.09,3117.3,6.73,0
SNS-00913,74.99,45.61,157.55,2623.3,14.86,0
SNS-00914,90.93,29.97,101.73,2519.3,6.44,0
SNS-00915,70.86,56.11,113.49,2746.6,10.06,0
SNS-00916,75.35,37.3,127.5,2526.2,5.0,0
SNS-00917,79.29,41.57,119.03,2674.8,7.67,0
SNS-00918,74.24,30.08,102.32,2903.2,5.0,0
SNS-00919,66.64,10.0,140.19,2904.5,13.03,0
SNS-00920,74.33,42.13,161.76,2530.7,5.0,0
SNS-00921,84.88,81.19,123.53,2653.7,26.31,1
SNS-00922,59.68,56.77,103.73,3122.3,16.19,1
SNS-00923,73.6,44.71,92.12,2948.9,5.0,0
SNS-00924,63.6,41.06,124.64,3422.5,11.14,0
SNS-00925,86.34,45.34,139.87,3154.0,14.04,0
SNS-00926,53.72,53.21,128.55,3143.3,8.67,0
SNS-00927,65.29,27.29,119.96,2383.6,5.0,0
SNS-00928,76.53,61.71,109.39,3029.2,12.81,0
SNS-00929,90.79,55.73,100.34,2784.1,11.37,0
SNS-00930,71.21,55.77,135.03,2634.7,11.19,0
SNS-00931,65.34,51.58,136.45,2850.4,10.05,0
SNS-00932,94.57,45.29,92.18,3083.6,10.23,0
SNS-00933,54.62,55.09,148.62,2950.2,18.08,1
SNS-00934,45.61,53.88,130.33,2536.5,9.49,0
SNS-00935,77.28,39.69,145.19,3022.7,9.75,0
SNS-00936,65.98,36.4,95.84,2608.7,5.0,0
SNS-00937,59.75,46.53,95.42,2865.0,5.0,0
SNS-00938,80.5,68.24,117.32,2709.0,21.77,1
SNS-00939,74.93,26.41,129.05,2734.3,5.0,0
SNS-00940,65.23,22.99,152.33,3029.9,11.53,0
SNS-00941,56.64,47.47,132.71,2487.9,8.59,0
SNS-00942,82.47,45.76,115.63,3383.6,11.19,0
SNS-00943,79.8,47.6,101.53,2253.7,5.35,0
SNS-00944,70.81,48.66,142.14,2620.7,5.0,0
SNS-00945,94.16,41.65,102.64,2911.1,5.0,0
SNS-00946,59.16,67.35,149.31,2975.3,22.1,1
SNS-00947,53.69,20.99,114.88,2769.9,5.0,0
SNS-00948,63.7,32.57,148.63,2782.8,8.92,0
SNS-00949,71.45,43.45,132.22,2923.2,8.66,0
SNS-00950,74.92,20.35,117.53,2730.7,5.0,0
SNS-00951,69.11,42.36,110.65,3218.0,8.23,0
SNS-00952,76.22,69.92,113.86,3051.8,14.87,0
SNS-00953,56.98,45.31,127.71,3061.8,14.1,0
SNS-00954,89.33,48.46,121.39,2510.2,5.49,0
SNS-00955,71.01,26.1,109.31,2776.2,5.0,0
SNS-00956,85.41,35.75,117.02,2709.9,5.0,0
SNS-00957,76.11,39.37,121.41,2498.3,7.21,0
SNS-00958,77.48,40.23,81.68,2908.0,5.0,0
SNS-00959,78.84,64.22,128.25,2638.7,13.76,0
SNS-00960,77.37,53.37,102.37,2996.6,11.68,0
SNS-00961,79.71,28.33,99.24,2478.9,5.0,0
SNS-00962,87.95,48.7,89.63,3315.7,13.61,0
SNS-00963,74.36,52.47,87.71,2531.1,5.0,0
SNS-00964,80.51,62.1,95.6,2865.8,6.11,0
SNS-00965,70.92,68.71,107.24,3037.6,16.93,1
SNS-00966,89.28,29.77,155.16,2628.8,11.61,0
SNS-00967,63.88,32.84,110.53,3055.7,7.0,0
SNS-00968,93.61,26.14,123.2,2431.2,9.02,0
SNS-00969,71.52,41.49,127.21,3235.6,11.93,0
SNS-00970,54.83,52.0,122.36,2804.2,5.0,0
SNS-00971,73.54,59.81,118.61,2621.1,17.57,1
SNS-00972,63.83,43.86,98.48,2710.2,5.0,0
SNS-00973,82.09,40.2,146.12,3042.7,15.58,1
SNS-00974,64.17,47.28,152.53,2624.7,7.58,0
SNS-00975,66.65,32.47,89.71,2575.2,5.0,0
SNS-00976,49.33,76.34,101.57,2733.5,13.97,0
SNS-00977,66.57,20.89,114.96,2446.9,5.0,0
SNS-00978,42.91,47.77,102.64,3346.2,10.3,0
SNS-00979,52.99,75.35,129.11,2630.1,21.34,1
SNS-00980,81.12,45.1,106.89,3049.5,10.55,0
SNS-00981,81.43,42.15,158.97,2862.8,9.33,0
SNS-00982,77.11,39.64,141.43,2504.6,6.03,0
SNS-00983,60.4,42.29,123.83,2798.2,7.27,0
SNS-00984,71.43,65.59,138.49,3035.2,26.77,1
SNS-00985,71.96,11.82,139.91,2743.5,9.45,0
SNS-00986,58.1,68.0,109.85,3157.9,19.45,1
SNS-00987,90.04,23.64,105.31,3106.5,8.94,0
SNS-00988,82.53,41.0,121.41,3075.7,16.83,1
SNS-00989,69.35,38.56,135.51,2662.1,5.0,0
SNS-00990,72.32,53.83,122.5,2476.0,9.01,0
SNS-00991,74.5,21.03,91.61,2615.9,5.0,0
SNS-00992,47.5,51.93,105.55,2858.9,5.0,0
SNS-00993,69.03,75.36,118.67,2963.7,22.86,1
SNS-00994,63.82,24.55,118.64,2148.5,5.0,0
SNS-00995,59.98,47.85,155.51,2797.6,10.76,0
SNS-00996,68.63,35.07,95.05,2847.4,5.0,0
SNS-00997,93.57,51.39,129.1,2716.7,24.97,1
SNS-00998,79.69,45.29,146.8,3187.4,14.65,0
SNS-00999,65.15,35.38,160.89,2926.5,13.1,0
SNS-01000,78.87,52.32,112.72,3193.1,10.2,0
SNS-01001,88.79,72.07,128.85,2735.2,24.21,1
SNS-01002,83.1,42.14,130.26,3081.2,10.93,0
SNS-01003,72.72,55.8,123.52,3290.5,14.47,0
SNS-01004,64.24,25.6,118.22,3193.5,14.15,0
SNS-01005,80.38,30.65,127.85,2472.4,10.38,0
SNS-01006,76.72,52.09,74.42,2723.9,5.0,0
SNS-01007,82.74,67.26,132.28,2696.5,10.86,0
SNS-01008,79.62,50.33,122.27,2946.8,9.31,0
SNS-01009,84.59,40.3,116.0,3005.9,18.29,1
SNS-01010,65.58,44.99,156.84,2548.3,9.7,0
SNS-01011,87.81,26.24,107.85,2820.4,10.04,0
SNS-01012,74.37,54.07,112.74,2194.0,13.56,0
SNS-01013,96.9,58.23,155.85,3232.6,27.7,1
SNS-01014,63.73,38.22,105.02,2646.3,5.0,0
SNS-01015,92.83,37.95,110.1,2816.8,5.0,0
SNS-01016,74.37,48.99,117.35,2707.1,9.34,0
SNS-01017,64.18,38.45,135.13,3143.8,7.22,0
SNS-01018,66.19,44.01,123.74,1948.7,8.98,0
SNS-01019,68.16,76.5,96.73,2795.0,13.63,0
SNS-01020,77.09,41.29,110.42,2768.3,5.0,0
SNS-01021,78.27,39.62,109.07,2663.9,5.0,0
SNS-01022,65.12,35.29,118.61,3317.9,10.78,0
SNS-01023,71.71,56.16,127.67,2533.8,6.42,0
SNS-01024,97.71,42.28,127.53,3031.5,19.46,1
SNS-01025,92.73,35.26,88.03,2906.9,5.0,0
SNS-01026,77.24,64.82,139.15,3178.5,15.8,1
SNS-01027,72.46,66.29,124.55,2599.8,14.71,0
SNS-01028,73.44,35.99,144.92,2580.1,8.11,0
SNS-01029,79.36,17.0,128.0,3128.8,11.94,0
SNS-01030,59.73,60.11,139.82,2927.6,19.82,1
SNS-01031,68.91,34.73,128.4,2336.5,5.0,0
SNS-01032,51.98,56.86,144.23,2638.2,12.5,0
SNS-01033,76.79,15.45,129.4,2915.9,5.38,0
SNS-01034,79.77,58.39,118.24,3051.3,17.05,1
SNS-01035,66.2,26.83,160.9,2596.2,10.15,0
SNS-01036,90.89,55.96,136.0,1925.7,17.39,1
SNS-01037,57.29,45.21,130.33,2957.0,5.0,0
SNS-01038,54.43,30.69,97.03,2433.9,5.0,0
SNS-01039,74.69,38.89,96.81,2194.8,5.0,0
SNS-01040,84.57,55.29,125.27,1950.3,12.88,0
SNS-01041,92.21,46.59,122.62,3044.2,15.0,0
SNS-01042,66.49,53.77,108.95,2838.6,5.0,0
SNS-01043,84.94,74.65,122.54,2732.3,17.75,1
SNS-01044,71.54,21.54,148.6,3216.7,6.23,0
SNS-01045,69.93,69.26,132.52,2991.2,22.64,1
SNS-01046,82.6,46.57,99.46,3284.9,8.92,0
SNS-01047,79.83,31.52,117.99,2382.2,15.07,0
SNS-01048,53.08,25.05,105.51,2789.6,5.0,0
SNS-01049,89.72,42.16,113.02,2315.0,5.0,0
SNS-01050,88.56,58.82,112.55,2731.2,11.16,0
SNS-01051,64.49,43.09,111.4,2725.4,5.0,0
SNS-01052,76.75,67.67,97.41,2988.0,13.1,0
SNS-01053,77.93,23.23,117.7,2813.7,7.76,0
SNS-01054,75.13,44.82,109.91,2987.0,5.0,0
SNS-01055,65.4,26.21,70.0,3011.0,5.0,0
SNS-01056,63.94,50.45,156.95,3446.5,14.63,0
SNS-01057,71.69,58.3,139.6,2705.4,5.67,0
SNS-01058,86.07,38.69,113.23,2517.7,5.0,0
SNS-01059,78.52,10.0,120.34,2873.8,8.31,0
SNS-01060,67.55,47.98,98.91,2559.3,5.0,0
SNS-01061,81.26,51.55,150.52,3244.6,23.45,1
SNS-01062,40.0,51.06,154.15,2715.0,18.43,1
SNS-01063,85.79,63.54,122.82,2630.3,14.74,0
SNS-01064,51.12,28.93,138.42,2658.6,5.0,0
SNS-01065,67.65,55.2,123.16,3015.5,9.52,0
SNS-01066,58.56,62.89,95.94,2752.7,6.59,0
SNS-01067,56.46,18.32,112.59,2607.5,5.0,0
SNS-01068,85.93,49.79,122.37,3299.6,13.8,0
SNS-01069,66.39,37.44,111.82,2543.1,5.0,0
SNS-01070,76.16,43.78,116.06,2810.7,5.0,0
SNS-01071,71.44,50.22,118.35,2995.7,6.91,0
SNS-01072,77.72,37.69,118.54,2310.6,5.91,0
SNS-01073,72.92,34.86,120.94,2944.1,7.4,0
SNS-01074,56.6,45.51,100.91,2483.5,5.0,0
SNS-01075,83.96,28.69,107.09,3046.8,11.39,0
SNS-01076,66.07,28.71,96.88,2511.2,5.0,0
SNS-01077,53.32,55.19,137.6,3007.8,7.86,0
SNS-01078,66.86,27.77,82.1,3131.7,5.0,0
SNS-01079,90.01,54.99,140.76,3058.4,15.87,1
SNS-01080,82.2,51.94,144.95,2875.4,15.59,1
SNS-01081,67.82,19.11,114.56,2730.6,5.0,0
SNS-01082,67.81,34.84,73.14,2627.1,5.0,0
SNS-01083,68.14,62.91,113.5,3241.3,18.87,1
SNS-01084,96.92,30.28,118.84,2590.2,5.0,0
SNS-01085,76.58,38.03,101.81,2488.9,5.0,0
SNS-01086,77.16,51.93,110.73,2999.6,15.28,0
SNS-01087,84.36,56.75,147.54,2561.2,13.28,0
SNS-01088,74.87,41.23,131.97,2515.0,5.0,0
SNS-01089,68.89,36.04,103.36,2366.9,5.0,0
SNS-01090,69.64,66.34,91.24,2655.1,8.73,0
SNS-01091,71.14,71.08,114.11,2775.2,16.2,1
SNS-01092,71.55,59.68,116.16,2872.9,14.03,0
SNS-01093,80.73,46.28,128.93,3085.4,7.14,0
SNS-01094,72.62,32.88,110.36,2958.1,5.0,0
SNS-01095,80.79,32.54,129.21,2742.7,8.76,0
SNS-01096,71.03,52.84,154.83,2740.5,17.11,1
SNS-01097,72.94,51.28,134.68,2953.0,6.21,0
SNS-01098,48.02,66.02,119.13,3181.8,22.4,1
SNS-01099,83.0,54.76,116.7,2837.9,11.33,0
SNS-01100,76.16,22.45,113.58,2659.3,7.87,0
SNS-01101,83.98,60.78,141.25,2502.1,16.4,1
SNS-01102,40.0,30.03,108.71,2366.4,5.0,0
SNS-01103,97.06,39.24,120.81,2999.9,12.64,0
SNS-01104,70.32,48.75,120.92,2973.4,12.44,0
SNS-01105,85.3,74.94,110.97,2973.2,20.11,1
SNS-01106,59.52,91.65,95.3,2761.4,29.03,1
SNS-01107,79.35,54.1,125.81,3222.1,14.99,0
SNS-01108,59.36,42.25,118.9,2654.8,5.0,0
SNS-01109,64.51,53.02,129.0,3086.6,17.98,1
SNS-01110,94.97,58.31,110.4,2788.4,11.76,0
SNS-01111,69.71,40.19,141.97,2617.5,9.51,0
SNS-01112,74.61,71.93,104.22,2977.8,17.74,1
SNS-01113,82.44,48.45,150.82,2922.9,19.05,1
SNS-01114,77.95,52.47,88.54,2907.1,7.01,0
SNS-01115,73.81,54.99,127.83,2824.4,10.35,0
SNS-01116,76.38,51.32,128.56,2788.6,6.97,0
SNS-01117,100.84,57.58,105.68,3516.5,28.4,1
SNS-01118,71.31,35.74,127.64,3155.3,5.0,0
SNS-01119,74.41,36.63,143.03,3016.8,12.78,0
SNS-01120,84.61,28.5,80.1,2833.5,5.0,0
SNS-01121,85.27,51.59,129.05,3102.1,19.29,1
SNS-01122,86.24,56.68,75.12,2955.4,8.05,0
SNS-01123,79.66,51.87,102.62,2807.9,9.35,0
SNS-01124,58.28,70.12,149.32,2708.9,21.01,1
SNS-01125,91.6,44.92,109.53,2775.7,5.0,0
SNS-01126,58.24,55.03,98.87,1848.9,6.09,0
SNS-01127,75.63,28.62,116.44,2863.2,7.37,0
SNS-01128,62.95,39.19,157.22,2653.5,10.12,0
SNS-01129,71.23,55.43,87.03,3277.8,14.04,0
SNS-01130,75.95,57.74,101.08,2805.8,9.93,0
SNS-01131,75.86,40.59,146.95,2443.3,5.85,0
SNS-01132,77.06,43.93,153.44,2785.0,9.05,0
SNS-01133,91.36,22.23,118.14,2486.2,8.48,0
SNS-01134,77.44,39.64,97.7,2942.0,5.0,0
SNS-01135,69.07,58.36,157.73,2887.3,22.86,1
SNS-01136,83.57,53.63,148.7,3087.4,19.54,1
SNS-01137,86.27,52.51,132.22,2562.7,16.67,1
SNS-01138,57.27,45.75,105.38,2810.2,5.0,0
SNS-01139,79.17,45.11,119.12,2390.5,11.01,0
SNS-01140,80.41,35.1,117.11,3010.4,15.27,0
SNS-01141,68.43,55.48,125.96,2955.7,6.9,0
SNS-01142,88.51,51.31,146.12,2948.7,19.33,1
SNS-01143,70.2,52.38,135.83,2800.5,10.81,0
SNS-01144,73.51,37.11,100.61,2924.4,5.0,0
SNS-01145,69.92,12.7,144.78,3281.3,17.43,1
SNS-01146,72.19,61.46,125.64,2714.5,15.88,1
SNS-01147,58.84,37.82,132.37,2841.6,5.0,0
SNS-01148,54.72,32.06,146.4,2474.2,11.22,0
SNS-01149,91.13,55.4,99.99,2539.5,5.0,0
SNS-01150,61.84,39.12,119.36,2829.3,5.0,0
SNS-01151,60.1,60.9,110.43,3131.2,13.67,0
SNS-01152,46.16,54.26,91.78,2723.1,5.02,0
SNS-01153,64.33,55.25,126.24,2729.2,7.15,0
SNS-01154,56.12,24.51,165.21,2677.9,13.25,0
SNS-01155,91.7,63.18,86.88,2639.6,13.92,0
SNS-01156,84.12,48.92,119.42,2888.5,13.2,0
SNS-01157,63.74,39.46,131.53,2350.8,5.31,0
SNS-01158,99.03,47.15,122.22,3184.3,20.09,1
SNS-01159,83.78,18.36,117.96,2600.4,5.15,0
SNS-01160,68.1,51.13,96.61,3016.6,13.25,0
SNS-01161,42.01,29.56,124.19,2419.0,5.0,0
SNS-01162,99.49,24.71,106.38,3000.7,18.85,1
SNS-01163,55.33,22.16,80.58,3001.6,5.0,0
SNS-01164,52.26,61.69,141.5,2915.3,11.47,0
SNS-01165,84.27,35.56,137.25,2501.7,13.57,0
SNS-01166,101.28,68.01,120.93,2874.9,25.06,1
SNS-01167,88.61,36.96,124.12,2445.1,11.11,0
SNS-01168,78.77,19.39,139.34,2724.2,13.35,0
SNS-01169,79.14,28.25,124.04,3108.8,10.35,0
SNS-01170,82.24,63.54,136.27,3039.0,17.74,1
SNS-01171,81.11,42.66,114.65,2804.6,10.05,0
SNS-01172,75.37,36.78,143.62,2507.6,8.09,0
SNS-01173,73.25,47.4,125.77,2993.7,12.0,0
SNS-01174,71.25,52.53,123.49,2805.8,5.0,0
SNS-01175,62.95,61.76,97.14,2103.9,10.82,0
SNS-01176,68.63,66.73,125.17,3034.8,15.56,1
SNS-01177,51.68,39.6,105.02,2792.7,8.48,0
SNS-01178,70.82,25.11,108.51,3160.7,8.6,0
SNS-01179,60.14,38.8,105.32,2471.4,5.0,0
SNS-01180,58.76,48.9,100.81,1847.0,8.95,0
SNS-01181,74.16,30.54,158.25,2883.7,7.72,0
SNS-01182,88.7,30.64,143.96,2887.5,17.9,1
SNS-01183,83.02,50.16,154.57,2292.8,21.48,1
SNS-01184,53.15,44.27,97.99,2506.5,5.0,0
SNS-01185,60.12,45.49,121.28,3626.6,23.37,1
SNS-01186,83.29,33.62,96.72,2708.3,5.0,0
SNS-01187,60.21,41.54,107.48,3019.3,5.0,0
SNS-01188,69.3,31.14,103.47,2604.8,5.0,0
SNS-01189,78.6,58.35,142.31,2172.9,17.1,1
SNS-01190,60.38,60.53,112.87,2748.9,8.63,0
SNS-01191,73.26,17.31,139.23,2720.3,10.42,0
SNS-01192,55.99,31.06,130.87,2680.0,6.12,0
SNS-01193,64.78,22.55,161.47,2765.6,6.99,0
SNS-01194,75.84,35.25,93.37,2879.3,5.0,0
SNS-01195,52.88,43.75,142.67,2755.0,11.84,0
SNS-01196,77.29,23.26,140.64,2420.8,8.62,0
SNS-01197,71.76,31.17,102.48,2945.9,7.1,0
SNS-01198,78.63,29.94,138.13,2215.2,5.0,0
SNS-01199,74.69,48.11,126.05,2184.9,10.24,0
SNS-01200,88.37,46.04,115.91,3021.8,7.09,0
