id_cliente,edad,ingreso_mensual,ciudad,gasto_anual,cliente_activo
CLI-00001,56.0,7142533.4,Medellín,57055.53,Si
CLI-00002,69.0,4075730.18,Tunja,16594.03,No
CLI-00003,46.0,6434095.3,Medellín,3052355.52,Si
CLI-00004,32.0,5952009.71,Cali,165218.13,Si
CLI-00005,60.0,4186568.77,Bogotá,708229.56,Si
CLI-00006,25.0,,Bogotá,2027181.82,SI
CLI-00007,38.0,4902800.98,Bogotá,2641321.1,No
CLI-00008,56.0,6769513.9,Bogotá,879258.17,Si
CLI-00009,36.0,6594895.34,Tunja,998980.82,No
CLI-00010,40.0,5121971.98,Bogotá,1329246.51,Si
CLI-00011,28.0,5626696.27,Medellín,3904858.76,No
CLI-00012,28.0,5436107.12,Tunja,1107585.61,No
CLI-00013,41.0,2783607.85,Bogotá,983746.4,SI
CLI-00014,70.0,85000000.0,tunja,17568.95,Si
CLI-00015,53.0,6111370.85,Medellín,101297.31,
CLI-00016,57.0,6789279.48,Medellín,1032946.7,0
CLI-00017,41.0,3419040.49,Bogotá,3303162.39,TRUE
CLI-00018,20.0,5293246.95,Medellín,2418105.78,No
CLI-00019,39.0,4726305.32,Tunja,4860089.38,Si
CLI-00020,70.0,4323188.9,Cali,900509.69,Si
CLI-00021,19.0,5034003.94,Tunja,1861011.95,Si
CLI-00022,41.0,4826996.12,Medellín,2202104.01,Si
CLI-00023,61.0,,Bogotá,1253056.85,No
CLI-00024,47.0,6662575.14,Medellín,496347.78,No
CLI-00025,55.0,5676191.39,Bogotá,761805.1,TRUE
CLI-00026,19.0,4965886.89,Bogotá,2341613.27,Si
CLI-00027,38.0,7296937.59,Tunja,425523.24,Si
CLI-00028,50.0,85000000.0,Medellín,3088377.34,No
CLI-00029,29.0,4361402.34,Desconocido,313335.95,Si
CLI-00030,,85000000.0,Cali,1661234.27,Si
CLI-00031,61.0,3018253.98,Tunja,1194917.83,
CLI-00032,42.0,5899848.67,Bogotá,1661632.09,No
CLI-00033,66.0,3554531.28,BOGOTA,690111.84,Si
CLI-00034,44.0,,Bogotá,3237263.62,SI
CLI-00035,59.0,3362872.01,Medellín,1201147.59,No
CLI-00036,45.0,3468923.53,TUNJA,408111.49,No
CLI-00037,33.0,5775971.5,tunja,1220842.75,SI
CLI-00038,32.0,4264886.89,Bogotá,405618.57,Si
CLI-00039,64.0,2441438.1,Bogotá,417143.38,No
CLI-00040,68.0,4546567.35,Bogotá,612188.04,Si
CLI-00041,61.0,4833399.2,Medellín,2296146.56,Si
CLI-00042,72.0,3780994.71,Bogotá,832491.73,TRUE
CLI-00043,69.0,6233827.63,Tunja,1363206.36,No
CLI-00044,74.0,3868591.67,Bogotá,597032.81,No
CLI-00045,20.0,6162506.53,Tunja,367187.06,SI
CLI-00046,54.0,5395174.17,Medellín,3711753.8,1
CLI-00047,68.0,5889908.26,Medellín,1110341.0,SI
CLI-00048,24.0,2852173.74,Bogotá,3260836.22,Si
CLI-00049,38.0,4647465.29,Bogotá,272902.72,Si
CLI-00050,26.0,,TUNJA,190646.0,Si
CLI-00051,,2366990.21,Tunja,2324055.51,Si
CLI-00052,999.0,6157591.09,Cali,1370765.63,Si
CLI-00053,21.0,3273898.65,TUNJA,247807.02,No
CLI-00054,42.0,3585648.26,Bogotá,376600.81,No
CLI-00055,31.0,2980026.25,Medellín,1935315.77,0
CLI-00056,67.0,5551779.49,BOGOTA,725874.85,No
CLI-00057,26.0,2211105.42,Tunja,1332362.24,No
CLI-00058,43.0,5426812.2,Bogotá,459890.3,Si
CLI-00059,70.0,6066770.98,Bogotá,576025.88,Si
CLI-00060,19.0,,Bogotá,5614910.62,Si
CLI-00061,37.0,85000000.0,Cali,341411.87,No
CLI-00062,45.0,5639319.7,TUNJA,847372.83,Si
CLI-00063,64.0,3075863.51,Cali,2232578.07,No
CLI-00064,24.0,6652102.47,Tunja,328098.34,No
CLI-00065,61.0,,Tunja,643810.67,Si
CLI-00066,25.0,4400418.57,Medellín,1145698.9,Si
CLI-00067,64.0,4001044.02,Tunja,787456.79,Si
CLI-00068,52.0,5237313.18,Medellín,738317.8,Si
CLI-00069,999.0,3692944.14,Bogotá,540259.52,No
CLI-00070,34.0,4600373.59,Medellín,1060142.04,No
CLI-00071,53.0,2646984.27,Medellín,1174989.41,No
CLI-00072,67.0,6246997.81,Bogotá,1271118.31,SI
CLI-00073,57.0,5506111.42,Tunja,87559.9,No
CLI-00074,21.0,4061610.36,Bogotá,1196461.51,0
CLI-00075,19.0,3796276.45,Bogotá,3675200.17,Si
CLI-00076,23.0,5466942.37,Medellín,934410.1,No
CLI-00077,71.0,3439059.93,Cali,1507444.4,Si
CLI-00078,59.0,4688047.97,Cali,976297.7,Si
CLI-00079,21.0,6242098.18,Desconocido,2315081.16,Si
CLI-00080,71.0,3283114.32,Bogotá,3183986.29,No
CLI-00081,46.0,5052901.24,Tunja,244332.53,Si
CLI-00082,35.0,4973587.9,Bogotá,689072.49,Si
CLI-00083,43.0,4353994.77,Medellín,597850.86,
CLI-00084,61.0,3744315.62,Bogotá,623466.59,SI
CLI-00085,51.0,6322195.59,Cali,160956.76,No
CLI-00086,27.0,3603647.05,Bogotá,2015933.7,No
CLI-00087,53.0,1781941.65,BOGOTA,43705.83,0
CLI-00088,31.0,5460800.39,BOGOTA,901507.81,No
CLI-00089,48.0,2698044.98,Tunja,1301219.58,Si
CLI-00090,65.0,5537821.72,Bogotá,279029.05,SI
CLI-00091,-5.0,6502354.87,Medellín,2835441.68,No
CLI-00092,25.0,5444624.82,Bogotá,2188265.84,Si
CLI-00093,31.0,6107116.95,Bogotá,764310.17,Si
CLI-00094,40.0,7530073.66,Medellín,635498.38,Si
CLI-00095,74.0,5950140.69,Tunja,323917.35,1
CLI-00096,57.0,4995860.09,Medellín,1571169.87,Si
CLI-00097,38.0,6950922.28,Medellín,169522.14,0
CLI-00098,33.0,7132163.32,Tunja,1368213.05,TRUE
CLI-00099,62.0,7153157.67,Bogotá,2217668.1,No
CLI-00100,35.0,3761784.73,Bogotá,311258.12,No
CLI-00101,64.0,2468972.46,Medellín,2415732.18,Si
CLI-00102,70.0,3670211.72,Tunja,40669.28,Si
CLI-00103,,5555462.42,TUNJA,2927287.55,Si
CLI-00104,43.0,4738738.42,Bogotá,151168.8,No
CLI-00105,42.0,4190278.52,Tunja,1245333.97,Si
CLI-00106,62.0,5340722.1,Bogotá,345350.44,Si
CLI-00107,58.0,2293792.38,Bogotá,2173515.33,Si
CLI-00108,46.0,4711753.95,Bogotá,861666.67,1
CLI-00109,32.0,6177686.47,Medellín,174365.57,Si
CLI-00110,62.0,5323973.47,Bogotá,1015534.46,TRUE
CLI-00111,18.0,5537714.73,Tunja,628860.44,Si
CLI-00112,42.0,6896059.18,Tunja,1299692.45,No
CLI-00113,24.0,4400785.07,Medellín,2563501.64,Si
CLI-00114,26.0,3520362.51,Medellín,631917.49,No
CLI-00115,41.0,6284272.56,Bogotá,410786.72,No
CLI-00116,18.0,6256680.95,Cali,17545.76,Si
CLI-00117,,5337437.51,Bogotá,1026344.94,No
CLI-00118,25.0,4259443.5,Cali,617548.93,No
CLI-00119,41.0,4502069.48,Bogotá,563331.04,No
CLI-00120,28.0,2584840.57,Tunja,242444.43,No
CLI-00121,68.0,6169419.8,BOGOTA,674659.22,Si
CLI-00122,34.0,6116476.96,Bogotá,4995812.78,No
CLI-00123,25.0,2532475.87,Cali,424166.07,
CLI-00124,52.0,5801448.13,Bogotá,1098662.45,TRUE
CLI-00125,52.0,5106152.48,Medellín,1797942.2,0
CLI-00126,50.0,2967038.83,tunja,1659517.58,Si
CLI-00127,22.0,2690999.7,Tunja,478379.78,No
CLI-00128,59.0,5060239.9,Cali,1132579.58,No
CLI-00129,56.0,3903443.83,Medellín,2459996.17,Si
CLI-00130,58.0,7229923.28,Medellín,18681.58,SI
CLI-00131,45.0,5928897.59,Bogotá,686676.17,No
CLI-00132,24.0,5210539.71,tunja,304746.2,Si
CLI-00133,26.0,5284618.51,Tunja,590468.02,Si
CLI-00134,25.0,6496300.77,Bogotá,645403.8,SI
CLI-00135,29.0,5769777.14,tunja,1647679.32,Si
CLI-00136,,,Cali,118223.26,Si
CLI-00137,50.0,3029608.24,Tunja,862364.53,Si
CLI-00138,65.0,9092920.45,Bogotá,996671.89,Si
CLI-00139,72.0,2845225.86,Bogotá,817836.15,TRUE
CLI-00140,40.0,4031185.89,Bogotá,1579554.57,Si
CLI-00141,41.0,2017907.59,Bogotá,581003.4,No
CLI-00142,54.0,,Medellín,3479788.12,1
CLI-00143,52.0,4726665.66,Tunja,788880.78,No
CLI-00144,61.0,5647914.66,Cali,1016156.53,Si
CLI-00145,57.0,1891401.55,Cali,2095208.63,No
CLI-00146,,6169358.5,Bogotá,386291.21,Si
CLI-00147,44.0,3288846.9,Bogotá,93815.97,Si
CLI-00148,52.0,4276492.2,Bogotá,1476314.34,No
CLI-00149,18.0,5897356.9,Bogotá,791682.4,SI
CLI-00150,52.0,4891900.03,Medellín,2721869.69,No
CLI-00151,54.0,4997913.84,Bogotá,4867075.43,0
CLI-00152,64.0,5698768.23,Medellín,611210.77,No
CLI-00153,31.0,5143185.96,Bogotá,644273.0,No
CLI-00154,20.0,3988338.15,Bogotá,629022.57,SI
CLI-00155,18.0,4250296.31,Tunja,470858.67,Si
CLI-00156,22.0,4817818.02,Tunja,1826191.1,Si
CLI-00157,43.0,3156665.86,Tunja,1707528.92,No
CLI-00158,72.0,5994012.99,Bogotá,781588.61,No
CLI-00159,31.0,4932980.9,tunja,54827.1,Si
CLI-00160,56.0,4612164.4,Cali,444510.23,Si
CLI-00161,44.0,6288744.84,Bogotá,414887.17,Si
CLI-00162,26.0,4319829.54,Tunja,1999763.99,No
CLI-00163,32.0,4226368.5,Tunja,109980.02,SI
CLI-00164,32.0,3773056.85,Bogotá,1965870.26,1
CLI-00165,43.0,5014600.51,Bogotá,1327430.28,No
CLI-00166,59.0,4962675.16,Bogotá,1582100.27,SI
CLI-00167,30.0,3500573.7,Tunja,679211.11,Si
CLI-00168,68.0,4233459.03,Tunja,1366293.32,Si
CLI-00169,49.0,3510596.6,Tunja,1126946.1,Si
CLI-00170,56.0,3442697.32,Tunja,1758302.2,No
CLI-00171,66.0,1905153.25,Medellín,710377.38,Si
CLI-00172,,4153634.62,Tunja,768268.68,No
CLI-00173,49.0,1946680.1,Bogotá,1237961.84,No
CLI-00174,21.0,3805776.47,Medellín,137251.23,Si
CLI-00175,47.0,3580958.03,tunja,687761.45,0
CLI-00176,54.0,6077842.59,tunja,4288556.14,No
CLI-00177,40.0,2977597.79,Medellín,45930.69,Si
CLI-00178,56.0,3358220.42,Tunja,455765.12,Si
CLI-00179,62.0,3927713.79,Medellín,452445.3,No
CLI-00180,,3629784.52,Cali,1204390.63,Si
CLI-00181,999.0,6553882.2,Tunja,134191.46,Si
CLI-00182,46.0,2792148.94,Bogotá,1188389.93,No
CLI-00183,53.0,3930893.25,tunja,119837.76,1
CLI-00184,30.0,4998097.87,Bogotá,119722.94,Si
CLI-00185,49.0,5821775.01,Tunja,1563153.06,TRUE
CLI-00186,24.0,3929637.67,Tunja,470114.62,SI
CLI-00187,68.0,1622850.6,Bogotá,4548985.53,Si
CLI-00188,39.0,4274843.67,Tunja,45682.12,No
CLI-00189,45.0,6528042.71,Medellín,706775.24,Si
CLI-00190,19.0,,Medellín,144076.28,Si
CLI-00191,59.0,4854626.79,Tunja,519487.99,No
CLI-00192,62.0,2905473.01,tunja,7599023.53,No
CLI-00193,74.0,2751492.61,Bogotá,2636168.72,Si
CLI-00194,70.0,4527062.47,Tunja,59437.28,TRUE
CLI-00195,23.0,2360431.62,Cali,994089.25,No
CLI-00196,45.0,5672043.33,Cali,1252343.3,1
CLI-00197,45.0,3230030.63,Medellín,282160.11,Si
CLI-00198,61.0,4463014.08,tunja,188132.75,1
CLI-00199,61.0,1671349.62,Medellín,2816862.17,Si
CLI-00200,,3909297.2,tunja,4161437.15,Si
CLI-00201,47.0,2721209.18,Bogotá,5778011.75,No
CLI-00202,28.0,1017065.37,Medellín,1871416.78,No
CLI-00203,72.0,5312763.13,,1306995.94,No
CLI-00204,45.0,6961739.31,Medellín,509082.66,Si
CLI-00205,42.0,6194210.38,Tunja,225618.86,Si
CLI-00206,56.0,5522536.03,Bogotá,98729.01,No
CLI-00207,50.0,3878818.25,Medellín,1418252.34,Si
CLI-00208,18.0,5708835.34,Tunja,1842997.96,No
CLI-00209,74.0,6335779.8,Desconocido,2101572.7,Si
CLI-00210,44.0,4705232.74,Tunja,2940815.03,0
CLI-00211,74.0,2723459.74,Tunja,2543612.09,No
CLI-00212,69.0,3750923.55,TUNJA,9911681.09,No
CLI-00213,30.0,7054044.73,Bogotá,335758.29,1
CLI-00214,58.0,4387883.75,Tunja,1729192.72,No
CLI-00215,20.0,-487133.58,Medellín,1059599.83,Si
CLI-00216,56.0,2296614.8,Medellín,363346.95,Si
CLI-00217,,3863326.95,Tunja,4814564.92,No
CLI-00218,25.0,6053737.86,Desconocido,2738140.79,Si
CLI-00219,44.0,4090316.47,Bogotá,165068.87,No
CLI-00220,26.0,6081647.48,Medellín,31807.87,Si
CLI-00221,54.0,3710756.47,Bogotá,1398975.35,Si
CLI-00222,50.0,1553561.22,Medellín,1112005.19,No
CLI-00223,68.0,3762658.26,Bogotá,3295194.56,0
CLI-00224,59.0,,Bogotá,319896.01,No
CLI-00225,61.0,4892925.52,Bogotá,105795.03,1
CLI-00226,41.0,2617338.38,Cali,360054.35,0
CLI-00227,32.0,3973205.7,Tunja,22930.87,Si
CLI-00228,71.0,,Medellín,43863.28,Si
CLI-00229,49.0,2650096.76,Cali,2956119.06,No
CLI-00230,49.0,5491085.09,Tunja,520668.21,SI
CLI-00231,,1354986.45,Tunja,634805.85,No
CLI-00232,58.0,5795687.74,Bogotá,22251.01,
CLI-00233,69.0,3161511.91,Medellín,378510.92,Si
CLI-00234,66.0,5103132.39,Tunja,1960021.79,Si
CLI-00235,66.0,2562711.6,Bogotá,1146945.57,No
CLI-00236,69.0,4936279.2,Medellín,1681838.73,Si
CLI-00237,29.0,3137024.56,Medellín,711340.64,Si
CLI-00238,56.0,3427427.73,Bogotá,444805.59,Si
CLI-00239,19.0,5162979.01,Bogotá,791214.18,Si
CLI-00240,20.0,3854421.79,Cali,468226.78,No
CLI-00241,66.0,5070572.17,BOGOTA,2191405.69,TRUE
CLI-00242,54.0,4213738.02,tunja,424028.63,TRUE
CLI-00243,66.0,,Medellín,1293737.67,No
CLI-00244,73.0,5167629.71,Bogotá,176783.99,Si
CLI-00245,34.0,,Bogotá,1393350.77,No
CLI-00246,66.0,3005925.32,Tunja,2934357.68,Si
CLI-00247,19.0,3701531.6,Tunja,1125578.62,Si
CLI-00248,19.0,6292708.77,Medellín,984782.31,Si
CLI-00249,45.0,4674259.63,Bogotá,3896676.9,SI
CLI-00250,71.0,3232652.32,Bogotá,1184688.69,TRUE
CLI-00251,40.0,5102340.91,,360597.31,No
CLI-00252,54.0,5202473.38,Tunja,415036.36,No
CLI-00253,49.0,5279998.61,Tunja,1466183.92,Si
CLI-00254,50.0,3033244.2,Tunja,1595609.2,No
CLI-00255,18.0,3476413.51,Medellín,434018.49,No
CLI-00256,36.0,3484756.18,Medellín,508374.41,Si
CLI-00257,19.0,3959028.13,Bogotá,5660195.09,Si
CLI-00258,70.0,5308378.78,Bogotá,129038.85,SI
CLI-00259,61.0,4944277.21,Cali,622316.95,No
CLI-00260,43.0,5062825.44,Cali,77379.07,TRUE
CLI-00261,49.0,6531028.71,BOGOTA,2064968.81,SI
CLI-00262,23.0,5533336.4,Cali,116270.22,
CLI-00263,-5.0,4287297.56,Medellín,1345056.56,Si
CLI-00264,72.0,2724172.24,Tunja,69769.61,Si
CLI-00265,21.0,3428179.49,Tunja,1340822.28,Si
CLI-00266,72.0,4107442.4,Tunja,2222093.8,Si
CLI-00267,28.0,5743694.74,Medellín,610636.11,No
CLI-00268,73.0,4459002.1,Cali,886091.05,No
CLI-00269,34.0,3515706.07,Bogotá,616078.19,No
CLI-00270,55.0,3400660.67,Tunja,-50000.0,Si
CLI-00271,41.0,4395632.69,Bogotá,1951067.4,TRUE
CLI-00272,22.0,,BOGOTA,380949.32,Si
CLI-00273,69.0,6886528.96,Medellín,1540240.26,Si
CLI-00274,51.0,4191347.1,Cali,277104.07,No
CLI-00275,23.0,4432885.23,Cali,344984.58,No
CLI-00276,39.0,2679087.44,BOGOTA,492201.47,Si
CLI-00277,28.0,7408788.85,Cali,1067451.14,Si
CLI-00278,65.0,2398495.74,Medellín,727092.1,No
CLI-00279,33.0,6257493.47,Tunja,1640471.73,Si
CLI-00280,50.0,3951996.07,Tunja,288297.76,Si
CLI-00281,,3600950.26,Bogotá,12875.57,No
CLI-00282,23.0,2834994.64,Tunja,1798321.25,Si
CLI-00283,33.0,8115072.97,Desconocido,2068804.36,Si
CLI-00284,46.0,4832237.43,Bogotá,73587.05,Si
CLI-00285,,4531920.66,tunja,1132725.88,0
CLI-00286,37.0,5830098.54,Bogotá,570177.23,0
CLI-00287,53.0,3523750.91,Bogotá,1895247.25,Si
CLI-00288,36.0,4502768.93,BOGOTA,2489722.69,Si
CLI-00289,43.0,4584504.43,Bogotá,2284601.1,Si
CLI-00290,20.0,3731781.4,Bogotá,1801799.8,Si
CLI-00291,36.0,6299457.12,Tunja,376095.92,No
CLI-00292,37.0,4172018.38,Medellín,2004871.78,No
CLI-00293,49.0,2170301.92,Bogotá,914941.34,Si
CLI-00294,24.0,4047753.95,Medellín,65039.05,Si
CLI-00295,69.0,4873768.01,Medellín,732640.02,Si
CLI-00296,58.0,3159760.15,Medellín,3420046.43,Si
CLI-00297,50.0,3278107.81,Medellín,2625601.67,Si
CLI-00298,57.0,3680611.44,Bogotá,129455.46,No
CLI-00299,56.0,6331853.49,Bogotá,1635687.39,No
CLI-00300,35.0,3769262.97,Cali,1966595.99,No
CLI-00301,57.0,6643675.53,Bogotá,379937.02,Si
CLI-00302,18.0,3577574.34,Bogotá,765501.51,No
CLI-00303,28.0,,Bogotá,1489544.24,Si
CLI-00304,45.0,3830635.99,tunja,693730.0,Si
CLI-00305,74.0,5631124.76,Bogotá,143617.64,No
CLI-00306,42.0,2822588.77,Bogotá,1468530.89,Si
CLI-00307,67.0,5614289.22,Medellín,2911585.29,No
CLI-00308,40.0,4670804.1,Medellín,1268336.0,No
CLI-00309,48.0,3540012.27,Tunja,1783606.83,TRUE
CLI-00310,47.0,4250667.77,Bogotá,532478.2,0
CLI-00311,59.0,6800782.41,Medellín,242830.64,Si
CLI-00312,52.0,4706766.76,,1235262.84,
CLI-00313,24.0,,Medellín,476587.83,No
CLI-00314,33.0,2692960.08,Bogotá,2359965.76,No
CLI-00315,43.0,5258106.41,Tunja,156989.11,Si
CLI-00316,65.0,,tunja,681856.95,SI
CLI-00317,74.0,5542531.04,Cali,606463.73,Si
CLI-00318,69.0,2306662.89,Tunja,3337787.85,SI
CLI-00319,66.0,2741609.32,Tunja,199456.5,Si
CLI-00320,19.0,6220318.8,Medellín,11874.75,No
CLI-00321,18.0,4997012.47,Bogotá,326304.67,Si
CLI-00322,65.0,5300101.28,Bogotá,2059605.27,Si
CLI-00323,29.0,3055969.45,Tunja,281837.09,Si
CLI-00324,22.0,3028519.2,Bogotá,330711.43,Si
CLI-00325,54.0,5986887.99,Bogotá,166974.91,Si
CLI-00326,49.0,6057566.48,Medellín,1508157.37,Si
CLI-00327,72.0,2867520.77,Bogotá,86019.74,No
CLI-00328,26.0,2580944.26,Bogotá,482739.16,SI
CLI-00329,58.0,4337110.54,Bogotá,398376.67,No
CLI-00330,52.0,3300977.32,Bogotá,972048.01,Si
CLI-00331,36.0,3269734.68,Tunja,1573051.48,Si
CLI-00332,65.0,,Bogotá,913393.76,Si
CLI-00333,33.0,3797349.23,Medellín,3208830.67,TRUE
CLI-00334,20.0,2767957.89,Tunja,3630011.37,SI
CLI-00335,37.0,2856898.65,Tunja,538295.16,Si
CLI-00336,41.0,4947587.77,Tunja,1804367.02,Si
CLI-00337,71.0,4417202.65,Bogotá,1610969.01,TRUE
CLI-00338,73.0,5227318.02,tunja,2681514.7,TRUE
CLI-00339,50.0,2026449.85,Tunja,712926.16,SI
CLI-00340,41.0,4514820.91,BOGOTA,907235.85,SI
CLI-00341,69.0,7613456.31,Tunja,644961.51,Si
CLI-00342,28.0,3941591.27,Cali,2279563.13,Si
CLI-00343,66.0,5737123.51,Bogotá,313173.88,Si
CLI-00344,,5724010.27,Medellín,328864.95,Si
CLI-00345,53.0,,Bogotá,559414.94,Si
CLI-00346,55.0,4749992.53,Bogotá,314172.12,No
CLI-00347,57.0,,Cali,987925.73,Si
CLI-00348,37.0,5548520.43,Cali,173323.77,Si
CLI-00349,52.0,5453169.04,Bogotá,463123.64,Si
CLI-00350,65.0,,Tunja,2936366.09,Si
CLI-00351,42.0,1938923.28,Tunja,631585.03,Si
CLI-00352,52.0,2169624.68,Cali,1655104.88,SI
CLI-00353,42.0,4094760.01,Bogotá,144517.81,SI
CLI-00354,46.0,5390890.1,Bogotá,341328.01,Si
CLI-00355,35.0,2843383.08,Medellín,1976228.97,No
CLI-00356,63.0,5885955.69,tunja,1727598.4,Si
CLI-00357,35.0,3746587.24,Medellín,585617.19,No
CLI-00358,19.0,3760867.18,Cali,3705335.55,Si
CLI-00359,71.0,,Cali,2898139.05,Si
CLI-00360,52.0,1672820.46,Bogotá,3933738.07,SI
CLI-00361,33.0,,Bogotá,670160.59,Si
CLI-00362,58.0,7069001.57,Cali,263988.61,Si
CLI-00363,53.0,,Bogotá,1182314.52,Si
CLI-00364,50.0,1724052.54,TUNJA,1385355.32,Si
CLI-00365,21.0,5670514.22,Tunja,160843.7,Si
CLI-00366,50.0,2062803.01,Tunja,1852846.78,SI
CLI-00367,31.0,2686448.4,BOGOTA,21870.36,No
CLI-00368,38.0,85000000.0,Medellín,791024.62,No
CLI-00369,65.0,4684265.16,Bogotá,482394.63,Si
CLI-00370,37.0,2987004.0,Cali,1617887.93,Si
CLI-00371,73.0,4084025.92,Medellín,450087.31,Si
CLI-00372,25.0,5572743.6,Bogotá,2104019.22,Si
CLI-00373,24.0,5778268.33,Tunja,1084504.05,No
CLI-00374,20.0,6377184.63,Cali,1895233.9,Si
CLI-00375,34.0,7364127.98,tunja,5449580.04,TRUE
CLI-00376,50.0,5714833.98,Tunja,1364169.08,Si
CLI-00377,65.0,4174895.23,tunja,5035677.97,Si
CLI-00378,29.0,5788970.69,tunja,35112.32,Si
CLI-00379,68.0,5200074.35,Bogotá,495241.45,Si
CLI-00380,39.0,5259550.47,Medellín,136949.59,Si
CLI-00381,72.0,4765828.18,Bogotá,365069.67,Si
CLI-00382,39.0,3131918.85,Bogotá,2190785.85,Si
CLI-00383,63.0,2957855.39,Medellín,39428.64,No
CLI-00384,47.0,4354322.7,tunja,881220.44,No
CLI-00385,55.0,4723365.11,Medellín,1004777.81,Si
CLI-00386,55.0,3480838.62,Bogotá,988320.27,Si
CLI-00387,62.0,5135012.92,Tunja,773907.64,No
CLI-00388,68.0,7621148.86,Tunja,1876227.77,
CLI-00389,71.0,1883503.92,Bogotá,172011.48,No
CLI-00390,25.0,5373366.72,Tunja,446280.34,Si
CLI-00391,44.0,4401038.07,Medellín,1147679.49,No
CLI-00392,44.0,5175983.33,Bogotá,1409107.95,No
CLI-00393,51.0,3853927.95,Cali,621316.43,Si
CLI-00394,999.0,4280910.17,Bogotá,2498899.28,SI
CLI-00395,47.0,4694250.68,Medellín,644384.64,Si
CLI-00396,50.0,4047549.17,Bogotá,618555.9,0
CLI-00397,45.0,2219188.02,Tunja,44254.81,No
CLI-00398,64.0,4149127.45,Tunja,961256.66,No
CLI-00399,50.0,2375349.56,Bogotá,1480003.01,No
CLI-00400,22.0,,tunja,145839.59,Si
CLI-00401,65.0,,Tunja,437359.57,No
CLI-00402,36.0,6042981.57,Medellín,1823829.05,SI
CLI-00403,21.0,5144344.5,Desconocido,546695.11,No
CLI-00404,52.0,5150082.92,Cali,331857.09,TRUE
CLI-00405,66.0,1253535.2,Tunja,1338424.36,TRUE
CLI-00406,34.0,4007100.84,TUNJA,262920.25,0
CLI-00407,61.0,6230345.14,Tunja,2712039.15,No
CLI-00408,45.0,3722088.03,Bogotá,133920.46,No
CLI-00409,47.0,2882906.78,tunja,1471256.81,Si
CLI-00410,46.0,3544994.86,Medellín,830693.99,No
CLI-00411,63.0,4397583.57,Bogotá,2447614.98,Si
CLI-00412,70.0,3222944.32,Bogotá,161877.77,Si
CLI-00413,23.0,6350725.85,Bogotá,1359452.94,Si
CLI-00414,52.0,4402998.71,Bogotá,1018511.7,SI
CLI-00415,58.0,3666645.98,Bogotá,784919.8,SI
CLI-00416,54.0,2547984.71,Desconocido,811329.25,No
CLI-00417,,5226669.91,BOGOTA,1536061.56,Si
CLI-00418,46.0,5192499.44,tunja,3331755.23,No
CLI-00419,66.0,,Bogotá,114824.49,No
CLI-00420,63.0,1145506.46,Medellín,23634.4,Si
CLI-00421,70.0,5116143.28,TUNJA,1966051.91,Si
CLI-00422,48.0,4219794.91,tunja,137374.87,Si
CLI-00423,52.0,5004106.75,Bogotá,5183700.45,No
CLI-00424,50.0,7435761.8,Tunja,1159044.43,No
CLI-00425,69.0,4459752.23,Tunja,1262760.73,Si
CLI-00426,38.0,3729242.07,Medellín,266110.97,0
CLI-00427,49.0,2779017.05,Medellín,329817.44,Si
CLI-00428,40.0,4031367.31,Cali,1292280.73,Si
CLI-00429,50.0,4740866.02,Bogotá,2885898.09,Si
CLI-00430,20.0,4579961.13,Tunja,4847183.81,Si
CLI-00431,999.0,7085198.01,Bogotá,264822.31,Si
CLI-00432,42.0,5248628.35,Bogotá,172810.21,Si
CLI-00433,59.0,4297798.69,Tunja,69665.24,No
CLI-00434,48.0,3440159.13,Medellín,2432647.24,Si
CLI-00435,71.0,4900009.15,Bogotá,418983.7,No
CLI-00436,20.0,3139487.76,Medellín,2176.41,No
CLI-00437,57.0,4769746.62,Bogotá,304042.03,Si
CLI-00438,63.0,5231120.89,Bogotá,499420.76,No
CLI-00439,41.0,4175321.67,Bogotá,5650794.19,Si
CLI-00440,67.0,3554570.33,tunja,889649.82,SI
CLI-00441,49.0,1222054.73,Tunja,274864.1,1
CLI-00442,64.0,6215755.09,Cali,489234.13,Si
CLI-00443,39.0,5104950.59,Bogotá,481124.29,1
CLI-00444,40.0,5141425.92,tunja,23907.48,No
CLI-00445,19.0,2157971.5,Cali,174284.9,1
CLI-00446,44.0,6569758.05,Bogotá,1425705.41,No
CLI-00447,59.0,3802174.7,Medellín,153742.35,Si
CLI-00448,19.0,4066807.05,Tunja,314782.59,TRUE
CLI-00449,43.0,2896069.72,TUNJA,518301.44,Si
CLI-00450,34.0,1819581.4,Bogotá,1701267.46,Si
CLI-00451,57.0,6236019.47,Bogotá,1047880.26,Si
CLI-00452,50.0,6429896.05,Medellín,1401554.78,Si
CLI-00453,26.0,4251707.77,Cali,1004455.22,No
CLI-00454,60.0,,Tunja,1380868.92,No
CLI-00455,71.0,3934433.75,Medellín,3415.44,1
CLI-00456,65.0,3975577.51,Bogotá,3206608.43,Si
CLI-00457,56.0,2700210.42,Bogotá,141081.98,0
CLI-00458,999.0,4061617.18,Medellín,625554.48,1
CLI-00459,59.0,4729652.99,Bogotá,1769041.01,Si
CLI-00460,,6027235.87,Bogotá,685605.58,Si
CLI-00461,43.0,4521366.25,Cali,3521396.46,SI
CLI-00462,52.0,2135472.44,Tunja,756407.32,No
CLI-00463,67.0,5030321.79,Medellín,2494748.28,No
CLI-00464,42.0,4116104.16,Tunja,1998119.07,No
CLI-00465,41.0,6555614.54,Tunja,4755114.79,Si
CLI-00466,30.0,6644186.7,Tunja,3133344.19,Si
CLI-00467,24.0,6696681.47,Medellín,2740796.72,No
CLI-00468,74.0,3657618.1,Medellín,1578351.66,Si
CLI-00469,53.0,7484782.61,Tunja,548738.32,No
CLI-00470,62.0,5026413.76,Tunja,134627.76,SI
CLI-00471,37.0,6939570.61,TUNJA,1400186.05,No
CLI-00472,18.0,3746070.58,Tunja,4616273.67,
CLI-00473,25.0,4052104.89,TUNJA,1556202.7,Si
CLI-00474,63.0,4911041.03,Tunja,3169525.14,No
CLI-00475,33.0,4727816.41,Medellín,1957435.78,No
CLI-00476,31.0,6382217.92,Bogotá,213681.87,
CLI-00477,29.0,4151806.02,tunja,343945.2,No
CLI-00478,68.0,6246922.49,Medellín,502015.34,Si
CLI-00479,40.0,5598351.76,Bogotá,221083.11,0
CLI-00480,32.0,4179911.67,Tunja,1045728.07,No
CLI-00481,,5482014.93,Medellín,4448477.73,Si
CLI-00482,51.0,3790102.43,Medellín,1719856.05,No
CLI-00483,19.0,,Tunja,660700.22,TRUE
CLI-00484,49.0,503501.52,Tunja,5417.59,No
CLI-00485,,5509414.81,Cali,450987.4,Si
CLI-00486,39.0,1853106.14,Bogotá,897781.34,SI
CLI-00487,68.0,4161514.95,Medellín,470320.06,No
CLI-00488,42.0,4371587.87,Bogotá,141236.79,No
CLI-00489,39.0,6761450.34,tunja,701721.78,Si
CLI-00490,39.0,3461771.68,TUNJA,350434.31,Si
CLI-00491,66.0,6462017.87,,2879343.15,No
CLI-00492,69.0,2731775.04,Tunja,128774.27,SI
CLI-00493,59.0,6520004.59,tunja,60482.07,Si
CLI-00494,23.0,3788481.84,Bogotá,6394.01,Si
CLI-00495,32.0,4610151.78,Medellín,477120.77,Si
CLI-00496,71.0,3995432.01,Bogotá,1295937.68,No
CLI-00497,,6423545.21,Tunja,1573040.3,Si
CLI-00498,54.0,6131609.76,BOGOTA,724541.99,Si
CLI-00499,50.0,5165252.58,Tunja,1383664.37,Si
CLI-00500,25.0,2772197.42,Medellín,535383.35,No
CLI-00501,70.0,3427467.2,Cali,1322444.17,Si
CLI-00502,61.0,2957135.21,Cali,49731.61,Si
CLI-00503,61.0,1127785.67,Tunja,594637.78,TRUE
CLI-00504,22.0,6391977.15,Bogotá,1877642.45,Si
CLI-00505,56.0,4008264.71,Cali,1949498.59,Si
CLI-00506,21.0,3992259.05,Bogotá,1511166.06,1
CLI-00507,23.0,6744153.35,Bogotá,274147.1,Si
CLI-00508,62.0,3786017.1,Bogotá,340754.99,No
CLI-00509,49.0,3239293.6,Bogotá,6652670.94,Si
CLI-00510,69.0,4162881.57,tunja,130945.1,No
CLI-00511,47.0,2800996.42,Bogotá,239111.32,Si
CLI-00512,64.0,5016533.65,Medellín,167150.7,SI
CLI-00513,52.0,3939506.88,Bogotá,476380.35,Si
CLI-00514,72.0,3739092.88,Bogotá,283133.92,Si
CLI-00515,57.0,3609145.24,Tunja,826240.51,No
CLI-00516,69.0,4340667.76,Bogotá,775563.73,0
CLI-00517,33.0,4625221.69,Bogotá,2781306.94,Si
CLI-00518,30.0,3720037.37,Medellín,42429.28,SI
CLI-00519,67.0,3961851.1,Bogotá,462582.48,Si
CLI-00520,59.0,4377715.76,Bogotá,1089564.21,No
CLI-00521,47.0,4226372.8,Bogotá,1114041.33,Si
CLI-00522,36.0,4546613.95,Tunja,785003.09,No
CLI-00523,34.0,3484993.8,BOGOTA,2029204.15,Si
CLI-00524,73.0,6006889.36,Bogotá,77730.64,Si
CLI-00525,36.0,4645242.27,Tunja,2028047.41,Si
CLI-00526,45.0,3744229.87,Tunja,819252.38,Si
CLI-00527,72.0,5016576.33,Desconocido,172312.89,TRUE
CLI-00528,43.0,4388447.1,Tunja,2602734.54,
CLI-00529,54.0,1899260.47,Cali,1257145.27,No
CLI-00530,43.0,5011429.04,Tunja,214300.05,Si
CLI-00531,70.0,2970740.7,BOGOTA,41074.69,Si
CLI-00532,40.0,5901641.67,tunja,182536.81,No
CLI-00533,26.0,4137375.54,Medellín,1126237.35,0
CLI-00534,29.0,5670105.45,Tunja,237111.67,Si
CLI-00535,70.0,3554672.17,Bogotá,307052.82,SI
CLI-00536,18.0,4604893.9,Bogotá,30553.35,0
CLI-00537,18.0,6315365.25,Bogotá,1540185.03,SI
CLI-00538,,4096475.18,Bogotá,1995181.13,Si
CLI-00539,51.0,3613774.35,Tunja,1912562.02,Si
CLI-00540,49.0,5482560.92,Medellín,163764.89,Si
CLI-00541,71.0,5453492.4,Bogotá,2803384.24,No
CLI-00542,65.0,3676876.3,Bogotá,1338710.55,Si
CLI-00543,42.0,,Tunja,2733806.11,Si
CLI-00544,57.0,3584965.53,,711225.08,No
CLI-00545,,5516039.28,Bogotá,689274.57,Si
CLI-00546,70.0,3337448.72,Cali,1841956.61,Si
CLI-00547,18.0,4483593.24,Bogotá,117529.53,No
CLI-00548,33.0,3513772.59,Tunja,882950.09,No
CLI-00549,56.0,1601749.26,Bogotá,2172281.4,No
CLI-00550,22.0,3486778.23,Bogotá,2127708.25,Si
CLI-00551,39.0,5509698.03,Cali,3751907.61,No
CLI-00552,46.0,944621.28,Medellín,1437877.56,No
CLI-00553,-5.0,4878251.03,Bogotá,279485.18,Si
CLI-00554,20.0,2720896.15,Desconocido,24586.54,No
CLI-00555,29.0,5412663.1,Bogotá,783364.36,Si
CLI-00556,43.0,5571478.4,,865125.01,Si
CLI-00557,33.0,4242078.1,,329738.89,Si
CLI-00558,68.0,4245497.76,Tunja,159822.81,Si
CLI-00559,54.0,3290455.95,Bogotá,1058870.7,Si
CLI-00560,39.0,2481624.9,Bogotá,1734008.91,SI
CLI-00561,74.0,7047139.36,Medellín,5980927.04,Si
CLI-00562,46.0,3202392.86,Bogotá,1704082.58,0
CLI-00563,31.0,6851694.2,Desconocido,1893715.56,No
CLI-00564,45.0,3210749.94,Medellín,1149976.38,Si
CLI-00565,22.0,5287785.59,Tunja,5115826.55,Si
CLI-00566,64.0,2793289.26,Tunja,1225836.12,No
CLI-00567,66.0,5285092.53,Medellín,2361508.42,No
CLI-00568,47.0,4011618.96,Tunja,3497749.36,Si
CLI-00569,63.0,4031225.76,Cali,3188688.79,Si
CLI-00570,69.0,5415034.75,Bogotá,576385.47,No
CLI-00571,22.0,3796287.95,Bogotá,98314.06,Si
CLI-00572,29.0,2357777.26,Tunja,226307.52,SI
CLI-00573,33.0,5641958.35,Medellín,73259.37,No
CLI-00574,43.0,2781149.12,Tunja,133650.19,Si
CLI-00575,43.0,5274775.93,Cali,244967.21,Si
CLI-00576,65.0,5959494.82,Bogotá,500609.85,Si
CLI-00577,38.0,85000000.0,Cali,941104.12,SI
CLI-00578,56.0,6273529.27,Medellín,1492429.74,Si
CLI-00579,53.0,5222675.56,Tunja,284276.24,Si
CLI-00580,50.0,3456207.87,Cali,1339602.76,No
CLI-00581,47.0,6602143.5,Tunja,1461925.75,Si
CLI-00582,54.0,,Bogotá,981425.27,Si
CLI-00583,40.0,3934949.36,Tunja,2807321.36,SI
CLI-00584,27.0,4190527.79,Cali,141182.65,Si
CLI-00585,71.0,,TUNJA,233936.0,1
CLI-00586,22.0,6173149.95,Medellín,671735.09,SI
CLI-00587,53.0,6079187.34,Bogotá,162588.87,Si
CLI-00588,51.0,4835622.48,Cali,1002472.0,Si
CLI-00589,69.0,4079596.34,Tunja,609795.94,Si
CLI-00590,48.0,1761023.64,TUNJA,401889.09,No
CLI-00591,27.0,2528781.22,Tunja,223580.77,Si
CLI-00592,36.0,,,490172.4,0
CLI-00593,49.0,1745892.02,Medellín,1123667.7,No
CLI-00594,18.0,3323264.04,Cali,1029018.45,Si
CLI-00595,,6216909.42,Medellín,214412.41,No
CLI-00596,22.0,4814569.95,Bogotá,160127.7,Si
CLI-00597,62.0,5892067.61,Medellín,32446.85,SI
CLI-00598,21.0,5314242.53,Tunja,15004.12,No
CLI-00599,33.0,6704373.81,Medellín,2542422.1,Si
CLI-00600,41.0,4943140.93,Medellín,55364.38,Si
CLI-00601,33.0,5495171.59,TUNJA,1576639.45,SI
CLI-00602,72.0,3413630.2,Bogotá,2466730.3,No
CLI-00603,19.0,5379499.46,Tunja,123845.87,0
CLI-00604,66.0,3905810.85,Bogotá,687882.73,Si
CLI-00605,45.0,3820341.2,Medellín,3933809.18,Si
CLI-00606,49.0,5842085.27,Tunja,2155923.77,Si
CLI-00607,44.0,5852435.06,Bogotá,807317.27,No
CLI-00608,37.0,7032663.23,Cali,1725464.55,Si
CLI-00609,41.0,6934894.78,Medellín,2150430.3,Si
CLI-00610,29.0,5875972.74,Bogotá,513302.49,No
CLI-00611,67.0,,Bogotá,2672449.14,No
CLI-00612,52.0,7241521.47,Medellín,762926.07,Si
CLI-00613,50.0,5876951.51,Bogotá,900441.9,Si
CLI-00614,50.0,3351209.86,Medellín,9765020.63,No
CLI-00615,68.0,5593363.73,Tunja,2224129.27,Si
CLI-00616,60.0,2944101.39,tunja,538867.88,Si
CLI-00617,54.0,5427945.18,Bogotá,12479.38,Si
CLI-00618,29.0,2525594.94,Bogotá,1180758.03,No
CLI-00619,20.0,3287672.39,Medellín,1460524.07,SI
CLI-00620,18.0,5564893.69,Medellín,1262541.79,Si
CLI-00621,50.0,6109330.11,Tunja,4125272.49,Si
CLI-00622,57.0,4988155.29,Cali,2385075.48,TRUE
CLI-00623,27.0,4070747.04,Bogotá,714858.07,
CLI-00624,60.0,1327700.56,TUNJA,77903.9,No
CLI-00625,61.0,4186468.35,Cali,775650.91,
CLI-00626,46.0,5300227.62,Bogotá,1402496.77,No
CLI-00627,,4024852.34,Cali,1122904.11,No
CLI-00628,-5.0,4466133.09,Bogotá,926984.54,Si
CLI-00629,48.0,4221573.8,Tunja,759182.84,Si
CLI-00630,63.0,4017440.67,Desconocido,417363.37,Si
CLI-00631,19.0,4613816.08,Medellín,389790.94,SI
CLI-00632,68.0,,Bogotá,832332.29,1
CLI-00633,67.0,6664934.33,Bogotá,210086.01,No
CLI-00634,,1190371.73,Bogotá,499865.4,Si
CLI-00635,40.0,3681236.12,,469837.85,Si
CLI-00636,34.0,3194615.66,Tunja,1061555.15,Si
CLI-00637,43.0,4828665.9,Bogotá,82811.55,Si
CLI-00638,25.0,,Bogotá,2124011.76,No
CLI-00639,46.0,6933289.65,Bogotá,991680.75,1
CLI-00640,43.0,7426713.07,Bogotá,1333405.03,Si
CLI-00641,27.0,3340374.82,Tunja,1457207.24,Si
CLI-00642,43.0,4500750.1,Tunja,413499.4,No
CLI-00643,51.0,4794456.63,Bogotá,762695.51,Si
CLI-00644,68.0,3303279.38,TUNJA,3755005.48,TRUE
CLI-00645,-5.0,5442573.05,Tunja,1746543.06,Si
CLI-00646,24.0,,Cali,4190274.12,Si
CLI-00647,21.0,2898547.72,Cali,1645707.45,Si
CLI-00648,70.0,4080647.54,Cali,231719.52,Si
CLI-00649,67.0,3003488.14,tunja,80054.99,No
CLI-00650,62.0,6054970.24,Bogotá,1034337.6,Si
CLI-00651,28.0,7352338.88,Tunja,531451.41,Si
CLI-00652,46.0,4867229.06,Bogotá,386658.51,Si
CLI-00653,73.0,4666915.15,Bogotá,1975390.72,Si
CLI-00654,53.0,4728652.15,Medellín,548729.06,Si
CLI-00655,42.0,6273351.04,Medellín,457514.21,No
CLI-00656,38.0,6241048.51,tunja,2276444.73,No
CLI-00657,74.0,4326519.65,Tunja,2247204.29,1
CLI-00658,53.0,4878884.89,TUNJA,528751.23,Si
CLI-00659,27.0,5478969.61,Bogotá,2144117.01,Si
CLI-00660,54.0,2793468.82,Bogotá,2282788.12,Si
CLI-00661,,6318912.36,Bogotá,661832.43,Si
CLI-00662,41.0,7102247.84,Cali,82542.64,No
CLI-00663,52.0,6247548.16,Bogotá,1903.08,SI
CLI-00664,66.0,2631609.13,BOGOTA,889022.53,No
CLI-00665,52.0,1544999.32,TUNJA,506051.49,Si
CLI-00666,65.0,5563078.01,tunja,7024924.14,Si
CLI-00667,53.0,3359715.83,Tunja,1776256.69,TRUE
CLI-00668,35.0,4930700.03,tunja,1718933.91,Si
CLI-00669,66.0,6802723.08,Cali,3727802.69,Si
CLI-00670,56.0,3514567.24,Tunja,2624158.44,0
CLI-00671,49.0,3933668.02,Tunja,459600.67,No
CLI-00672,41.0,4915084.46,Tunja,217807.87,No
CLI-00673,40.0,2553735.54,Tunja,1643996.34,Si
CLI-00674,49.0,3363215.71,Bogotá,570306.75,Si
CLI-00675,54.0,4537286.26,Desconocido,769058.88,Si
CLI-00676,29.0,4049317.7,Bogotá,1194393.36,No
CLI-00677,66.0,5412611.63,Bogotá,2861500.45,Si
CLI-00678,72.0,8648969.42,Desconocido,651786.69,SI
CLI-00679,30.0,4648707.51,Bogotá,1835183.18,SI
CLI-00680,-5.0,3237432.08,tunja,374926.88,No
CLI-00681,42.0,6627360.53,Bogotá,1436681.83,Si
CLI-00682,52.0,2116772.29,Medellín,1896.8,Si
CLI-00683,58.0,2416637.74,Bogotá,2462259.01,No
CLI-00684,47.0,3607344.84,Medellín,37020.72,No
CLI-00685,34.0,4075669.92,Tunja,1496898.52,No
CLI-00686,66.0,3571390.9,Cali,56834.74,Si
CLI-00687,37.0,4452731.51,Bogotá,371497.26,No
CLI-00688,65.0,4912112.85,tunja,825081.1,No
CLI-00689,42.0,6103439.3,Bogotá,653545.76,Si
CLI-00690,39.0,4636782.41,Tunja,255588.5,No
CLI-00691,-5.0,3657080.63,Medellín,487425.28,No
CLI-00692,36.0,6021968.08,Tunja,1561049.13,Si
CLI-00693,66.0,3273426.79,Cali,1327696.7,Si
CLI-00694,53.0,85000000.0,Desconocido,89428.52,No
CLI-00695,29.0,6308934.03,Cali,1650737.87,Si
CLI-00696,58.0,6212779.87,Tunja,65405.56,No
CLI-00697,36.0,3311552.41,Medellín,939492.99,No
CLI-00698,29.0,3901351.72,Medellín,361427.87,TRUE
CLI-00699,26.0,3124608.68,Cali,1063176.11,No
CLI-00700,24.0,4989936.33,Tunja,363482.2,Si
CLI-00701,45.0,7098073.94,Bogotá,5036288.37,Si
CLI-00702,31.0,5554322.7,Bogotá,444803.79,SI
CLI-00703,48.0,6053586.96,Tunja,332423.96,Si
CLI-00704,69.0,5729592.5,Bogotá,391649.75,No
CLI-00705,36.0,4499821.28,Bogotá,2721505.74,No
CLI-00706,,6125010.66,Cali,1213443.32,Si
CLI-00707,33.0,5617545.84,BOGOTA,1574244.28,Si
CLI-00708,-5.0,6659168.57,Medellín,3001397.05,No
CLI-00709,22.0,3810676.59,Bogotá,2914764.57,SI
CLI-00710,,1892832.54,Bogotá,1611632.89,Si
CLI-00711,29.0,6067876.52,,264513.33,1
CLI-00712,42.0,5024654.28,,2224668.17,No
CLI-00713,69.0,4055930.85,BOGOTA,273449.72,
CLI-00714,38.0,4139770.78,Cali,1629942.66,Si
CLI-00715,53.0,8332029.49,Bogotá,1388518.77,Si
CLI-00716,70.0,3536708.02,Cali,1706996.7,SI
CLI-00717,40.0,3220045.04,Bogotá,912903.82,SI
CLI-00718,33.0,4627926.35,Bogotá,1221742.93,Si
CLI-00719,74.0,6270736.32,Medellín,3677329.43,No
CLI-00720,56.0,7917602.98,Tunja,-50000.0,SI
CLI-00721,62.0,5486047.45,Tunja,443273.35,Si
CLI-00722,70.0,2594386.88,Bogotá,-50000.0,No
CLI-00723,59.0,7456296.41,Bogotá,3990889.3,SI
CLI-00724,56.0,4470796.95,TUNJA,120546.34,Si
CLI-00725,31.0,3243435.85,Tunja,27368.81,Si
CLI-00726,48.0,2880911.31,Tunja,68836.67,No
CLI-00727,22.0,5754493.08,Tunja,64594.57,Si
CLI-00728,52.0,4858244.08,Tunja,2860760.59,Si
CLI-00729,40.0,5017613.07,Tunja,1532961.99,0
CLI-00730,,6429754.68,Medellín,1356518.78,No
CLI-00731,60.0,3296768.11,Bogotá,887212.36,SI
CLI-00732,28.0,6549231.94,Cali,1827651.46,SI
CLI-00733,35.0,3721264.02,,203022.96,Si
CLI-00734,64.0,7746011.06,Medellín,596980.41,Si
CLI-00735,29.0,5398108.52,Tunja,808023.47,Si
CLI-00736,26.0,3119642.21,Tunja,140392.84,Si
CLI-00737,27.0,1461872.88,tunja,652666.91,No
CLI-00738,61.0,5713387.08,Bogotá,456637.47,No
CLI-00739,34.0,3938729.59,Cali,43476.74,Si
CLI-00740,55.0,4266651.46,tunja,176440.84,Si
CLI-00741,24.0,5649294.01,BOGOTA,1732895.42,Si
CLI-00742,63.0,6015620.74,BOGOTA,21843.09,No
CLI-00743,30.0,6335565.51,Medellín,3266334.94,Si
CLI-00744,57.0,2737738.04,Bogotá,108467.28,Si
CLI-00745,59.0,6638842.12,Desconocido,1926762.75,No
CLI-00746,26.0,3631432.0,Bogotá,2746614.39,Si
CLI-00747,,1115625.1,Tunja,3399022.23,Si
CLI-00748,44.0,2732339.48,Medellín,2425199.09,No
CLI-00749,19.0,4827037.64,Medellín,406854.72,Si
CLI-00750,22.0,,TUNJA,486115.05,No
CLI-00751,46.0,4367933.3,Medellín,667292.44,Si
CLI-00752,54.0,5007378.73,Bogotá,180006.51,Si
CLI-00753,55.0,4227921.9,Desconocido,27029.08,Si
CLI-00754,-5.0,3758468.49,Cali,2440184.09,1
CLI-00755,25.0,2623955.91,Medellín,969269.96,No
CLI-00756,65.0,4532915.71,Bogotá,1126007.26,
CLI-00757,,1402563.92,Bogotá,3140565.57,No
CLI-00758,18.0,3471002.94,Medellín,1312780.26,No
CLI-00759,39.0,3108323.84,Tunja,1408728.02,Si
CLI-00760,69.0,4140934.72,Bogotá,1855579.12,Si
CLI-00761,34.0,4180005.3,Medellín,148430.96,Si
CLI-00762,24.0,5939935.01,Bogotá,535848.6,Si
CLI-00763,42.0,,Bogotá,4138245.98,Si
CLI-00764,62.0,2823331.74,Tunja,3075650.63,Si
CLI-00765,21.0,7489248.94,Bogotá,2585777.29,Si
CLI-00766,53.0,3331056.6,Cali,721969.82,Si
CLI-00767,23.0,4758790.17,Bogotá,2335513.06,Si
CLI-00768,48.0,5266294.48,Tunja,59527.41,No
CLI-00769,36.0,8166874.13,Medellín,192931.49,SI
CLI-00770,61.0,3686576.49,Desconocido,641256.44,Si
CLI-00771,71.0,1804892.98,Medellín,792565.25,Si
CLI-00772,56.0,6735569.21,Tunja,367026.91,Si
CLI-00773,44.0,3249939.66,Bogotá,528956.4,TRUE
CLI-00774,27.0,3957617.13,tunja,213196.49,Si
CLI-00775,43.0,2823375.52,Tunja,805977.62,No
CLI-00776,36.0,3961944.34,Medellín,1894942.42,Si
CLI-00777,56.0,3239412.7,Bogotá,1299382.61,Si
CLI-00778,20.0,5514662.72,Tunja,136867.52,Si
CLI-00779,62.0,4621187.44,Cali,802336.57,Si
CLI-00780,30.0,3478417.26,Medellín,1435389.63,SI
CLI-00781,67.0,5993807.96,Medellín,905759.8,Si
CLI-00782,45.0,4882495.13,Tunja,596456.38,No
CLI-00783,37.0,1730927.62,Tunja,1167161.65,No
CLI-00784,-5.0,5879554.97,Medellín,4154615.43,No
CLI-00785,25.0,4777301.83,Medellín,119662.3,Si
CLI-00786,58.0,6586098.73,Tunja,593187.18,Si
CLI-00787,56.0,4685876.14,Tunja,626275.72,Si
CLI-00788,18.0,3312435.97,Tunja,1032366.99,Si
CLI-00789,20.0,4193557.0,,198096.68,No
CLI-00790,30.0,5705879.0,Cali,233238.52,Si
CLI-00791,45.0,3343894.41,BOGOTA,403173.96,No
CLI-00792,74.0,3839554.82,Tunja,3744739.72,Si
CLI-00793,66.0,4167467.13,Desconocido,1589600.7,1
CLI-00794,42.0,2775942.58,Tunja,1300562.88,Si
CLI-00795,73.0,3365514.86,Bogotá,2037645.52,Si
CLI-00796,50.0,4758825.29,Cali,163776.33,1
CLI-00797,55.0,6303716.62,Bogotá,2353630.32,Si
CLI-00798,70.0,4975720.48,Bogotá,1084146.29,0
CLI-00799,23.0,4431208.11,Tunja,490155.73,Si
CLI-00800,61.0,3253093.84,Tunja,2030439.81,Si
CLI-00801,62.0,6142740.62,Medellín,1946812.21,No
CLI-00802,49.0,,Medellín,2242694.57,TRUE
CLI-00803,62.0,3439905.35,Cali,147303.6,Si
CLI-00804,64.0,5847972.69,Medellín,4182587.48,1
CLI-00805,38.0,,Medellín,3851487.69,No
CLI-00806,33.0,3279704.48,Tunja,530809.46,SI
CLI-00807,71.0,4347932.62,Tunja,81798.45,Si
CLI-00808,38.0,3760840.91,,219346.16,Si
CLI-00809,28.0,8450306.91,Tunja,5925557.71,TRUE
CLI-00810,54.0,5297617.32,Medellín,993422.04,1
CLI-00811,,4780143.08,Tunja,529227.05,Si
CLI-00812,52.0,5208994.58,Medellín,407954.51,Si
CLI-00813,36.0,6568743.88,Medellín,356457.73,Si
CLI-00814,37.0,4374929.78,Tunja,1309318.66,No
CLI-00815,74.0,3615136.05,Bogotá,652406.72,Si
CLI-00816,35.0,5766424.84,Medellín,4037053.05,Si
CLI-00817,64.0,4237583.15,Bogotá,1381819.74,Si
CLI-00818,58.0,2895157.01,Tunja,1884517.92,No
CLI-00819,66.0,2602970.35,Medellín,415630.94,Si
CLI-00820,31.0,6793944.83,Tunja,98997.19,Si
CLI-00821,32.0,4697466.85,tunja,802901.63,No
CLI-00822,48.0,3615648.92,Bogotá,453270.9,No
CLI-00823,18.0,4148497.63,Tunja,270901.08,Si
CLI-00824,70.0,5711167.08,Medellín,3660026.74,Si
CLI-00825,71.0,4059891.73,Bogotá,704358.95,No
CLI-00826,71.0,2325870.41,Bogotá,230422.48,SI
CLI-00827,20.0,4988761.28,Bogotá,265749.95,No
CLI-00828,33.0,6312521.73,Bogotá,395388.37,1
CLI-00829,40.0,6212196.48,Bogotá,8745533.77,No
CLI-00830,74.0,3661005.09,Tunja,374388.57,No
CLI-00831,28.0,6403758.98,Bogotá,478428.97,Si
CLI-00832,29.0,4819424.96,Bogotá,1292202.62,Si
CLI-00833,27.0,6361721.02,Medellín,417702.4,Si
CLI-00834,49.0,5360530.55,Medellín,291715.93,Si
CLI-00835,33.0,,Bogotá,207278.77,No
CLI-00836,25.0,7120108.41,Cali,449951.02,Si
CLI-00837,55.0,4577675.78,Cali,134346.24,No
CLI-00838,29.0,5365190.74,Medellín,22587.15,Si
CLI-00839,41.0,2483933.06,Medellín,1959503.95,Si
CLI-00840,45.0,5257989.75,Bogotá,178053.77,
CLI-00841,70.0,6154391.6,TUNJA,1795207.06,Si
CLI-00842,25.0,7402980.5,Tunja,1916670.22,Si
CLI-00843,45.0,6600599.69,Bogotá,926419.46,Si
CLI-00844,53.0,5331337.06,Medellín,444723.43,TRUE
CLI-00845,43.0,2183433.97,Tunja,188030.52,Si
CLI-00846,25.0,4698409.19,Tunja,1601832.58,No
CLI-00847,67.0,3611235.65,Medellín,1103717.07,Si
CLI-00848,45.0,4852466.81,Medellín,1278631.31,No
CLI-00849,45.0,2675511.25,Medellín,10448.26,Si
CLI-00850,54.0,4184749.64,Cali,3149284.13,No
CLI-00851,58.0,3724225.37,Tunja,82307.5,SI
CLI-00852,53.0,3677750.47,Tunja,548373.89,No
CLI-00853,44.0,3692645.72,Medellín,618426.34,No
CLI-00854,71.0,4296217.93,Bogotá,1627.73,No
CLI-00855,34.0,4929292.14,Medellín,824811.21,No
CLI-00856,26.0,752259.62,Tunja,1677112.73,Si
CLI-00857,50.0,935350.72,Bogotá,2079749.42,No
CLI-00858,70.0,3991962.99,Bogotá,2538301.28,Si
CLI-00859,,4203346.43,Medellín,802658.06,Si
CLI-00860,30.0,4783666.82,Bogotá,1195167.82,Si
CLI-00861,45.0,3408491.47,Bogotá,99431.63,Si
CLI-00862,65.0,4514197.79,Bogotá,803406.38,Si
CLI-00863,46.0,4689784.81,Tunja,201840.76,No
CLI-00864,30.0,3398162.85,Tunja,553762.97,Si
CLI-00865,63.0,6020183.73,Bogotá,479329.51,Si
CLI-00866,52.0,4765479.47,Bogotá,661020.39,No
CLI-00867,23.0,5320441.64,Bogotá,1017340.1,Si
CLI-00868,35.0,4603268.6,Bogotá,2798128.11,No
CLI-00869,68.0,,Medellín,602010.4,No
CLI-00870,22.0,5394595.6,tunja,4764294.34,0
CLI-00871,64.0,3768010.03,Bogotá,1707689.68,No
CLI-00872,42.0,5731450.33,Tunja,859652.41,Si
CLI-00873,19.0,2043592.62,Tunja,1239478.57,Si
CLI-00874,,4679400.39,Medellín,129401.85,Si
CLI-00875,73.0,4978740.44,Bogotá,2233497.63,1
CLI-00876,47.0,4696531.14,Tunja,1047755.24,Si
CLI-00877,67.0,3999331.69,Medellín,5128235.54,Si
CLI-00878,62.0,2981589.96,Tunja,1214135.97,Si
CLI-00879,22.0,3315979.48,Medellín,2155727.89,SI
CLI-00880,72.0,4653112.37,Bogotá,1929902.8,Si
CLI-00881,73.0,2829721.15,Medellín,508589.21,
CLI-00882,50.0,7155251.42,Tunja,360694.86,Si
CLI-00883,71.0,538653.48,tunja,675582.27,Si
CLI-00884,18.0,4014843.2,Medellín,755624.11,Si
CLI-00885,35.0,4665584.46,Tunja,329457.96,SI
CLI-00886,49.0,5261131.39,Tunja,2699966.96,SI
CLI-00887,64.0,3126112.91,Bogotá,938499.62,Si
CLI-00888,66.0,,Cali,4604543.13,Si
CLI-00889,28.0,2409253.43,Cali,1992989.74,No
CLI-00890,38.0,3650807.12,Bogotá,973519.45,Si
CLI-00891,43.0,,tunja,3525868.34,Si
CLI-00892,999.0,,Tunja,843533.58,Si
CLI-00893,39.0,2393998.06,Tunja,2617572.59,Si
CLI-00894,44.0,8467555.19,TUNJA,532071.02,Si
CLI-00895,,3153762.66,Cali,571018.19,Si
CLI-00896,30.0,2531726.28,Bogotá,649811.28,Si
CLI-00897,50.0,5254072.34,Cali,949244.53,SI
CLI-00898,51.0,3977559.82,BOGOTA,967552.91,Si
CLI-00899,58.0,3755921.53,Cali,823165.0,No
CLI-00900,52.0,,Cali,438341.67,Si
CLI-00901,18.0,2209056.46,Cali,3144153.76,No
CLI-00902,38.0,1946798.4,Tunja,1065786.61,Si
CLI-00903,65.0,3603864.95,Cali,-50000.0,No
CLI-00904,72.0,,Tunja,1263828.64,Si
CLI-00905,23.0,3668917.06,TUNJA,1753049.56,TRUE
CLI-00906,45.0,,Bogotá,3884694.87,Si
CLI-00907,34.0,6301522.14,Medellín,830695.09,Si
CLI-00908,22.0,4924419.28,Bogotá,142673.37,0
CLI-00909,48.0,5009585.79,Tunja,697424.32,No
CLI-00910,22.0,4923003.94,Bogotá,782338.48,Si
CLI-00911,55.0,4739576.59,,2727562.56,1
CLI-00912,20.0,3950637.45,Desconocido,602637.08,Si
CLI-00913,70.0,4124718.25,Bogotá,3677437.01,Si
CLI-00914,40.0,2895059.77,,796613.45,
CLI-00915,54.0,1184935.82,Cali,4369502.29,Si
CLI-00916,,6156105.91,Medellín,9878.53,SI
CLI-00917,54.0,4735887.66,Tunja,2748970.15,Si
CLI-00918,27.0,4509317.03,TUNJA,3210475.18,No
CLI-00919,27.0,5097673.68,Medellín,3893676.71,No
CLI-00920,36.0,3257403.82,tunja,15795.34,
CLI-00921,34.0,2998406.68,Cali,226057.06,No
CLI-00922,38.0,4074472.96,Cali,1272763.33,Si
CLI-00923,31.0,6552147.72,Medellín,30963.29,No
CLI-00924,26.0,2746888.46,Bogotá,78866.58,Si
CLI-00925,63.0,559401.96,Bogotá,299814.59,No
CLI-00926,18.0,3717898.36,Bogotá,862009.73,SI
CLI-00927,68.0,6214049.87,Tunja,947332.17,Si
CLI-00928,62.0,1901183.96,Medellín,41834.15,No
CLI-00929,30.0,2729574.59,Medellín,224126.58,Si
CLI-00930,21.0,4895320.11,tunja,831070.44,Si
CLI-00931,18.0,8354860.55,Tunja,1081507.05,Si
CLI-00932,66.0,2462682.5,Bogotá,192768.41,No
CLI-00933,57.0,85000000.0,Tunja,610675.81,Si
CLI-00934,49.0,5008047.55,Tunja,2817116.98,No
CLI-00935,51.0,6307011.66,Tunja,8174156.6,Si
CLI-00936,45.0,3563851.93,Medellín,5231328.04,No
CLI-00937,48.0,2067908.77,Tunja,2561179.28,Si
CLI-00938,25.0,5150623.83,Medellín,602358.17,SI
CLI-00939,,5422262.1,Tunja,1392231.51,Si
CLI-00940,43.0,7167982.69,tunja,646642.68,No
CLI-00941,51.0,5485420.67,Cali,1254746.95,Si
CLI-00942,-5.0,5742099.11,BOGOTA,444289.82,No
CLI-00943,71.0,4106782.28,tunja,1118301.4,Si
CLI-00944,20.0,8162256.51,BOGOTA,890196.23,No
CLI-00945,67.0,3902786.98,tunja,29741.87,Si
CLI-00946,,3582116.82,Medellín,1876800.63,No
CLI-00947,18.0,7214272.38,Tunja,14363.01,Si
CLI-00948,71.0,2288644.08,Bogotá,416334.25,Si
CLI-00949,61.0,1728887.42,Tunja,7130.02,Si
CLI-00950,999.0,4679335.39,Medellín,566313.29,Si
CLI-00951,47.0,4497395.22,Bogotá,78292.0,Si
CLI-00952,47.0,4158168.03,tunja,2937285.19,1
CLI-00953,74.0,5990894.64,BOGOTA,644766.35,0
CLI-00954,34.0,3137690.73,Bogotá,738303.39,No
CLI-00955,65.0,4596250.69,Bogotá,516663.04,Si
CLI-00956,64.0,3959841.07,Desconocido,1185041.72,Si
CLI-00957,40.0,,Bogotá,1841241.7,No
CLI-00958,32.0,4407239.87,Cali,1253449.29,Si
CLI-00959,54.0,5778893.7,Tunja,1654978.11,1
CLI-00960,,7680852.18,Medellín,2837016.43,Si
CLI-00961,31.0,5369128.47,Bogotá,2390125.94,
CLI-00962,19.0,733747.5,tunja,1345244.66,Si
CLI-00963,28.0,4442789.87,Medellín,289932.57,No
CLI-00964,68.0,4574704.19,Tunja,1218348.66,Si
CLI-00965,56.0,5904313.51,Tunja,846465.58,TRUE
CLI-00966,55.0,,Bogotá,1515700.02,Si
CLI-00967,51.0,6379633.38,Desconocido,2147222.71,No
CLI-00968,55.0,5087505.92,Cali,1629115.33,SI
CLI-00969,67.0,6838197.1,Bogotá,2249343.95,Si
CLI-00970,51.0,3841881.12,Bogotá,79196.46,Si
CLI-00971,35.0,4716515.2,Bogotá,38556.9,Si
CLI-00972,47.0,5739962.3,Medellín,358897.06,Si
CLI-00973,32.0,3641708.89,Cali,2771121.86,Si
CLI-00974,44.0,3314980.8,Bogotá,2082404.5,Si
CLI-00975,68.0,3555971.85,Medellín,1377592.34,Si
CLI-00976,51.0,3376176.57,Medellín,1447805.88,No
CLI-00977,-5.0,5283842.88,BOGOTA,1556492.57,No
CLI-00978,74.0,1747787.96,BOGOTA,3429309.63,Si
CLI-00979,55.0,2166044.96,Cali,2141915.71,TRUE
CLI-00980,50.0,7294119.74,Medellín,1171855.36,SI
CLI-00981,41.0,3412354.92,Bogotá,1314915.19,No
CLI-00982,32.0,4800022.28,Cali,288561.7,Si
CLI-00983,47.0,2266280.37,Bogotá,1285145.74,Si
CLI-00984,72.0,4641186.4,Bogotá,663392.59,No
CLI-00985,,3421490.0,Bogotá,199211.48,No
CLI-00986,68.0,2155365.75,Cali,1970370.8,Si
CLI-00987,34.0,6505380.66,Tunja,856625.16,No
CLI-00988,22.0,6273848.59,Bogotá,4549096.83,Si
CLI-00989,46.0,4338967.81,Bogotá,397007.07,Si
CLI-00990,21.0,5999128.55,Tunja,786259.17,No
CLI-00991,27.0,7354939.03,Tunja,713038.8,No
CLI-00992,73.0,5631113.9,Cali,154463.5,Si
CLI-00993,34.0,5219519.61,Cali,666392.08,No
CLI-00994,27.0,4798424.54,Bogotá,406860.48,1
CLI-00995,34.0,5474246.05,tunja,209681.97,No
CLI-00996,37.0,3954120.91,Cali,397802.91,No
CLI-00997,41.0,4085046.2,Bogotá,318716.02,Si
CLI-00998,22.0,5176337.06,Medellín,1589442.53,Si
CLI-00999,51.0,,Desconocido,37510.42,Si
CLI-01000,23.0,3951300.49,Bogotá,1153115.09,No
CLI-01001,70.0,4500280.0,Tunja,1715850.9,No
CLI-01002,19.0,6225911.33,BOGOTA,786382.44,Si
CLI-01003,30.0,2801004.37,Medellín,3218244.72,Si
CLI-01004,999.0,5638767.75,Tunja,1476711.58,Si
CLI-01005,60.0,5687694.62,Medellín,1653627.92,Si
CLI-01006,65.0,5678718.01,Bogotá,263181.29,1
CLI-01007,28.0,3289880.43,tunja,1802291.81,No
CLI-01008,68.0,1960977.58,Bogotá,2141226.44,Si
CLI-01009,64.0,5339550.71,Bogotá,537921.35,No
CLI-01010,74.0,4781308.18,Medellín,287986.16,No
CLI-01011,40.0,6006564.95,Bogotá,583458.5,No
CLI-01012,72.0,3449194.76,Tunja,1614680.37,Si
CLI-01013,33.0,5640177.56,Medellín,648797.71,Si
CLI-01014,48.0,,Cali,1601134.14,Si
CLI-01015,28.0,4357035.42,Tunja,144656.35,SI
CLI-01016,71.0,5125394.25,Medellín,1967948.98,No
CLI-01017,33.0,5072949.69,Bogotá,350361.46,No
CLI-01018,25.0,3267795.71,Bogotá,343506.09,Si
CLI-01019,21.0,5296644.9,Bogotá,1071033.28,Si
CLI-01020,57.0,6933747.51,Bogotá,87237.16,Si
CLI-01021,21.0,4533305.9,Cali,31979.64,0
CLI-01022,73.0,2308612.59,Bogotá,362995.38,Si
CLI-01023,42.0,3469160.2,Medellín,926803.93,Si
CLI-01024,20.0,1830855.83,Tunja,2858166.79,0
CLI-01025,49.0,6435391.69,BOGOTA,2248359.0,No
CLI-01026,20.0,5646157.94,Medellín,809064.42,No
CLI-01027,44.0,3747946.09,Medellín,45307.03,Si
CLI-01028,46.0,2372910.12,Bogotá,919513.84,No
CLI-01029,49.0,3250057.56,Bogotá,1464104.74,Si
CLI-01030,-5.0,3542584.55,Tunja,497100.46,No
CLI-01031,68.0,4664111.4,BOGOTA,141275.1,Si
CLI-01032,36.0,4613639.01,Bogotá,391820.51,Si
CLI-01033,38.0,6512147.96,Medellín,1771929.66,No
CLI-01034,22.0,3460867.71,Medellín,519238.0,No
CLI-01035,35.0,2237718.22,Bogotá,2005457.84,No
CLI-01036,45.0,2764532.29,Medellín,461950.78,Si
CLI-01037,59.0,4465462.72,Medellín,214313.47,Si
CLI-01038,39.0,3406982.9,Medellín,686918.64,No
CLI-01039,38.0,4061987.18,Bogotá,722377.26,No
CLI-01040,23.0,3818949.63,Bogotá,19487.24,0
CLI-01041,18.0,5985357.68,Tunja,149377.35,No
CLI-01042,22.0,3619551.47,Cali,245371.67,Si
CLI-01043,58.0,3933986.88,Medellín,144687.19,SI
CLI-01044,29.0,5575925.37,Bogotá,501396.43,Si
CLI-01045,43.0,3652527.13,BOGOTA,4010027.17,Si
CLI-01046,63.0,5134818.56,Tunja,854117.39,Si
CLI-01047,51.0,4997227.89,tunja,1185202.38,Si
CLI-01048,,4712648.79,,528788.23,No
CLI-01049,31.0,2798405.43,tunja,468965.69,No
CLI-01050,43.0,6344661.34,Cali,28102.64,No
CLI-01051,62.0,7831025.69,Bogotá,832577.66,Si
CLI-01052,44.0,4513242.21,Tunja,793069.27,Si
CLI-01053,26.0,2930467.69,Medellín,206129.1,Si
CLI-01054,43.0,4543654.06,Bogotá,1734356.76,No
CLI-01055,74.0,5984790.21,Tunja,814322.56,Si
CLI-01056,64.0,,Cali,496790.78,SI
CLI-01057,74.0,4306651.22,Bogotá,190666.74,Si
CLI-01058,39.0,5010981.2,TUNJA,963985.32,Si
CLI-01059,64.0,6304571.78,Cali,1677151.72,No
CLI-01060,73.0,5663135.6,Cali,397541.77,SI
CLI-01061,47.0,5725301.95,Cali,296300.22,Si
CLI-01062,60.0,3860597.16,tunja,885610.2,No
CLI-01063,65.0,,Cali,202590.01,
CLI-01064,34.0,3417055.01,Medellín,1318142.95,
CLI-01065,43.0,5768289.15,Bogotá,1115687.8,No
CLI-01066,53.0,6226829.46,tunja,109331.12,No
CLI-01067,18.0,5330045.35,Cali,44644.73,Si
CLI-01068,25.0,3948884.12,Bogotá,1162012.71,SI
CLI-01069,66.0,4194409.31,Tunja,418267.49,Si
CLI-01070,52.0,7209774.32,Medellín,108495.03,0
CLI-01071,69.0,3973934.33,Tunja,1709686.55,Si
CLI-01072,32.0,6074991.25,BOGOTA,452330.16,Si
CLI-01073,64.0,5008337.4,Desconocido,738533.81,No
CLI-01074,73.0,3998795.33,Tunja,324302.52,Si
CLI-01075,39.0,2483026.46,Medellín,1184432.76,Si
CLI-01076,31.0,4817400.57,Tunja,430564.22,No
CLI-01077,43.0,4636651.3,Medellín,4131209.56,No
CLI-01078,45.0,7209802.01,Bogotá,1456615.86,No
CLI-01079,40.0,3209710.96,Medellín,176422.59,Si
CLI-01080,31.0,7942152.89,Bogotá,646853.76,No
CLI-01081,41.0,5068215.79,Tunja,584181.55,Si
CLI-01082,19.0,5066743.83,Bogotá,916920.08,Si
CLI-01083,,,Tunja,2213665.89,No
CLI-01084,43.0,4972059.46,Medellín,1050817.92,SI
CLI-01085,31.0,5209576.39,Tunja,76239.38,Si
CLI-01086,73.0,5905990.94,Bogotá,1278499.81,No
CLI-01087,68.0,3032516.69,tunja,9959.57,Si
CLI-01088,24.0,6610171.28,Cali,1816737.63,Si
CLI-01089,20.0,5042123.29,tunja,1318224.61,Si
CLI-01090,64.0,5412343.34,BOGOTA,443166.38,0
CLI-01091,40.0,4168586.61,Tunja,415122.48,SI
CLI-01092,63.0,3107786.04,Tunja,1921007.96,No
CLI-01093,60.0,4609086.94,Medellín,1835292.85,No
CLI-01094,64.0,4780943.32,TUNJA,521197.55,No
CLI-01095,62.0,2421857.6,Desconocido,426207.39,Si
CLI-01096,,5689928.11,Tunja,984698.91,Si
CLI-01097,55.0,5994786.95,Bogotá,10081.02,Si
CLI-01098,52.0,3405503.06,Tunja,103541.73,No
CLI-01099,68.0,2966121.97,Cali,161842.75,1
CLI-01100,32.0,4045557.93,Medellín,246087.11,Si
CLI-01101,42.0,4535842.65,Tunja,860972.42,Si
CLI-01102,72.0,4103743.49,Bogotá,5830823.68,Si
CLI-01103,54.0,4408623.25,Medellín,-50000.0,SI
CLI-01104,45.0,4832216.55,Cali,75909.67,Si
CLI-01105,27.0,2447596.59,Tunja,894793.15,Si
CLI-01106,56.0,2620056.56,TUNJA,823752.02,No
CLI-01107,74.0,416583.39,Medellín,186817.16,No
CLI-01108,34.0,5913817.84,Cali,3034966.88,Si
CLI-01109,56.0,4522840.53,Cali,697423.13,Si
CLI-01110,39.0,6071776.7,Tunja,6256581.91,No
CLI-01111,43.0,,Tunja,653822.2,Si
CLI-01112,61.0,4536611.01,Medellín,1123662.65,0
CLI-01113,42.0,4822239.76,Tunja,132799.53,No
CLI-01114,34.0,3657326.26,Cali,726664.38,Si
CLI-01115,30.0,2169858.3,Medellín,327377.21,Si
CLI-01116,37.0,7118807.0,Cali,2166286.44,Si
CLI-01117,42.0,6598925.01,Bogotá,1838525.58,Si
CLI-01118,21.0,3927101.59,Bogotá,2085953.44,1
CLI-01119,27.0,5265341.47,Medellín,1543128.4,SI
CLI-01120,20.0,3772813.99,Tunja,2145439.68,Si
CLI-01121,58.0,3006894.6,Medellín,269016.03,Si
CLI-01122,62.0,7240892.26,Cali,721871.86,Si
CLI-01123,35.0,2016946.68,Bogotá,1412590.17,Si
CLI-01124,,4071744.45,Cali,1217321.15,No
CLI-01125,53.0,4626485.74,Tunja,1512036.0,Si
CLI-01126,64.0,6976854.87,Bogotá,304722.94,0
CLI-01127,39.0,5844882.98,Desconocido,124347.38,Si
CLI-01128,51.0,1991625.34,,2983904.4,No
CLI-01129,64.0,4495874.64,Bogotá,985645.56,SI
CLI-01130,25.0,,BOGOTA,200436.21,Si
CLI-01131,57.0,4157492.5,Bogotá,1892577.37,Si
CLI-01132,,5429713.66,Bogotá,2957136.1,Si
CLI-01133,61.0,2386339.61,Bogotá,222964.6,Si
CLI-01134,36.0,3887046.13,BOGOTA,2040630.63,0
CLI-01135,59.0,5218228.12,Tunja,3247712.93,TRUE
CLI-01136,58.0,5519363.53,Medellín,3343764.28,1
CLI-01137,54.0,4724129.21,Medellín,2946274.75,SI
CLI-01138,23.0,4067411.7,Medellín,948703.02,Si
CLI-01139,69.0,4320088.09,Bogotá,528461.69,TRUE
CLI-01140,43.0,5610610.68,Bogotá,8759.26,
CLI-01141,51.0,4550851.18,Tunja,75415.59,Si
CLI-01142,73.0,2937228.68,Medellín,672101.01,Si
CLI-01143,62.0,2649753.62,Medellín,611643.8,No
CLI-01144,23.0,2265543.87,Medellín,245059.44,Si
CLI-01145,54.0,6683371.23,Medellín,603984.68,Si
CLI-01146,74.0,5711192.75,Tunja,230337.38,1
CLI-01147,50.0,4340268.18,tunja,2266912.76,1
CLI-01148,70.0,,Medellín,424919.42,Si
CLI-01149,39.0,3639104.99,Tunja,1095249.64,Si
CLI-01150,38.0,6139855.66,Bogotá,838619.44,SI
CLI-01151,23.0,7356650.26,Cali,63931.67,No
CLI-01152,23.0,3591910.61,TUNJA,3421620.07,Si
CLI-01153,72.0,6207623.28,Bogotá,898965.31,No
CLI-01154,65.0,4542019.37,Medellín,471753.59,TRUE
CLI-01155,21.0,4181356.61,Tunja,206550.72,1
CLI-01156,47.0,6756321.42,Tunja,495942.67,Si
CLI-01157,28.0,4484751.42,Medellín,24869.87,Si
CLI-01158,47.0,4944546.66,Medellín,542234.68,TRUE
CLI-01159,48.0,4872410.9,Cali,909826.97,Si
CLI-01160,41.0,2061600.95,Bogotá,2465616.73,No
CLI-01161,72.0,4932616.72,Tunja,1395298.83,Si
CLI-01162,26.0,3655961.96,Bogotá,141975.93,Si
CLI-01163,72.0,2368270.29,Tunja,191845.27,Si
CLI-01164,20.0,3724294.38,Tunja,670598.39,Si
CLI-01165,68.0,3711916.7,Bogotá,261351.1,1
CLI-01166,48.0,6044823.81,Bogotá,33893.92,Si
CLI-01167,57.0,2904315.58,Bogotá,1961798.44,TRUE
CLI-01168,54.0,3315228.84,Medellín,23658.78,TRUE
CLI-01169,53.0,4853082.39,Tunja,2131225.91,Si
CLI-01170,41.0,2511309.34,Tunja,186727.63,No
CLI-01171,48.0,3511489.86,Medellín,4411317.5,Si
CLI-01172,-5.0,2003284.9,Tunja,1111227.26,No
CLI-01173,19.0,5880017.19,Medellín,1593553.44,No
CLI-01174,,4047955.32,Tunja,140492.84,Si
CLI-01175,45.0,4476123.23,Bogotá,2377507.24,Si
CLI-01176,28.0,5874015.48,Tunja,2193055.57,No
CLI-01177,21.0,3416596.67,Tunja,1270091.46,TRUE
CLI-01178,32.0,4032019.49,Medellín,837248.75,Si
CLI-01179,23.0,2915508.0,BOGOTA,1533958.01,No
CLI-01180,999.0,2912244.42,Tunja,7135.03,Si
CLI-01181,66.0,3119125.66,Bogotá,1077082.77,SI
CLI-01182,47.0,3761264.41,Medellín,2255970.44,Si
CLI-01183,73.0,3922806.7,Bogotá,529745.84,No
CLI-01184,55.0,,Cali,137536.31,Si
CLI-01185,68.0,3163174.58,Tunja,655488.98,No
CLI-01186,74.0,4979449.01,BOGOTA,1558399.39,SI
CLI-01187,19.0,5227501.94,Bogotá,136207.27,No
CLI-01188,32.0,3798266.73,Bogotá,276879.57,No
CLI-01189,-5.0,3292913.14,tunja,191571.47,No
CLI-01190,25.0,4627618.55,Medellín,1913150.37,TRUE
CLI-01191,43.0,4195623.81,Bogotá,77948.89,No
CLI-01192,68.0,4830527.74,Medellín,1392278.26,TRUE
CLI-01193,62.0,6854799.65,Medellín,547712.74,No
CLI-01194,61.0,4602955.57,Tunja,1691678.23,No
CLI-01195,22.0,3541154.16,Medellín,4001932.78,Si
CLI-01196,23.0,3163665.58,Tunja,145984.78,No
CLI-01197,43.0,3221697.55,Cali,452926.91,Si
CLI-01198,71.0,2305850.54,,1993669.88,SI
CLI-01199,21.0,5899115.41,Bogotá,371354.47,No
CLI-01200,36.0,1150081.77,Bogotá,290670.24,
CLI-01179,23.0,2915508.0,BOGOTA,1533958.01,No
CLI-00866,52.0,4765479.47,Bogotá,661020.39,No
CLI-00102,70.0,3670211.72,Tunja,40669.28,Si
CLI-00440,67.0,3554570.33,tunja,889649.82,SI
CLI-00059,70.0,6066770.98,Bogotá,576025.88,Si
CLI-01121,58.0,3006894.6,Medellín,269016.03,Si
CLI-00324,22.0,3028519.2,Bogotá,330711.43,Si
CLI-00975,68.0,3555971.85,Medellín,1377592.34,Si
CLI-00412,70.0,3222944.32,Bogotá,161877.77,Si
CLI-00856,26.0,752259.62,Tunja,1677112.73,Si
CLI-00821,32.0,4697466.85,tunja,802901.63,No
CLI-00045,20.0,6162506.53,Tunja,367187.06,SI
CLI-00050,26.0,,TUNJA,190646.0,Si
CLI-00850,54.0,4184749.64,Cali,3149284.13,No
CLI-00241,66.0,5070572.17,BOGOTA,2191405.69,TRUE
CLI-00171,66.0,1905153.25,Medellín,710377.38,Si
CLI-00524,73.0,6006889.36,Bogotá,77730.64,Si
CLI-00766,53.0,3331056.6,Cali,721969.82,Si
CLI-00839,41.0,2483933.06,Medellín,1959503.95,Si
CLI-00424,50.0,7435761.8,Tunja,1159044.43,No
CLI-00381,72.0,4765828.18,Bogotá,365069.67,Si
CLI-00610,29.0,5875972.74,Bogotá,513302.49,No
CLI-00677,66.0,5412611.63,Bogotá,2861500.45,Si
CLI-00345,53.0,,Bogotá,559414.94,Si
CLI-00110,62.0,5323973.47,Bogotá,1015534.46,TRUE
